Periodo,Exportaciones_totales_Mensual,Exportaciones_totales_Anual,Importaciones_totales_Mensual,Importaciones_totales_Anual,Saldo_total_MDD,Saldo_petrolero_MDD,Saldo_no_petrolero_MDD,Export_petroleras_Mensual,Export_petroleras_Anual,Export_no_petroleras_Mensual,Export_no_petroleras_Anual,Export_agropecuarias_Anual,Export_extractivas_Anual,Export_manufacturas_Anual,Export_automotriz_Mensual,Export_automotriz_Anual,Export_resto_manuf_Anual,Import_consumo_Mensual,Import_consumo_Anual,Import_intermedios_Mensual,Import_intermedios_Anual,Import_capital_Mensual,Import_capital_Anual
ene-93,,,,,-1160.91,468.58,-1629.49,,,,,,,,,,,,,,,,
feb-93,2.52,,5.35,,-1333.68,437.32,-1771.0,2.0,,2.62,,,,,16.59,,,3.54,,5.94,,4.17,
mar-93,0.63,,-0.76,,-1267.9,534.86,-1802.76,7.86,,-0.8,,,,,-3.75,,,1.94,,-0.62,,-3.17,
abr-93,4.41,,3.48,,-1274.56,471.21,-1745.76,-6.68,,6.81,,,,,7.04,,,2.22,,4.33,,0.77,
may-93,-1.06,,-0.89,,-1270.1,461.31,-1731.4,-3.83,,-0.53,,,,,-0.98,,,-2.21,,-1.59,,3.17,
jun-93,6.3,,1.89,,-1110.36,434.59,-1544.95,-0.24,,7.5,,,,,18.23,,,4.9,,1.97,,-0.52,
jul-93,-0.8,,5.04,,-1424.85,454.27,-1879.13,0.14,,-0.96,,,,,-10.41,,,7.23,,5.71,,0.54,
ago-93,-4.92,,-10.41,,-1035.41,476.28,-1511.69,0.1,,-5.78,,,,,-6.51,,,-6.79,,-13.11,,-0.98,
sep-93,5.99,,6.34,,-1115.59,406.75,-1522.33,-5.18,,8.02,,,,,15.04,,,-2.36,,9.13,,1.59,
oct-93,8.19,,0.76,,-795.14,461.52,-1256.66,3.83,,8.89,,,,,5.95,,,-0.14,,0.57,,2.19,
nov-93,-6.47,,-5.26,,-811.17,440.11,-1251.28,-3.2,,-6.97,,,,,-2.51,,,-0.95,,-5.72,,-6.28,
dic-93,7.11,,8.22,,-927.43,412.38,-1339.81,-10.18,,9.86,,,,,-1.23,,,1.15,,9.53,,7.83,
ene-94,-4.4,17.37,6.06,19.78,-1485.0,383.92,-1868.93,1.65,-14.09,-5.18,23.66,-12.81,61.05,26.24,6.01,46.53,20.37,10.63,19.55,5.85,21.45,3.83,13.13
feb-94,3.53,18.53,5.49,19.95,-1656.39,379.38,-2035.78,-1.06,-16.67,4.17,25.53,22.73,-8.97,26.06,-7.36,16.43,29.32,-0.3,15.12,6.82,22.46,3.88,12.82
mar-94,0.52,18.39,-3.08,17.14,-1434.88,350.24,-1785.12,-0.61,-23.22,0.66,27.39,16.32,51.26,28.01,14.32,38.29,24.67,3.44,16.81,-5.4,16.56,2.85,19.84
abr-94,-0.14,13.22,3.83,17.53,-1679.17,404.65,-2083.82,10.03,-9.46,-1.47,17.51,-0.96,-10.21,19.06,-4.39,23.52,17.61,5.08,20.08,4.1,16.31,1.82,21.08
may-94,3.13,18.01,1.14,19.94,-1603.81,440.77,-2044.58,5.3,-0.87,2.81,21.46,-1.7,40.31,22.91,7.7,34.35,19.23,9.68,34.69,1.19,19.59,-5.25,11.21
jun-94,3.82,15.25,2.98,21.23,-1610.78,438.9,-2049.68,3.23,2.58,3.9,17.4,5.45,42.12,17.95,0.1,13.76,19.46,-5.62,21.18,3.93,21.89,5.93,18.42
jul-94,-0.48,15.62,1.03,16.61,-1704.77,518.91,-2223.68,6.05,8.63,-1.45,16.82,-2.07,-2.42,18.16,-3.8,22.15,16.89,-1.08,11.79,0.09,15.41,6.81,25.8
ago-94,-0.54,20.95,-1.25,28.53,-1647.06,450.26,-2097.32,-4.2,3.96,0.05,24.05,-9.79,40.42,26.29,2.74,34.25,23.77,0.36,20.36,-1.97,30.21,0.63,27.84
sep-94,-0.65,13.38,-1.48,19.09,-1580.77,392.98,-1973.75,-9.07,-0.3,0.64,15.57,-3.46,0.03,16.86,-3.9,12.14,18.47,-2.27,20.47,-0.63,18.57,-4.38,20.33
oct-94,6.76,11.88,5.73,24.96,-1619.84,401.77,-2021.61,5.0,0.82,7.0,13.56,5.39,20.29,14.16,-1.35,4.42,17.43,4.36,25.89,5.58,24.48,7.33,26.38
nov-94,10.05,31.64,1.37,33.71,-1177.46,543.94,-1721.4,15.62,20.43,9.29,33.41,27.25,47.12,33.72,40.92,50.93,27.65,2.54,30.33,-0.07,31.94,6.54,43.66
dic-94,-5.48,16.15,-1.52,21.67,-1392.81,462.19,-1855.0,-4.85,27.58,-5.57,14.67,39.27,29.94,13.0,-22.2,18.89,11.2,-2.31,25.87,0.37,20.91,-8.38,22.06
ene-95,12.88,37.14,-7.53,6.08,-151.42,446.57,-597.99,-5.45,18.66,15.52,39.71,90.52,-16.91,37.57,37.2,53.87,31.82,-29.27,-19.52,1.01,15.38,-28.65,-16.13
feb-95,0.58,33.23,-7.37,-6.85,359.31,548.31,-189.01,15.29,38.27,-1.16,32.56,64.18,48.7,30.23,-8.55,51.9,23.61,-12.44,-29.32,-6.03,1.5,-11.93,-28.89
mar-95,0.06,32.62,2.64,-1.36,205.47,451.17,-245.69,-5.11,32.02,0.77,32.7,65.08,58.06,30.4,-8.4,21.71,33.53,-12.88,-40.47,3.43,10.98,8.28,-25.14
abr-95,-1.68,30.58,-9.44,-13.97,677.43,486.58,190.85,-1.81,17.81,-1.66,32.44,45.56,54.38,31.53,0.65,28.13,32.69,-5.18,-46.28,-7.7,-1.6,-22.54,-43.04
may-95,5.81,33.98,4.05,-11.5,814.35,526.42,287.93,9.48,22.49,5.33,35.69,51.17,92.76,34.45,14.68,36.43,33.73,1.38,-50.35,3.4,0.55,10.63,-33.5
jun-95,-0.51,28.39,1.48,-12.79,695.36,529.89,165.47,-4.4,13.44,0.01,30.6,77.03,45.57,28.04,-8.35,24.91,29.11,-3.46,-49.21,1.3,-2.0,5.8,-33.58
jul-95,-1.68,26.85,-1.95,-15.37,699.97,503.89,196.08,-1.86,4.98,-1.65,30.33,70.82,87.65,27.85,0.61,30.64,26.92,-6.42,-51.95,-1.85,-3.9,-0.07,-37.86
ago-95,7.99,37.72,7.48,-7.89,784.93,585.69,199.24,9.05,19.5,7.85,40.5,94.14,41.02,37.83,6.02,34.8,38.87,22.12,-41.53,7.32,5.21,0.68,-37.83
sep-95,1.17,40.24,0.84,-5.72,814.48,498.33,316.16,-11.12,16.8,2.77,43.47,83.83,57.37,41.33,5.16,47.51,39.33,-6.79,-44.24,1.9,7.89,-1.49,-35.95
oct-95,-4.3,25.71,-3.0,-13.5,698.14,378.36,319.78,-19.18,-10.1,-2.63,30.55,11.7,31.91,31.9,5.84,58.25,24.03,-5.33,-49.41,-2.97,-0.85,-1.74,-41.36
nov-95,2.06,16.58,2.65,-12.41,676.94,449.55,227.39,13.76,-11.55,0.97,20.6,15.25,26.56,20.89,-1.72,10.36,25.28,-1.7,-51.5,3.3,2.49,0.62,-44.62
dic-95,4.96,29.46,4.56,-7.0,735.61,589.86,145.75,21.0,12.49,3.28,31.91,-0.05,-3.1,34.71,0.62,42.74,32.09,13.97,-43.42,3.66,5.85,5.6,-36.17
ene-96,3.23,18.39,1.2,1.77,890.74,581.78,308.96,4.66,24.52,3.05,17.67,-22.78,6.89,20.85,23.88,28.87,17.56,4.6,-16.34,0.64,5.46,3.02,-7.83
feb-96,-0.66,16.94,5.07,15.44,509.63,672.02,-162.39,6.34,14.86,-1.53,17.22,-28.64,1.42,21.42,-7.58,30.23,18.11,5.55,0.85,5.52,18.41,1.67,6.4
mar-96,1.31,18.4,0.06,12.54,601.91,728.47,-126.56,5.77,28.03,0.7,17.15,-21.8,-33.85,20.83,-3.0,37.9,15.24,0.18,15.96,-0.4,14.03,3.27,1.48
abr-96,3.55,24.69,4.09,29.36,585.78,745.21,-159.43,5.43,37.48,3.28,23.03,1.59,-16.11,24.74,9.0,49.34,16.61,0.64,23.07,4.18,28.71,5.66,38.41
may-96,1.54,19.66,3.95,29.24,421.65,660.72,-239.07,-8.09,15.41,2.93,20.23,16.49,-29.22,20.96,-2.52,26.93,18.75,3.24,25.33,4.59,30.2,0.04,25.16
jun-96,-2.33,17.47,-5.67,20.15,660.19,779.22,-119.03,11.67,34.81,-4.14,15.24,-11.57,-22.58,17.52,-2.97,34.37,11.91,-10.56,16.12,-6.3,20.43,1.93,20.58
jul-96,2.57,22.55,6.07,29.97,431.49,645.55,-214.07,-11.62,21.4,4.71,22.69,2.68,-40.85,24.69,8.05,44.31,17.97,5.8,31.28,6.7,30.93,2.04,23.12
ago-96,2.15,15.93,2.61,24.08,406.81,646.27,-239.46,5.48,17.42,1.73,15.73,-10.82,-10.07,17.78,-0.58,35.33,11.93,19.83,28.82,1.08,23.31,3.28,26.31
sep-96,3.86,19.0,1.75,25.2,583.87,802.2,-218.33,12.21,48.25,2.76,15.72,-7.67,-17.42,17.5,-1.13,27.24,14.16,-1.71,35.84,1.46,22.77,5.98,35.89
oct-96,0.34,24.77,4.14,34.41,289.82,856.72,-566.9,6.98,96.24,-0.62,18.11,-0.04,-15.72,19.46,-4.13,15.26,21.05,1.87,46.17,4.18,31.82,5.27,45.59
nov-96,1.98,24.68,-0.22,30.65,474.08,803.08,-329.0,-3.68,66.15,2.86,20.32,-2.47,-23.96,22.06,2.82,20.58,22.6,-1.11,47.04,-0.65,26.78,3.04,49.09
dic-96,-0.17,18.58,-5.27,18.38,885.11,818.08,67.03,8.41,48.85,-1.42,14.85,-4.17,9.91,15.99,6.86,28.06,11.73,5.49,36.1,-7.33,13.34,1.25,42.94
ene-97,4.38,19.9,6.79,24.92,739.38,781.42,-42.04,-7.85,31.06,6.33,18.51,14.22,-2.84,18.86,2.49,5.95,24.68,-15.0,10.6,10.52,24.47,-1.19,37.1
feb-97,-3.23,16.8,1.28,20.41,346.81,721.59,-374.77,-4.83,17.28,-3.0,16.74,8.33,14.2,17.19,-11.01,2.03,23.46,0.52,5.33,1.17,19.35,2.31,37.97
mar-97,2.36,18.02,3.54,24.6,257.27,634.37,-377.1,-1.76,8.92,2.92,19.31,8.69,-6.86,20.01,8.54,14.18,22.3,4.44,9.81,3.65,24.19,2.41,36.83
abr-97,0.66,14.73,2.46,22.65,104.38,590.66,-486.28,-6.42,-3.33,1.58,17.34,5.93,34.0,17.84,-6.82,-2.39,26.4,37.74,50.3,-2.05,16.77,12.69,45.93
may-97,-0.73,12.17,-0.58,17.3,90.33,583.77,-493.44,-6.15,-1.28,-0.08,13.9,-9.55,0.34,15.36,0.68,0.81,21.11,-8.53,33.16,1.13,12.9,-4.91,38.71
jun-97,4.82,20.38,4.08,29.42,159.74,565.92,-406.18,-1.45,-12.88,5.52,25.39,3.29,-2.26,26.76,7.19,11.37,32.91,6.09,57.94,3.54,24.76,6.0,44.25
jul-97,0.06,17.44,2.76,25.38,-85.73,592.71,-678.43,8.13,6.59,-0.78,18.81,-9.47,56.76,20.27,1.43,4.55,26.86,-0.04,49.22,3.65,21.18,-0.58,40.54
ago-97,-0.37,14.53,0.34,22.61,-152.31,562.29,-714.6,-0.95,0.09,-0.31,16.43,5.24,-7.74,17.17,-4.73,0.19,24.02,3.53,28.92,-0.79,18.94,5.11,43.03
sep-97,1.12,11.51,1.7,22.56,-209.23,466.41,-675.64,-3.87,-14.25,1.68,15.21,7.2,3.01,15.69,-1.59,-0.27,21.78,10.04,44.34,0.96,18.36,0.88,36.14
oct-97,2.23,13.61,1.12,19.01,-108.5,528.84,-637.34,3.61,-16.95,2.08,18.34,16.81,17.39,18.42,16.3,20.97,17.49,-0.8,40.56,1.42,15.23,0.69,30.22
nov-97,3.4,15.19,3.37,23.29,-108.79,663.64,-772.43,17.95,1.7,1.82,17.15,27.59,-4.42,16.76,2.9,21.07,15.21,6.64,51.58,2.57,18.96,5.78,33.69
dic-97,-2.5,12.51,-1.11,28.69,-244.46,401.77,-646.23,-27.19,-31.7,0.61,19.56,18.61,-19.77,19.83,4.28,18.15,20.51,0.63,44.6,-2.18,25.57,3.56,36.74
ene-98,0.55,8.38,3.87,25.18,-573.98,362.33,-936.31,1.59,-24.7,0.45,12.95,10.63,-4.02,13.14,-8.64,5.32,16.14,5.08,78.76,4.72,18.98,-1.23,36.68
feb-98,-0.98,10.9,0.43,24.13,-712.48,237.43,-949.9,-21.27,-37.7,0.89,17.49,-2.7,-32.5,18.77,-3.86,13.78,20.47,-1.16,75.79,1.01,18.79,-1.68,31.34
mar-98,3.61,12.25,1.99,22.28,-571.52,255.38,-826.89,-0.31,-36.78,3.9,18.6,0.8,32.54,19.39,7.34,12.52,21.9,2.0,71.68,1.7,16.56,3.61,32.87
abr-98,1.05,12.68,0.54,19.98,-524.26,332.19,-856.45,0.51,-32.1,1.08,18.02,9.27,-17.76,18.66,9.99,32.81,14.04,-9.18,13.19,1.94,21.3,-0.75,17.04
may-98,-1.27,12.07,-0.71,19.83,-576.41,318.2,-894.61,1.66,-26.45,-1.47,16.39,10.15,-8.5,16.8,-8.77,20.35,15.64,5.0,29.94,-1.85,17.73,2.31,25.92
jun-98,-2.31,4.46,-1.73,13.14,-623.26,234.06,-857.32,-7.91,-31.27,-1.91,8.19,11.4,5.08,8.06,-0.15,12.11,6.71,-1.28,20.92,-1.85,11.61,-1.39,17.15
jul-98,-4.21,0.0,-0.0,10.09,-1029.51,176.31,-1205.82,-7.1,-40.95,-4.01,4.67,10.59,10.16,4.38,-25.96,-18.17,12.16,7.79,30.39,-1.09,6.51,0.99,19.0
ago-98,1.38,1.76,-0.57,9.09,-843.35,191.5,-1034.85,-4.62,-43.14,1.76,6.84,-5.23,-37.06,7.62,19.5,2.64,9.24,-6.64,17.58,1.2,8.65,-5.93,6.51
sep-98,2.52,3.17,2.75,10.22,-888.46,250.52,-1138.98,5.4,-37.65,2.34,7.54,-25.48,20.93,9.06,11.91,16.72,6.67,-5.2,1.29,2.58,10.4,8.95,15.03
oct-98,2.08,3.02,-0.15,8.83,-672.46,226.04,-898.5,-5.28,-43.0,2.53,8.02,-20.85,4.39,9.49,1.95,2.33,12.16,10.9,13.24,0.15,9.01,-8.1,4.98
nov-98,4.51,4.12,2.99,8.43,-543.04,280.24,-823.28,14.38,-44.72,3.95,10.27,-23.31,11.13,12.02,8.32,7.72,13.65,-8.43,-2.77,4.7,11.27,0.93,0.17
dic-98,0.06,6.85,-2.04,7.42,-317.01,196.45,-513.45,-15.58,-35.91,1.04,10.75,-14.51,-16.11,12.05,2.11,5.48,14.66,0.35,-3.04,-2.25,11.19,-2.21,-5.41
ene-99,-1.82,4.34,-0.04,3.37,-499.64,230.8,-730.44,1.21,-36.15,-1.98,8.07,-5.11,-15.2,8.78,-6.76,7.65,9.18,-4.15,-11.56,-1.1,5.01,9.04,4.43
feb-99,2.49,7.99,1.96,4.95,-456.51,209.21,-665.72,-1.06,-19.76,2.68,9.99,7.44,16.07,10.07,12.62,26.09,4.89,1.69,-9.01,1.25,5.26,6.03,12.62
mar-99,3.33,7.7,2.68,5.66,-401.33,323.1,-724.43,21.94,-1.86,2.35,8.36,-3.51,-23.02,8.98,-1.14,16.13,6.57,5.22,-6.14,2.22,5.79,3.7,12.72
abr-99,0.74,7.38,2.03,7.23,-547.22,365.48,-912.7,8.75,6.19,0.24,7.46,-17.79,-17.03,8.66,0.08,5.66,9.8,2.23,5.65,2.57,6.44,-0.84,12.61
may-99,2.97,11.99,2.91,11.14,-556.7,354.89,-911.59,4.02,8.65,2.9,12.22,0.94,-14.58,12.82,0.35,16.23,11.66,6.65,7.31,2.63,11.31,2.3,12.6
jun-99,2.31,17.28,1.45,14.73,-468.63,312.54,-781.17,5.64,24.64,2.09,16.79,6.0,4.49,17.34,4.12,21.2,15.99,3.04,12.0,1.13,14.69,2.18,16.68
jul-99,1.52,24.29,0.41,15.21,-344.37,402.5,-746.88,12.7,51.2,0.73,22.56,1.53,-30.6,23.86,-0.35,63.13,13.97,1.33,5.29,0.51,16.54,-0.68,14.75
ago-99,2.33,25.46,2.4,18.65,-360.38,523.61,-883.99,10.7,75.49,1.66,22.45,1.77,69.08,23.19,3.52,41.32,17.63,-2.58,9.87,2.24,17.74,6.25,29.6
sep-99,-0.84,21.35,0.52,16.07,-522.95,526.25,-1049.2,3.84,72.88,-1.25,18.15,29.45,-23.44,17.99,-1.23,24.72,15.69,5.64,22.45,-0.42,14.29,2.54,21.96
oct-99,1.68,20.88,2.45,19.09,-624.79,455.48,-1080.26,-0.0,82.52,1.84,17.35,17.98,-4.12,17.43,-1.54,20.45,16.4,2.98,13.69,2.74,17.24,0.7,33.64
nov-99,4.37,20.72,1.23,17.05,-258.71,740.05,-998.77,19.39,90.51,3.03,16.32,10.99,-16.03,16.65,-3.87,6.89,20.16,0.82,25.17,2.47,14.74,-4.88,25.95
dic-99,0.41,21.15,1.5,21.28,-397.84,691.23,-1089.07,6.43,140.18,-0.21,14.87,10.69,41.03,14.95,4.61,9.51,16.93,6.48,32.82,2.13,19.89,-5.08,22.25
ene-00,4.76,29.27,6.06,28.67,-583.02,604.39,-1187.41,0.51,138.53,5.23,23.32,0.74,35.44,24.19,10.4,29.67,22.31,9.37,51.56,3.32,25.25,19.98,34.51
feb-00,3.08,30.01,0.54,26.88,-254.84,808.64,-1063.47,12.33,170.82,2.11,22.63,10.86,10.93,23.13,3.08,18.69,24.85,-4.47,42.36,3.2,27.67,-9.88,14.32
mar-00,-3.88,20.94,-2.44,20.55,-442.96,720.59,-1163.55,-1.67,118.38,-4.14,14.85,15.33,7.66,14.86,-9.1,9.12,16.97,-0.08,35.2,-1.75,22.71,-8.06,1.36
abr-00,1.73,22.12,3.71,22.53,-715.01,553.16,-1268.17,-13.25,74.2,3.51,18.59,29.06,12.67,18.27,7.6,17.33,18.61,6.39,40.7,2.24,22.32,10.9,13.36
may-00,3.13,22.3,3.59,23.34,-801.93,672.82,-1474.75,11.17,86.17,2.33,17.93,-1.13,67.28,18.52,1.03,18.13,18.65,3.12,36.05,3.92,23.86,2.03,13.05
jun-00,1.85,21.75,0.47,22.15,-618.05,851.55,-1469.6,15.6,103.72,0.36,15.93,-10.1,27.1,16.98,-1.11,12.19,18.74,5.93,39.87,-0.77,21.53,3.83,14.88
jul-00,1.19,21.35,3.33,25.7,-933.09,631.68,-1564.77,-20.8,43.17,3.93,19.62,-5.27,-9.38,20.66,5.94,19.26,21.16,-0.15,37.83,3.32,24.92,5.88,22.46
ago-00,2.81,21.92,1.29,24.34,-733.3,748.71,-1482.01,17.35,51.76,1.42,19.34,17.13,13.01,19.44,-0.84,14.24,21.36,-9.2,28.46,2.03,24.67,4.4,20.34
sep-00,-2.1,20.37,-0.25,23.39,-997.67,650.55,-1648.22,-0.96,44.75,-2.23,18.16,16.58,46.25,18.12,-6.28,8.41,21.7,13.86,38.46,-1.69,23.08,-0.96,16.24
oct-00,4.45,23.64,1.25,21.95,-560.85,752.41,-1313.26,4.1,50.69,4.48,21.23,5.37,10.85,21.85,16.2,27.94,19.7,-3.3,30.02,1.93,22.11,0.79,16.35
nov-00,-1.39,16.82,-0.31,20.1,-717.61,605.47,-1323.08,-8.7,15.23,-0.58,16.98,8.22,-4.63,17.34,5.54,40.47,9.94,15.01,48.33,-2.48,16.22,1.3,23.91
dic-00,0.38,16.78,1.48,20.07,-887.39,521.15,-1408.54,-8.11,-0.51,1.24,18.68,7.83,7.77,19.1,-13.66,15.93,20.18,-5.14,32.13,3.51,17.79,-4.12,25.17
ene-01,-4.65,6.29,-4.97,7.59,-796.99,571.99,-1368.98,8.07,6.97,-5.83,6.21,2.23,-19.78,6.44,-0.75,4.22,7.25,3.03,24.47,-5.41,7.84,-8.42,-4.46
feb-01,-1.91,1.14,-1.95,4.92,-775.81,658.14,-1433.95,-3.97,-8.55,-1.69,2.26,-11.99,-9.91,2.8,-5.24,-4.19,5.37,-4.15,24.9,-2.65,1.72,3.92,10.16
mar-01,3.02,8.4,2.76,10.51,-761.83,451.57,-1213.4,-7.55,-14.02,4.11,11.06,-4.32,9.61,11.62,9.6,15.53,10.28,11.54,39.42,1.91,5.5,0.62,20.57
abr-01,-1.95,4.48,-0.14,6.4,-1013.86,339.35,-1353.21,-6.41,-7.24,-1.54,5.65,-7.1,-26.99,6.21,-3.41,3.71,7.11,-6.24,22.86,1.29,4.53,-2.83,5.64
may-01,-4.15,-2.9,-4.86,-2.27,-868.06,326.0,-1194.05,2.27,-14.67,-4.71,-1.62,-3.32,-16.65,-1.5,3.84,6.59,-4.37,7.55,28.14,-6.74,-6.2,-4.25,-0.86
jun-01,1.45,-3.28,-0.46,-3.18,-612.52,544.81,-1157.33,2.27,-24.51,1.37,-0.64,-3.53,-42.42,-0.37,1.94,9.89,-3.94,-6.93,12.58,0.54,-4.96,-0.1,-4.6
jul-01,-3.64,-7.9,-3.01,-9.11,-679.0,553.17,-1232.17,-5.89,-10.3,-3.43,-7.68,4.23,-17.02,-8.0,-3.73,-0.14,-10.79,-3.82,8.45,-3.41,-11.16,-0.05,-9.94
ago-01,1.21,-9.34,0.95,-9.42,-652.59,471.7,-1124.29,0.86,-22.9,1.24,-7.85,-6.95,-19.31,-7.84,-1.22,-0.53,-10.37,8.77,29.92,0.72,-12.3,-4.27,-17.43
sep-01,-0.39,-7.75,0.75,-8.51,-805.47,443.44,-1248.91,-4.53,-25.68,-0.01,-5.76,-16.04,-41.43,-5.25,-0.35,5.76,-8.86,2.27,16.69,0.73,-10.14,-0.61,-17.14
oct-01,-1.15,-12.69,-0.56,-10.15,-878.32,277.14,-1155.45,-9.77,-35.58,-0.4,-10.16,-0.52,-15.11,-10.45,-1.94,-10.75,-10.33,-1.54,18.81,-0.65,-12.41,0.94,-17.02
nov-01,-2.1,-13.33,-1.75,-11.45,-907.61,417.54,-1325.15,-1.97,-30.83,-2.11,-11.55,-18.41,-0.5,-11.36,-1.19,-16.44,-9.28,-4.17,-1.01,-1.2,-11.26,-2.64,-20.25
dic-01,2.72,-11.3,1.07,-11.8,-709.98,514.13,-1224.11,1.0,-23.97,2.86,-10.13,-21.65,-45.81,-9.65,2.9,-0.41,-12.7,-0.68,3.65,0.95,-13.45,3.41,-13.99
ene-02,-1.15,-8.05,-3.39,-10.33,-398.11,474.29,-872.4,-0.22,-29.81,-1.23,-5.74,-15.79,26.25,-5.52,1.22,1.56,-8.02,-1.78,-1.19,-3.8,-11.98,-2.51,-8.43
feb-02,1.43,-4.92,4.83,-4.13,-851.19,459.31,-1310.51,4.36,-23.72,1.19,-2.97,-2.9,-11.86,-2.95,-2.2,4.82,-5.56,2.58,5.74,5.17,-4.91,4.98,-7.5
mar-02,3.27,-4.69,3.87,-3.1,-961.71,729.37,-1691.09,18.19,-2.48,2.05,-4.9,-10.41,-29.04,-4.66,-0.73,-5.06,-4.51,3.53,-1.85,5.33,-1.72,-3.96,-11.71
abr-02,3.93,1.02,-2.04,-4.94,-144.54,748.43,-892.97,10.07,14.69,3.35,-0.18,-15.41,10.15,0.28,13.28,11.34,-3.6,7.08,12.1,-3.7,-6.57,-0.54,-9.63
may-02,-3.65,1.55,1.86,1.76,-911.64,656.66,-1568.3,-3.02,8.77,-3.71,0.87,-12.15,-43.74,1.45,-5.77,1.03,1.61,2.87,7.22,0.41,0.6,9.36,3.21
jun-02,-0.21,-0.11,-1.22,1.0,-766.12,628.77,-1394.89,-3.84,2.27,0.16,-0.33,6.36,9.75,-0.57,-3.44,-4.31,0.92,-5.4,8.98,1.3,1.36,-10.83,-7.88
jul-02,1.77,5.51,0.74,4.89,-633.59,740.84,-1374.43,7.93,17.29,1.17,4.42,-10.48,38.91,4.84,0.07,-0.53,6.97,1.77,15.32,0.83,5.82,-0.91,-8.68
ago-02,-0.42,3.81,-0.31,3.58,-645.82,605.23,-1251.06,-3.87,11.78,-0.06,3.08,-19.77,-42.52,4.0,6.91,7.66,2.59,1.74,7.85,-0.19,4.86,-3.24,-7.69
sep-02,0.02,4.24,0.58,3.41,-724.93,724.97,-1449.9,6.09,24.22,-0.58,2.49,-17.32,17.21,3.08,-6.15,1.39,3.72,-5.43,-0.27,1.71,5.87,-0.12,-7.23
oct-02,-0.99,4.41,-2.16,1.75,-552.12,816.91,-1369.03,9.5,50.75,-2.11,0.72,-11.46,-41.11,1.29,-4.6,-1.36,2.28,8.0,9.4,-4.43,1.84,2.29,-5.98
nov-02,0.58,7.27,0.1,3.66,-488.57,576.1,-1064.68,-12.6,34.4,2.14,5.11,22.64,23.56,4.55,4.26,4.08,4.72,-1.24,12.74,0.06,3.13,1.79,-1.7
dic-02,0.2,4.63,-0.09,2.47,-448.74,896.49,-1345.23,29.45,72.26,-2.77,-0.65,23.47,52.16,-1.41,-7.95,-6.89,0.64,-2.38,10.82,0.52,2.69,-1.32,-6.2
ene-03,4.75,10.88,0.85,6.97,73.71,1214.23,-1140.52,19.34,106.03,2.77,3.37,33.57,-21.25,2.62,8.89,0.16,3.58,4.79,18.23,0.58,7.37,-1.64,-5.36
feb-03,-1.57,7.6,-1.56,0.45,69.86,1103.86,-1034.0,-2.72,92.05,-1.39,0.73,7.81,8.17,0.5,1.91,4.37,-0.94,-3.92,10.74,-0.68,1.4,-4.39,-13.81
mar-03,-3.79,0.25,2.37,-1.0,-785.21,424.18,-1209.39,-29.37,14.76,0.18,-1.12,21.99,61.48,-1.93,-0.58,4.53,-4.24,-1.48,5.38,2.57,-1.25,5.34,-5.46
abr-03,-0.49,-4.01,0.37,1.44,-902.72,637.38,-1540.1,2.36,6.72,-0.8,-5.09,20.84,24.4,-5.84,-0.79,-8.45,-4.79,-0.95,-2.53,0.42,2.98,1.41,-3.61
may-03,-2.82,-3.18,-2.33,-2.74,-946.05,593.81,-1539.86,-10.78,-1.82,-1.92,-3.32,24.63,44.16,-4.18,-1.74,-4.53,-4.05,-5.96,-10.89,-2.43,0.07,1.96,-10.13
jun-03,3.32,0.25,0.32,-1.22,-560.32,716.97,-1277.3,20.66,23.19,1.54,-1.98,11.37,22.51,-2.49,0.4,-0.73,-3.15,4.76,-1.32,0.34,-0.88,-4.02,-3.26
jul-03,1.52,0.01,1.86,-0.12,-615.3,816.4,-1431.7,4.77,19.58,1.13,-2.02,26.7,23.19,-2.92,3.79,2.97,-5.1,2.38,-0.73,2.11,0.38,-0.27,-2.63
ago-03,-1.14,-0.72,-1.52,-1.33,-555.0,842.13,-1397.14,0.48,24.99,-1.35,-3.28,30.46,118.22,-4.38,-6.12,-9.58,-2.28,0.22,-2.21,-2.4,-1.84,2.32,2.96
sep-03,2.34,1.58,0.7,-1.21,-339.02,795.71,-1134.74,-6.86,9.73,3.53,0.72,52.41,21.98,-0.65,0.92,-2.76,0.14,1.31,4.76,0.68,-2.83,0.21,3.3
oct-03,2.08,4.74,2.3,3.29,-376.9,850.99,-1227.89,5.28,5.5,1.71,4.65,21.65,124.22,3.9,0.8,2.74,4.32,3.5,0.4,3.17,4.91,-4.39,-3.45
nov-03,2.01,6.23,1.97,5.23,-378.74,929.28,-1308.02,5.69,27.58,1.57,4.06,7.72,6.0,3.93,2.3,0.81,5.1,-1.86,-0.23,2.24,7.19,4.56,-0.83
dic-03,2.58,8.75,2.05,7.48,-311.15,1287.04,-1598.18,26.1,24.28,-0.36,6.65,12.46,47.75,6.32,-1.38,8.0,5.74,0.79,3.01,2.7,9.51,-0.81,-0.32
ene-04,-0.1,3.71,-1.8,4.66,-56.97,969.52,-1026.48,-10.78,-7.09,1.58,5.41,-3.57,183.79,5.22,0.95,0.13,7.14,-5.88,-7.48,-1.43,7.32,0.14,1.49
feb-04,1.3,6.74,4.89,11.52,-586.29,843.71,-1430.0,-4.62,-8.9,2.12,9.17,18.51,53.92,8.74,2.12,0.33,12.04,7.52,3.54,5.05,13.52,1.17,7.39
mar-04,2.9,14.17,1.43,10.5,-377.1,919.63,-1296.74,-0.49,28.35,3.34,12.61,25.32,9.45,12.17,7.28,8.26,13.69,7.3,12.77,0.41,11.13,2.14,4.12
abr-04,-1.89,12.55,0.7,10.87,-776.03,926.41,-1702.44,2.32,28.3,-2.42,10.78,7.26,130.16,10.51,-5.66,2.95,13.45,1.09,15.1,0.39,11.09,2.34,5.08
may-04,6.62,23.48,4.93,19.12,-562.1,1218.4,-1780.51,17.87,69.51,5.14,18.75,10.45,115.37,18.76,2.75,7.65,23.1,6.55,30.4,5.19,19.76,1.42,4.53
jun-04,-2.71,16.27,-1.67,16.75,-718.84,973.18,-1692.02,-10.52,25.71,-1.56,15.12,-4.4,92.94,15.6,0.49,7.74,18.64,-2.37,21.52,-2.53,16.33,5.12,14.48
jul-04,0.64,15.26,1.54,16.39,-869.74,953.49,-1823.23,1.46,21.75,0.53,14.44,5.9,71.14,14.54,-0.63,3.15,19.1,-0.97,17.54,1.54,15.68,4.32,19.75
ago-04,2.27,19.23,0.51,18.78,-599.3,1069.06,-1668.37,5.05,27.28,1.89,18.2,20.27,45.47,18.02,3.85,14.11,19.47,3.52,21.42,0.82,19.49,-4.58,11.68
sep-04,-1.31,14.98,-1.76,15.88,-516.45,1136.91,-1653.36,10.41,50.89,-2.94,10.81,-2.79,79.15,11.1,-3.06,9.6,11.65,1.98,22.23,-2.64,15.55,-0.2,11.21
oct-04,3.42,16.48,3.27,16.98,-510.71,1621.6,-2132.31,16.64,67.18,1.33,10.4,15.79,33.28,10.11,4.32,13.43,8.93,-6.2,10.77,5.15,17.76,2.15,18.82
nov-04,0.46,14.71,5.06,20.52,-1288.16,1057.59,-2345.75,-10.1,42.2,2.38,11.28,15.5,118.33,10.77,-7.69,2.36,13.8,13.94,28.6,4.17,19.99,1.51,15.35
dic-04,-3.93,7.44,-2.24,15.45,-1535.74,811.78,-2347.52,-6.57,5.35,-3.5,7.76,28.95,102.93,6.6,1.72,5.57,6.96,4.13,32.87,-3.98,12.19,1.97,18.58
ene-05,3.84,11.67,2.41,20.4,-1347.76,873.83,-2221.58,-1.34,16.51,4.63,11.0,19.89,0.61,10.79,0.24,4.83,12.88,-4.74,34.47,3.74,18.07,2.61,21.51
feb-05,2.07,12.52,-0.23,14.52,-968.91,1068.47,-2037.38,10.14,34.53,0.9,9.67,-4.49,100.25,9.79,7.74,10.6,9.51,5.16,31.52,-1.56,10.64,2.34,22.92
mar-05,-0.08,9.26,-0.75,12.06,-849.32,1119.84,-1969.16,4.41,41.16,-0.79,5.29,-9.45,112.63,5.48,-5.9,-2.99,8.64,2.0,25.03,-2.38,7.56,6.18,27.79
abr-05,4.82,16.74,2.4,13.94,-464.58,1183.15,-1647.73,3.0,42.09,5.13,13.43,24.15,19.81,13.03,8.53,11.6,13.53,2.83,27.19,3.93,11.35,-6.87,16.29
may-05,-1.58,7.77,-1.3,7.17,-507.39,1309.97,-1817.36,-0.85,19.52,-1.7,6.04,15.77,43.39,5.51,-0.13,8.47,4.5,-5.72,12.54,-0.34,5.5,-2.01,12.35
jun-05,3.98,15.17,2.61,11.84,-285.64,1536.48,-1822.11,8.37,44.76,3.25,11.23,29.19,2.72,10.71,-3.45,4.22,12.99,5.12,21.17,2.07,10.49,3.14,10.24
jul-05,-4.01,9.85,0.38,10.56,-1073.04,1320.33,-2393.37,-2.19,39.54,-4.32,5.86,-6.0,22.1,6.17,-5.39,-0.78,8.58,3.9,27.13,-0.63,8.13,2.64,8.46
ago-05,4.11,11.83,0.72,10.79,-498.01,1634.28,-2132.29,10.9,47.31,2.9,6.91,-5.56,62.73,7.1,13.8,8.73,6.52,-5.96,15.48,1.44,8.8,4.37,18.64
sep-05,1.97,15.55,0.15,12.95,-172.92,1543.62,-1716.54,-0.58,32.64,2.46,12.86,16.38,8.02,12.76,2.68,15.18,11.91,5.11,19.02,-0.45,11.24,-1.64,16.94
oct-05,2.69,14.74,4.83,14.66,-573.09,1263.7,-1836.79,8.14,22.97,1.68,13.25,-1.7,65.85,13.55,0.76,11.25,14.4,14.4,45.16,4.24,10.28,-2.79,11.28
nov-05,4.13,18.94,3.48,12.94,-471.21,1138.79,-1610.0,-3.47,32.05,5.63,16.85,8.09,11.73,17.2,10.42,33.07,12.08,-2.51,24.21,4.04,10.14,8.13,18.54
dic-05,3.47,28.09,3.55,19.64,-504.22,1530.7,-2034.92,5.2,48.69,3.16,24.92,-0.59,-5.84,26.28,5.43,37.92,22.2,1.98,21.64,4.09,19.4,2.15,18.75
ene-06,5.01,29.54,-2.37,14.06,998.27,2222.61,-1224.34,17.61,77.24,2.69,22.6,41.44,-5.03,22.12,7.97,48.55,13.47,-4.4,22.08,-2.82,11.85,3.06,19.27
feb-06,-4.16,21.63,1.46,15.98,-179.94,1724.47,-1904.41,-9.69,45.34,-3.0,17.86,40.64,-5.61,17.35,-14.04,18.53,16.93,5.3,22.24,1.32,15.13,-2.15,14.04
mar-06,-0.42,21.21,1.32,18.4,-535.15,1656.84,-2192.0,3.19,43.64,-1.13,17.46,14.11,-5.33,17.74,2.02,28.51,14.17,0.19,20.07,1.17,19.31,3.63,11.3
abr-06,2.69,18.75,1.56,17.42,-313.92,1964.76,-2278.68,4.84,46.21,2.25,14.25,6.2,-4.05,14.67,1.9,20.66,12.59,-0.55,16.12,1.22,16.2,6.15,26.86
may-06,0.44,21.19,2.23,21.62,-691.73,1540.34,-2232.08,-5.17,39.84,1.62,18.11,0.14,-6.82,18.95,-1.09,19.5,18.76,6.42,31.08,2.62,19.64,-4.77,23.3
jun-06,-0.18,16.35,-0.82,17.56,-552.58,1516.41,-2068.98,-4.66,23.03,0.7,15.19,0.28,63.64,15.48,2.11,26.37,11.96,-3.79,19.96,-0.03,17.17,-2.04,17.1
jul-06,-0.75,20.3,-0.02,17.08,-702.9,1440.28,-2143.18,-4.67,19.91,-0.02,20.36,30.69,3.62,20.16,-7.85,23.09,19.23,1.25,16.9,-0.54,17.28,1.73,16.06
ago-06,2.6,18.55,1.21,17.65,-424.05,1772.86,-2196.91,15.29,24.65,0.36,17.39,14.84,12.08,17.51,-0.56,7.56,21.13,5.25,30.84,0.36,16.02,1.58,12.95
sep-06,-2.48,13.37,1.97,19.79,-1377.7,1199.29,-2576.99,-17.43,3.53,0.55,15.2,1.92,81.59,15.3,4.51,9.47,17.44,-1.27,22.9,2.28,19.21,4.17,19.62
oct-06,2.34,12.99,-0.41,13.79,-801.37,1321.0,-2122.37,-4.51,-8.58,3.49,17.25,19.89,4.68,17.25,-0.21,8.42,20.44,-4.64,2.44,0.44,14.87,-0.49,22.45
nov-06,-1.61,6.76,-1.9,7.87,-724.49,1656.11,-2380.6,5.6,0.01,-2.71,7.98,5.79,-15.02,8.2,0.8,-1.03,11.74,1.77,6.94,-2.11,8.07,-4.83,7.78
dic-06,1.44,4.67,2.07,6.32,-869.52,1304.86,-2174.38,-5.52,-10.18,2.61,7.4,3.88,50.81,7.27,7.22,0.65,9.88,-0.6,4.23,2.11,6.01,5.13,10.92
ene-07,-2.95,-3.26,-0.43,8.44,-1398.63,849.24,-2247.87,-1.83,-25.03,-3.12,1.33,-17.85,19.94,2.02,-14.3,-20.11,11.5,6.38,15.98,-1.67,7.28,-0.77,6.8
feb-07,3.91,4.9,1.63,8.63,-953.49,1513.14,-2466.63,16.13,-3.6,2.01,6.56,-0.22,58.23,6.5,6.69,-0.85,9.14,-2.26,7.66,1.96,7.95,4.53,14.08
mar-07,1.04,6.43,0.49,7.74,-840.5,1424.06,-2264.55,-3.46,-9.81,1.84,9.76,9.92,70.16,9.4,7.89,4.86,11.09,3.16,10.85,0.21,6.92,-1.0,8.99
abr-07,-0.33,3.3,2.07,8.29,-1375.79,1291.7,-2667.49,2.63,-11.71,-0.83,6.45,26.08,28.51,5.66,-4.48,-1.71,8.41,3.14,14.96,0.95,6.64,7.5,10.38
may-07,3.6,6.55,2.76,8.85,-1234.58,1289.57,-2524.15,4.65,-2.57,3.41,8.33,19.54,47.81,7.75,4.47,3.82,9.16,5.06,13.48,3.1,7.15,-1.84,13.77
jun-07,1.31,8.14,2.26,12.24,-1473.85,830.94,-2304.78,1.06,3.28,1.36,9.04,8.52,-2.87,9.14,6.99,8.79,9.27,12.16,32.3,0.79,8.02,-1.42,14.48
jul-07,0.04,8.99,-3.32,8.53,-667.14,1533.32,-2200.46,7.99,17.0,-1.36,7.58,0.66,32.02,7.67,-0.58,17.37,4.49,-13.3,13.28,-1.13,7.38,-2.34,9.9
ago-07,3.62,10.08,2.96,10.41,-538.22,1425.84,-1964.06,-5.53,-4.13,5.38,12.97,15.96,26.34,12.78,2.56,21.05,10.1,1.79,9.56,3.37,10.61,1.94,10.29
sep-07,2.36,15.55,2.2,10.65,-511.4,1781.36,-2292.76,14.3,32.7,0.31,12.69,11.32,8.97,12.77,1.11,17.11,11.29,4.94,16.45,1.96,10.26,0.19,6.07
oct-07,-2.66,9.9,-0.91,10.1,-923.45,1420.37,-2343.82,-6.84,29.47,-1.84,6.9,7.35,29.73,6.73,-5.73,10.63,5.47,-2.2,19.44,-0.88,8.81,0.58,7.21
nov-07,4.99,17.27,0.47,12.76,123.39,2575.98,-2452.59,35.93,66.66,-0.77,9.03,13.14,104.79,8.42,-3.17,6.28,9.15,-0.66,16.59,0.8,12.05,-0.11,12.53
dic-07,-0.83,14.64,1.18,11.78,-366.29,1510.67,-1876.96,-11.64,55.87,1.93,8.31,11.07,7.0,8.22,1.44,0.55,11.01,9.87,28.87,0.04,9.78,-2.83,4.01
ene-08,0.87,19.15,4.04,16.79,-1150.34,1672.95,-2823.29,0.91,60.22,0.86,12.75,13.32,104.93,12.13,1.5,19.09,10.0,4.92,27.11,3.03,15.03,9.31,14.57
feb-08,-0.89,13.64,0.85,15.9,-1585.46,1507.88,-3093.34,-0.4,37.41,-0.99,9.43,9.33,-7.16,9.58,3.84,15.9,7.52,0.19,30.3,1.15,14.11,-0.01,9.59
mar-08,4.57,17.61,0.36,15.74,-571.12,2162.35,-2733.47,12.74,60.46,2.75,10.41,9.21,-22.31,10.75,-2.48,4.77,12.86,-6.08,18.63,0.84,14.83,6.32,17.69
abr-08,2.18,20.58,2.73,16.49,-725.01,1681.72,-2406.73,-2.62,52.25,3.36,15.07,-11.42,37.22,15.97,2.25,12.14,17.26,2.64,18.06,2.93,17.08,1.67,11.31
may-08,-1.12,15.08,-1.0,12.22,-749.08,1946.47,-2695.55,-1.82,42.83,-0.96,10.2,4.37,-4.36,10.51,-1.95,5.25,12.3,-0.44,11.88,-1.75,11.57,2.73,16.49
jun-08,1.01,14.73,0.24,10.0,-554.81,2235.28,-2790.09,11.32,57.33,-1.35,7.26,22.95,57.07,6.44,-1.84,-3.44,10.04,2.89,2.63,-0.97,9.63,3.93,22.81
jul-08,4.3,19.62,5.62,20.18,-928.96,2233.33,-3162.28,2.09,48.74,4.86,14.02,28.27,30.27,13.46,3.99,1.0,18.05,-1.29,16.85,7.13,18.8,5.7,32.92
ago-08,-4.34,10.43,-1.27,15.24,-1746.02,1238.86,-2984.88,-1.49,55.1,-5.05,2.73,72.25,5.0,0.45,-7.55,-8.95,3.79,11.84,28.38,-2.58,11.96,-8.69,19.07
sep-08,-6.48,0.89,-5.26,6.84,-1970.25,294.06,-2264.31,-35.04,-11.85,0.94,3.39,8.98,0.09,3.24,-5.5,-14.91,9.75,-10.91,8.99,-4.58,4.77,-1.48,17.08
oct-08,-5.68,-2.25,-2.98,4.61,-2562.37,349.44,-2911.82,-6.65,-11.67,-5.52,-0.5,-10.51,44.74,-0.51,4.92,-5.29,1.11,-6.7,3.97,-2.51,3.05,-1.06,15.17
nov-08,-7.38,-13.76,-5.13,-1.23,-2942.3,-455.54,-2486.76,-25.77,-51.76,-4.34,-4.07,-5.26,-20.8,-3.87,-6.1,-8.16,-2.46,2.02,6.77,-6.72,-4.64,-4.6,10.0
dic-08,-14.7,-25.82,-17.93,-19.88,-1732.5,-58.58,-1673.92,-25.24,-59.19,-13.34,-18.44,-11.7,-23.15,-18.63,-10.14,-18.64,-18.63,-21.23,-23.45,-19.36,-23.13,-6.05,6.36
ene-09,-2.25,-28.11,-4.16,-26.2,-1317.15,725.71,-2042.86,13.87,-53.95,-4.04,-22.4,-7.96,-43.49,-22.64,-36.5,-49.1,-13.85,-21.6,-42.8,-0.09,-25.46,-5.04,-7.6
feb-09,-0.75,-28.01,-1.47,-27.9,-1169.97,428.04,-1598.01,-5.21,-56.17,-0.16,-21.75,-6.86,-5.31,-22.38,20.59,-40.88,-15.86,10.97,-36.65,-3.5,-28.88,-2.22,-9.63
mar-09,-0.3,-31.37,-2.99,-30.31,-665.78,497.37,-1163.15,-2.57,-62.12,-0.02,-23.85,-0.35,-28.55,-24.6,6.02,-35.73,-20.95,-2.41,-34.17,-2.79,-31.45,-4.56,-18.88
abr-09,0.63,-32.41,-1.92,-33.46,-208.77,679.43,-888.19,6.88,-58.43,-0.13,-26.42,2.73,-31.93,-27.26,4.72,-34.18,-25.03,-5.32,-39.28,-0.43,-33.68,-5.92,-24.94
may-09,-1.45,-32.63,-1.77,-33.98,-148.03,1033.19,-1181.22,16.08,-50.85,-3.73,-28.47,-4.14,-30.29,-29.25,-12.98,-41.59,-25.32,-2.89,-40.77,-0.8,-33.04,-5.77,-31.15
jun-09,5.43,-29.68,7.62,-29.12,-536.13,872.06,-1408.19,15.17,-49.15,3.91,-24.67,-2.14,-44.02,-25.3,-7.59,-45.01,-19.01,12.57,-35.19,6.32,-28.12,9.68,-27.34
jul-09,0.21,-32.43,2.16,-31.45,-902.14,888.3,-1790.44,-0.07,-50.23,0.26,-27.97,-18.53,-22.5,-28.35,19.13,-37.0,-25.63,5.31,-30.86,2.11,-31.49,-0.94,-31.9
ago-09,6.15,-25.03,3.37,-28.23,-426.82,784.98,-1211.8,-2.14,-50.55,7.58,-18.39,-40.62,-23.76,-17.11,21.84,-16.98,-17.15,-0.81,-38.68,4.82,-26.28,0.1,-25.35
sep-09,4.93,-15.88,4.01,-21.21,-264.7,781.8,-1046.5,7.18,-18.41,4.58,-15.45,8.02,-31.06,-16.08,7.47,-5.58,-19.0,1.5,-30.14,4.94,-18.93,1.44,-23.14
oct-09,4.3,-6.97,0.09,-18.72,590.99,1264.64,-673.65,10.08,-3.79,3.37,-7.5,15.94,-39.74,-7.84,6.51,-4.16,-9.01,-4.18,-28.25,1.05,-15.97,-0.88,-23.0
nov-09,6.31,6.78,9.1,-6.53,54.56,1232.75,-1178.19,3.08,33.61,6.86,3.33,9.66,10.44,3.07,5.47,7.66,1.64,11.52,-21.57,9.61,-1.26,3.34,-16.59
dic-09,0.49,25.79,0.23,14.16,113.08,1115.44,-1002.36,5.08,87.81,-0.27,18.93,20.0,16.49,18.9,9.53,31.21,14.87,9.22,8.74,-1.62,20.45,1.72,-9.69
ene-10,0.3,29.08,0.04,19.17,172.48,817.02,-644.55,-1.61,62.28,0.64,24.72,13.05,22.82,25.21,-0.21,106.18,9.32,0.23,39.01,0.58,21.26,-3.54,-8.26
feb-10,2.08,32.75,3.27,24.9,-92.02,1085.3,-1177.33,1.81,74.3,2.12,27.57,14.87,19.1,28.17,1.19,73.01,17.07,-4.54,19.58,5.87,33.03,-3.49,-9.46
mar-10,3.22,37.45,4.89,35.05,-481.17,764.8,-1245.97,-2.17,75.03,4.14,32.88,23.28,87.18,32.97,4.99,71.33,22.76,4.61,28.18,5.83,44.82,-1.5,-6.56
abr-10,4.29,42.45,2.67,41.36,-105.83,937.16,-1043.0,4.41,70.99,4.27,38.73,9.87,65.89,39.76,-2.18,60.04,34.01,4.4,41.33,3.03,49.86,-2.5,-3.16
may-10,-1.02,43.07,0.87,45.17,-576.75,976.63,-1553.39,7.91,58.95,-2.45,40.58,18.12,121.72,41.0,2.1,87.78,29.35,7.2,56.01,-1.04,49.49,7.02,9.99
jun-10,-4.76,29.23,-3.33,30.4,-911.6,281.0,-1192.6,-31.89,-6.0,0.04,35.35,-2.81,126.94,36.52,-2.55,98.04,23.19,-14.29,18.78,-0.76,39.54,-6.44,-6.17
jul-10,3.74,33.78,1.22,29.19,-329.53,872.78,-1202.31,28.83,21.18,0.72,35.97,18.54,48.1,36.55,0.43,66.95,28.45,1.17,14.1,1.11,38.17,2.14,-3.25
ago-10,4.03,31.12,3.41,29.25,-189.03,882.48,-1071.51,2.01,26.32,4.35,31.88,3.12,23.38,33.09,10.4,51.28,27.41,4.27,19.95,3.01,35.79,5.4,1.87
sep-10,0.15,25.14,-0.67,23.43,19.9,1204.22,-1184.32,1.9,20.09,-0.12,25.96,-2.7,73.95,26.83,-2.95,36.61,23.67,-2.84,14.83,-0.76,28.42,2.86,3.3
oct-10,1.48,21.76,4.03,28.3,-626.18,1021.77,-1647.95,7.18,16.93,0.61,22.59,7.25,143.9,22.27,-0.21,27.99,20.34,12.98,35.39,2.86,30.72,1.55,5.83
nov-10,4.45,19.62,1.27,19.09,185.32,1552.16,-1366.83,14.49,29.87,2.8,17.93,11.73,42.1,17.95,3.85,26.01,15.29,-2.43,18.46,2.11,21.78,0.02,2.43
dic-10,0.62,19.78,2.23,21.47,-244.41,1104.19,-1348.59,3.4,27.79,0.11,18.38,10.68,59.86,18.35,1.07,16.28,19.12,9.23,18.47,1.52,25.68,-1.78,-1.1
ene-11,7.31,28.14,1.99,23.83,1190.5,1210.87,-20.37,8.67,41.14,7.05,25.92,29.87,61.23,25.47,7.17,24.88,25.69,6.53,25.93,0.49,25.57,7.07,9.78
feb-11,-3.89,20.65,1.36,21.54,-318.63,530.65,-849.28,-12.62,21.13,-2.22,20.56,17.95,75.68,20.19,0.62,24.18,18.73,0.99,33.23,1.92,20.89,-2.32,11.11
mar-11,3.26,20.69,0.42,16.37,473.16,1630.38,-1157.22,21.04,49.87,0.22,16.02,-2.84,111.64,15.96,0.52,18.9,14.87,-4.25,21.95,1.1,15.48,2.43,15.54
abr-11,-1.63,13.84,-0.4,12.9,116.02,1264.29,-1148.27,-5.94,35.01,-0.74,10.45,24.52,31.26,9.77,0.71,22.41,5.5,-1.1,15.53,-0.77,11.22,3.49,22.64
may-11,4.23,19.87,4.01,16.42,180.37,1291.53,-1111.16,6.23,32.9,3.83,17.56,15.38,74.62,17.03,1.96,22.24,15.14,11.95,20.64,2.75,15.48,2.33,17.26
jun-11,0.32,26.27,2.85,23.86,-563.1,975.09,-1538.19,0.6,96.31,0.26,17.82,25.08,20.79,17.53,-0.05,25.37,14.8,-0.91,39.48,3.41,20.34,4.36,30.8
jul-11,-0.41,21.22,-0.81,21.37,-437.75,730.88,-1168.63,-10.4,36.53,1.6,18.86,13.43,74.24,18.51,9.49,36.68,12.22,-0.62,37.02,-0.88,17.97,-0.61,27.28
ago-11,-1.59,14.67,-2.38,14.58,-194.74,1359.07,-1553.81,3.93,39.1,-2.57,10.98,41.57,167.64,8.96,-8.74,12.98,7.46,-3.6,26.68,-2.21,11.99,-1.82,18.56
sep-11,-0.29,14.16,3.16,19.0,-1204.21,380.5,-1584.71,-4.95,29.74,0.59,11.77,36.45,123.91,9.98,4.92,22.15,5.62,9.72,43.06,2.86,16.08,-3.97,10.7
oct-11,0.13,12.64,-2.53,11.5,-402.34,755.07,-1157.41,8.0,30.74,-1.27,9.68,36.72,-10.99,9.08,0.42,22.93,4.14,2.66,29.99,-3.29,9.13,-4.94,3.62
nov-11,2.21,10.23,1.41,11.65,-174.92,1724.58,-1899.5,5.35,20.3,1.59,8.39,20.63,58.77,7.48,-1.04,17.14,3.99,-14.39,14.05,4.27,11.44,6.23,10.05
dic-11,1.12,10.78,1.35,10.69,-245.74,1682.37,-1928.1,-1.29,14.84,1.61,10.01,12.29,95.59,9.04,4.01,20.55,4.83,1.21,5.68,0.69,10.53,6.66,19.51
ene-12,3.39,6.74,0.79,9.38,532.83,1676.11,-1143.28,-1.86,3.72,4.42,7.32,5.21,87.37,6.52,-0.18,12.29,4.4,2.05,1.23,0.78,10.85,-0.86,10.66
feb-12,0.92,12.08,2.75,10.88,-19.11,1240.31,-1259.41,3.72,23.11,0.4,10.19,11.83,49.8,9.64,2.42,14.3,7.86,13.56,13.82,0.7,9.52,3.19,16.9
mar-12,-0.3,8.21,-3.43,6.63,960.8,1315.74,-354.94,-0.08,1.62,-0.35,9.57,15.29,22.63,9.17,-0.67,12.94,7.72,-4.28,13.78,-3.73,4.29,0.07,14.21
abr-12,0.04,10.05,4.16,11.51,-284.41,1129.93,-1414.34,-8.1,-0.71,1.6,12.15,6.1,5.85,12.46,5.37,18.17,10.22,1.28,16.53,4.8,10.14,3.83,14.58
may-12,-0.25,5.32,-1.19,5.93,11.35,558.78,-547.43,-8.45,-14.43,1.17,9.28,14.88,23.18,8.85,-5.17,9.9,8.45,-2.43,1.56,-0.53,6.62,-4.08,7.41
jun-12,-3.55,1.26,-3.99,-1.11,148.51,614.58,-466.07,-12.27,-25.37,-2.18,6.62,8.46,34.98,6.21,5.52,16.02,2.48,-5.78,-3.44,-3.98,-0.99,-1.52,1.36
jul-12,1.72,3.42,2.13,1.82,28.98,681.57,-652.59,1.52,-15.44,1.74,6.77,18.47,-10.9,6.63,8.36,14.83,3.17,-0.25,-3.08,3.1,2.98,-1.57,0.38
ago-12,-0.19,4.9,-0.96,3.3,263.42,1350.07,-1086.65,19.38,-2.87,-2.93,6.36,-1.72,10.34,6.62,-13.87,8.37,5.94,1.33,1.88,-1.93,3.28,3.14,5.45
sep-12,-0.13,5.07,1.11,1.25,-111.84,1459.04,-1570.88,2.34,4.58,-0.55,5.16,1.55,16.68,5.09,0.48,3.79,5.63,1.27,-5.97,0.76,1.17,3.42,13.55
oct-12,0.31,5.26,4.31,8.36,-1335.77,459.84,-1795.61,-3.55,-6.62,1.0,7.58,-14.52,57.3,7.89,2.33,5.76,8.8,4.72,-4.08,5.13,9.97,-1.87,17.23
nov-12,1.75,4.78,-0.91,5.88,-510.79,309.39,-820.18,-4.69,-15.52,2.84,8.9,-5.6,29.62,9.15,5.01,12.22,7.91,8.83,21.94,-3.51,1.77,4.55,15.37
dic-12,0.38,4.02,-1.65,2.75,130.01,951.56,-821.55,-4.65,-18.39,1.18,8.43,3.4,-21.01,9.17,1.4,9.41,9.06,-13.56,4.14,1.28,2.36,-4.1,3.73
ene-13,-0.84,-0.24,2.87,4.86,-1023.22,1023.83,-2047.05,19.39,-0.72,-3.84,-0.15,-6.21,-24.43,0.55,-1.83,7.6,-2.24,9.37,11.61,1.85,3.44,1.54,6.24
feb-13,1.01,-0.14,0.46,2.54,-858.54,1025.35,-1883.89,-7.93,-11.86,2.66,2.1,-0.28,-21.34,2.58,1.46,6.59,0.96,0.66,-1.06,0.15,2.87,2.46,5.49
mar-13,1.38,1.55,0.49,6.69,-582.21,99.11,-681.32,-6.77,-17.77,2.73,5.25,8.08,-5.56,5.34,5.38,13.08,2.21,14.15,17.99,-2.15,4.57,-0.12,5.29
abr-13,-0.18,1.32,-0.37,2.06,-520.31,844.77,-1365.08,9.54,-1.98,-1.64,1.89,-0.35,52.28,1.43,-3.54,3.52,0.55,-7.74,7.48,1.35,1.13,-0.4,1.0
may-13,-2.59,-1.06,-1.83,1.4,-752.11,337.51,-1089.62,-20.94,-15.36,0.47,1.19,-2.82,-20.19,1.73,5.49,15.16,-3.5,-7.41,2.0,-0.42,1.24,-3.44,1.67
jun-13,2.77,5.42,0.64,6.28,-100.17,457.91,-558.08,5.63,1.91,2.39,5.91,4.79,-0.68,6.06,2.89,12.29,3.37,1.97,10.4,0.79,6.26,-2.39,0.77
jul-13,1.31,5.0,0.81,4.91,59.02,941.46,-882.44,12.93,13.36,-0.26,3.83,-5.87,9.85,4.11,-2.21,1.33,5.42,0.1,10.78,0.6,3.68,3.46,5.92
ago-13,-1.04,4.11,-1.28,4.57,136.49,479.96,-343.46,-8.34,-12.96,0.08,7.06,1.97,7.32,7.24,2.06,20.07,2.13,-1.13,8.09,-1.03,4.63,-3.32,-0.71
sep-13,0.65,4.92,-0.88,2.51,621.42,741.3,-119.88,-0.11,-15.04,0.76,8.47,-2.4,-29.1,9.65,1.16,20.87,5.08,-1.26,5.4,-0.57,3.25,-2.62,-6.51
oct-13,-0.16,4.43,0.59,-1.15,384.36,985.48,-601.12,4.98,-7.53,-0.88,6.46,14.9,-10.87,6.48,-4.05,13.35,3.67,0.55,1.19,0.2,-1.59,3.69,-1.21
nov-13,-1.21,1.39,-1.28,-1.52,401.89,434.55,-32.66,-12.22,-14.83,0.41,3.94,16.54,-9.31,3.75,2.11,10.22,1.02,-3.08,-9.88,-1.08,0.88,-0.15,-5.65
dic-13,2.6,3.62,0.54,0.67,1053.81,1483.62,-429.81,26.42,12.91,-0.47,2.25,13.14,40.07,1.36,-3.78,4.58,0.01,0.72,5.0,-0.15,-0.54,5.3,3.6
ene-14,-3.84,0.49,2.33,0.14,-915.76,597.84,-1513.6,-9.78,-14.67,-2.87,3.28,12.25,24.55,2.66,0.11,6.65,0.92,4.34,0.17,2.88,0.47,-4.26,-2.31
feb-14,4.8,4.26,2.05,1.71,-76.42,560.8,-637.21,2.26,-5.23,5.19,5.83,7.48,32.34,5.42,7.56,13.06,2.16,1.07,0.58,2.1,2.43,3.05,-1.76
mar-14,-0.29,2.54,0.77,2.0,-421.29,243.25,-664.54,-9.21,-7.7,1.03,4.08,1.4,4.79,4.17,0.05,7.34,2.75,-2.02,-13.67,1.5,6.25,-0.61,-2.24
abr-14,2.82,5.62,1.28,3.69,72.18,302.07,-229.89,1.68,-14.32,2.97,8.95,13.36,3.25,8.88,2.75,14.35,6.51,6.89,0.02,0.08,4.92,2.37,0.47
may-14,-0.46,7.93,0.64,6.29,-293.47,363.29,-656.76,-4.78,3.19,0.11,8.56,6.13,21.46,8.46,3.32,12.0,6.82,-5.7,1.87,2.03,7.5,-0.21,3.83
jun-14,-0.17,4.84,0.31,5.95,-456.38,382.03,-838.41,4.66,2.24,-0.78,5.2,6.26,34.58,4.73,-2.99,5.6,4.33,5.02,4.91,0.28,6.96,-6.06,-0.08
jul-14,-0.04,3.45,-1.97,3.03,194.21,359.99,-165.79,-13.12,-21.34,1.68,7.25,22.26,44.84,6.28,4.82,13.2,3.16,-2.22,2.49,-3.09,3.04,7.45,3.77
ago-14,1.29,5.88,4.77,9.34,-949.59,116.17,-1065.76,4.46,-10.35,0.94,8.16,6.73,-25.2,8.79,4.03,15.38,5.7,1.41,5.12,6.56,10.94,-3.46,3.62
sep-14,0.13,5.33,-5.05,4.73,841.09,-37.31,878.4,-1.44,-11.55,0.31,7.68,12.79,16.58,7.39,-6.36,6.81,7.66,-6.32,-0.27,-5.25,5.72,-1.59,4.71
oct-14,0.03,5.53,0.72,4.87,614.53,-114.86,729.39,-11.55,-25.48,1.35,10.1,22.71,-6.7,9.9,7.74,19.93,5.4,3.27,2.42,0.02,5.53,2.46,3.48
nov-14,-2.1,4.57,4.84,11.37,-1693.95,-1024.04,-669.91,-0.97,-15.92,-2.22,7.22,17.95,-5.87,7.01,-4.08,12.66,4.41,11.46,17.79,3.97,10.92,1.84,5.54
dic-14,0.18,2.11,-3.54,6.85,-409.05,-737.69,328.64,-18.13,-45.55,2.03,9.91,-4.55,-24.81,11.1,-1.72,15.08,9.35,-12.32,2.54,-2.11,8.74,-0.68,-0.46
ene-15,-3.39,2.58,-2.49,1.82,-696.55,-727.57,31.01,-8.2,-44.6,-3.0,9.75,8.93,-13.08,10.18,3.55,19.04,6.11,0.29,-1.44,-3.91,1.56,4.45,8.6
feb-15,-0.54,-2.65,-1.04,-1.26,-531.52,-606.22,74.7,-2.37,-47.11,-0.4,3.92,8.39,19.03,3.51,-6.84,3.09,3.7,-3.08,-5.48,0.49,-0.05,-8.97,-4.07
mar-15,2.45,0.02,2.73,0.67,-635.05,-445.0,-190.05,0.53,-41.44,2.6,5.53,7.68,-21.6,5.88,9.51,12.83,2.64,-2.3,-5.75,2.49,0.92,11.79,7.91
abr-15,-1.22,-3.91,-0.15,-0.75,-983.29,-620.14,-363.14,-11.86,-49.24,-0.44,2.04,3.85,-24.92,2.38,0.84,10.74,-1.5,0.5,-11.38,0.09,0.94,-2.65,2.62
may-15,-2.64,-6.01,-0.34,-1.71,-1717.57,-348.34,-1369.24,16.64,-37.82,-3.9,-2.04,6.11,-37.48,-1.77,-2.82,4.15,-4.65,6.74,0.3,-1.71,-2.76,0.5,3.34
jun-15,3.7,-2.36,2.5,0.43,-1383.37,-703.54,-679.83,-6.15,-44.24,4.48,3.15,3.13,15.18,2.93,0.94,8.37,0.36,1.54,-3.02,2.23,-0.87,5.74,16.33
jul-15,-0.42,-2.73,-1.36,1.06,-1060.0,-885.91,-174.09,-6.75,-40.15,0.03,1.48,3.94,-48.8,2.24,1.83,5.27,0.73,-2.82,-3.62,-0.32,1.96,-6.56,1.16
ago-15,-1.78,-5.68,1.91,-1.7,-2270.23,-1846.75,-423.48,-7.74,-47.15,-1.38,-0.85,14.04,-2.46,-1.35,-3.63,-2.48,-0.77,15.0,9.3,-0.29,-4.59,0.15,4.95
sep-15,-0.59,-6.35,-3.83,-0.44,-1153.52,-868.36,-285.16,-8.46,-50.91,-0.1,-1.26,13.4,0.25,-1.8,-0.32,3.81,-4.41,-14.57,-0.32,-2.2,-1.52,1.08,7.8
oct-15,2.04,-4.46,0.6,-0.55,-705.99,-798.48,92.49,1.8,-43.5,2.06,-0.57,-2.05,-18.18,-0.29,0.98,-2.7,0.94,-1.07,-4.5,1.12,-0.44,-0.85,4.32
nov-15,-3.88,-6.2,-0.69,-5.8,-1726.64,-938.62,-788.02,-11.42,-49.46,-3.45,-1.82,-4.45,-2.01,-1.71,-3.88,-2.5,-1.32,2.06,-12.55,-0.98,-5.18,-2.26,0.11
dic-15,-3.79,-9.91,-3.57,-5.83,-1732.11,-1251.11,-480.99,-21.65,-51.63,-2.86,-6.52,16.32,-0.38,-7.35,2.43,1.61,-11.52,-1.42,-1.68,-3.81,-6.83,-4.8,-4.04
ene-16,3.81,-3.19,1.07,-2.39,-934.51,-991.64,57.13,0.34,-47.13,3.96,0.18,10.76,-16.53,0.01,6.69,4.69,-2.4,-5.41,-7.27,2.34,-0.76,0.92,-7.28
feb-16,-3.77,-6.34,-0.7,-2.06,-1877.99,-898.33,-979.66,-1.74,-46.79,-3.86,-3.29,19.14,-54.72,-3.17,-8.05,3.33,-6.24,-2.22,-6.46,-0.4,-1.63,-0.92,0.92
mar-16,-1.64,-10.08,-1.44,-6.04,-1910.24,-796.7,-1113.54,10.97,-41.26,-2.16,-7.78,10.0,9.5,-8.63,-6.68,-11.94,-6.93,-1.88,-6.06,-1.57,-5.53,0.13,-9.61
abr-16,3.02,-6.22,3.16,-2.93,-2011.86,-1038.2,-973.66,5.78,-29.51,2.89,-4.7,5.28,2.38,-5.15,6.67,-6.85,-4.26,1.79,-4.85,4.11,-1.73,-2.11,-9.11
may-16,1.32,-2.4,-2.04,-4.58,-958.08,-953.27,-4.81,15.27,-30.33,0.65,-0.19,8.3,-8.11,-0.44,0.21,-3.94,1.43,2.81,-8.35,-3.47,-3.49,2.67,-7.16
jun-16,0.07,-5.82,1.09,-5.89,-1280.01,-964.06,-315.95,-1.3,-26.73,0.14,-4.34,15.51,-38.73,-4.36,-1.3,-6.07,-3.48,-2.16,-11.69,0.61,-5.02,9.0,-4.29
jul-16,2.84,-2.74,1.62,-3.06,-926.56,-1376.74,450.19,0.56,-20.99,2.97,-1.53,9.84,58.3,-2.48,1.45,-6.43,-0.44,7.96,-1.89,1.45,-3.33,-4.96,-2.64
ago-16,-0.81,-1.79,-0.97,-5.79,-868.87,-843.54,-25.33,6.93,-8.42,-1.22,-1.37,12.64,12.54,-2.1,-0.7,-3.57,-1.36,-9.13,-22.48,0.51,-2.55,-0.49,-3.27
sep-16,3.45,2.21,3.27,1.17,-840.59,-1153.76,313.17,6.6,6.65,3.27,1.95,30.41,-4.95,0.88,6.51,3.03,-0.2,6.55,-3.32,2.64,2.27,3.82,-0.65
oct-16,-0.5,-0.34,-2.2,-1.65,-273.28,-1073.75,800.48,1.71,6.55,-0.63,-0.73,15.29,53.69,-1.92,-3.24,-1.28,-2.24,-2.83,-5.04,-1.84,-0.73,-3.99,-3.8
nov-16,2.56,6.34,2.32,1.33,-199.93,-1236.01,1036.08,-9.44,8.93,3.29,6.21,15.78,28.15,5.53,6.8,9.69,3.49,-1.72,-8.56,3.37,3.63,-0.26,-1.83
dic-16,-0.35,10.14,2.1,7.28,-1008.18,-1413.15,404.97,10.56,53.7,-0.93,8.31,12.17,2.33,8.24,1.23,8.41,8.14,5.58,-2.07,1.55,9.4,1.83,5.01
ene-17,0.81,6.96,-0.39,5.74,-611.88,-1335.49,723.61,13.09,73.23,0.08,4.28,-1.89,15.9,4.4,-0.71,0.89,6.34,-0.96,2.53,0.06,6.96,-3.02,0.9
feb-17,0.7,11.94,0.56,7.08,-567.92,-1477.82,909.9,-4.58,68.22,1.06,9.61,-0.23,100.65,9.27,-0.99,8.64,9.59,5.6,10.73,-0.08,7.3,-1.2,0.62
mar-17,-1.06,12.6,0.71,9.42,-1160.78,-1585.28,424.5,-10.56,35.58,-0.45,11.52,13.42,-4.76,11.67,0.41,16.89,9.14,0.16,13.03,0.95,10.05,-0.4,0.09
abr-17,1.2,10.62,-1.2,4.8,-357.67,-1385.77,1028.1,-0.01,28.17,1.27,9.77,11.95,50.95,9.18,0.42,10.05,8.74,-2.73,8.01,-1.8,3.8,5.95,8.34
may-17,-0.47,8.66,2.74,9.91,-1435.77,-1422.25,-13.52,-14.78,-5.24,0.34,9.43,14.47,62.51,8.72,0.89,10.8,7.67,0.7,5.79,3.49,11.29,-0.2,5.31
jun-17,2.99,11.83,0.98,9.8,-782.7,-1268.31,485.61,15.55,10.93,2.39,11.88,4.28,27.02,12.02,5.16,18.05,9.03,2.27,10.57,0.74,11.43,1.09,-2.33
jul-17,-0.52,8.18,-1.05,6.92,-594.4,-1261.15,666.75,6.83,17.84,-0.92,7.67,6.21,12.82,7.66,-2.69,13.23,4.95,0.14,2.56,-1.21,8.5,-1.37,1.35
ago-17,0.92,10.07,3.89,12.16,-1626.32,-1919.32,293.0,-4.02,5.77,1.2,10.31,18.78,20.01,9.79,1.56,15.8,6.84,-0.1,12.75,4.35,12.65,5.8,7.76
sep-17,-0.0,6.39,-1.19,7.31,-1199.76,-1725.33,525.57,4.94,4.12,-0.27,6.52,-7.7,29.91,6.96,1.05,9.87,5.45,4.82,10.93,-1.96,7.6,-3.14,0.54
oct-17,2.19,9.26,2.8,12.8,-1445.25,-1700.37,255.11,15.06,17.79,1.44,8.74,1.94,7.78,9.07,2.39,16.27,5.49,-1.06,12.95,3.73,13.71,1.12,5.9
nov-17,2.94,9.66,-1.35,8.76,77.85,-1588.59,1666.44,13.02,47.01,2.28,7.67,8.74,1.88,7.71,3.67,12.86,5.03,1.38,16.51,-2.1,7.69,0.85,7.07
dic-17,1.2,11.36,5.84,12.75,-1591.26,-1685.36,94.11,8.53,44.32,0.67,9.4,25.9,22.64,8.53,-0.95,10.43,7.51,10.29,21.7,5.45,11.82,2.66,7.94
ene-18,-2.11,8.13,-3.97,8.7,-851.44,-1210.09,358.66,-4.73,21.58,-1.91,7.23,18.99,60.41,6.09,-5.36,5.26,6.52,-8.85,12.01,-3.7,7.63,1.22,12.67
feb-18,4.11,11.79,2.9,11.22,-441.83,-1742.45,1300.62,7.52,37.0,3.85,10.19,8.44,5.18,10.34,11.25,18.28,6.27,5.77,12.19,2.23,10.12,4.05,18.65
mar-18,2.93,16.29,2.86,13.59,-426.68,-2038.44,1611.76,-5.23,45.16,3.58,14.65,5.79,49.74,14.62,5.5,24.27,9.61,2.79,15.14,3.56,12.96,-2.3,16.39
abr-18,-2.87,11.62,-2.17,12.47,-684.98,-1613.1,928.12,7.19,55.61,-3.6,9.14,6.28,19.25,9.09,-7.83,14.05,6.54,-2.32,15.62,-2.37,12.3,-0.35,9.46
may-18,-1.8,10.13,1.78,11.42,-2028.5,-1712.76,-315.74,-4.05,75.2,-1.61,7.02,6.15,38.97,6.6,-7.55,4.51,7.69,-2.15,12.35,2.89,11.65,-1.19,8.38
jun-18,1.92,8.98,1.35,11.83,-1849.06,-2212.16,363.1,-5.23,43.69,2.48,7.11,4.65,10.39,7.16,9.15,8.48,6.45,2.26,12.35,0.59,11.48,6.19,13.85
jul-18,0.59,10.19,0.38,13.45,-1779.98,-2281.03,501.06,-3.52,29.77,0.89,9.05,0.43,19.28,9.28,1.05,12.65,7.51,0.72,13.0,0.03,12.88,2.66,18.5
ago-18,1.1,10.39,-0.12,9.08,-1322.7,-1824.54,501.84,10.01,48.75,0.48,8.28,-7.4,10.4,9.02,1.61,12.71,7.06,2.14,15.54,-0.01,8.16,-3.86,7.68
sep-18,3.96,14.77,0.77,11.25,-125.89,-1724.94,1599.05,3.89,47.27,3.97,12.88,-4.72,2.18,13.87,8.37,20.88,10.07,-2.63,7.32,1.26,11.72,1.81,13.18
oct-18,-2.6,9.4,1.04,9.34,-1559.0,-2150.81,591.81,-9.08,16.37,-2.11,8.94,0.44,-16.16,9.71,-4.54,12.7,8.07,0.16,8.65,1.15,8.94,1.37,13.45
nov-18,-2.4,3.72,-0.14,10.68,-2423.98,-2616.91,192.92,-8.73,-6.03,-1.96,4.43,-4.58,-10.9,5.07,-2.35,6.16,4.46,-1.78,5.28,1.06,12.47,-7.19,4.41
dic-18,1.59,4.13,-4.64,-0.28,20.92,-1932.55,1953.46,-5.39,-18.07,2.05,5.87,-8.24,16.53,6.41,-0.58,6.55,6.34,-5.14,-9.45,-4.34,2.03,-6.45,-4.86
ene-19,-1.04,5.27,1.62,5.52,-988.03,-1750.74,762.71,4.73,-9.94,-1.39,6.43,6.51,-27.9,7.09,-6.07,5.75,7.79,-1.07,-1.72,1.24,7.25,8.72,2.19
feb-19,2.61,3.75,-0.62,1.92,233.13,-1271.18,1504.31,20.9,1.27,1.43,3.95,4.25,2.5,3.96,7.17,1.86,5.16,1.75,-5.46,-0.49,4.4,-4.69,-6.39
mar-19,-0.8,-0.0,-0.33,-1.23,50.3,-1923.56,1973.87,-10.31,-4.15,-0.07,0.3,1.94,-5.25,0.32,5.15,1.53,-0.4,3.66,-4.66,-0.7,0.1,-2.75,-6.82
abr-19,2.13,5.15,1.5,2.47,291.89,-2161.74,2453.63,-5.43,-15.44,2.65,6.8,13.91,-21.78,7.03,-1.8,8.17,6.39,5.54,3.02,0.77,3.32,1.73,-4.88
may-19,-0.28,6.77,-0.95,-0.28,551.26,-1909.09,2460.35,5.06,-7.42,-0.62,7.88,4.76,6.6,8.04,-1.23,15.56,4.26,-4.45,0.59,-0.24,0.17,-1.47,-5.15
jun-19,-0.36,4.38,-2.1,-3.68,1218.21,-2034.01,3252.23,-20.37,-22.21,0.98,6.31,10.16,-5.7,6.34,1.59,7.55,5.67,-1.75,-3.36,-1.3,-1.71,-9.45,-19.12
jul-19,-0.66,3.09,1.9,-2.22,243.95,-1652.67,1896.62,3.81,-16.3,-0.9,4.43,14.11,7.13,4.0,2.85,9.48,0.99,-0.91,-4.92,2.39,0.62,1.93,-19.7
ago-19,2.63,4.65,-0.73,-2.82,1539.68,-1737.58,3277.27,-7.36,-29.52,3.19,7.24,3.6,2.05,7.47,4.44,12.52,4.64,-1.7,-8.49,-1.41,-0.78,7.13,-10.53
sep-19,-4.16,-3.53,-1.23,-4.75,362.39,-1638.54,2000.93,1.29,-31.28,-4.43,-1.42,7.5,-8.53,-1.66,-8.47,-4.97,0.31,-2.16,-8.05,-0.81,-2.82,-3.48,-15.17
oct-19,-1.09,-2.03,-0.34,-6.05,76.66,-1885.72,1962.37,-6.13,-29.06,-0.82,-0.13,11.89,25.53,-0.91,-5.64,-6.07,2.03,6.77,-1.98,-2.11,-5.95,4.9,-12.22
nov-19,0.49,0.87,-1.55,-7.38,839.41,-1927.85,2767.26,4.8,-18.54,0.27,2.14,16.32,22.97,1.3,3.66,-0.29,2.21,-0.89,-1.1,-1.46,-8.3,-3.26,-8.5
dic-19,-0.24,-0.95,-0.42,-3.27,901.25,-1517.29,2418.54,13.13,-2.59,-0.94,-0.85,5.7,5.46,-1.23,-1.45,-1.17,-1.27,-3.9,0.19,0.4,-3.76,-1.92,-4.07
ene-20,2.94,3.03,1.31,-3.56,1526.25,-1584.06,3110.31,12.88,4.99,2.35,2.9,14.0,31.53,2.05,3.33,8.73,-1.35,5.04,6.38,1.07,-3.92,-2.13,-13.64
feb-20,-1.27,-0.86,-2.4,-5.29,1930.03,-2202.67,4132.7,-32.53,-41.41,0.79,2.26,9.39,-0.42,2.0,1.17,2.64,1.64,-3.21,1.2,-2.07,-5.45,-4.04,-13.05
mar-20,-4.69,-4.76,-4.61,-9.36,1809.45,-2147.34,3956.79,-21.69,-48.85,-3.94,-1.71,9.41,19.35,-2.49,-3.72,-6.02,-0.37,-13.64,-15.69,-1.98,-6.66,-13.75,-22.89
abr-20,-38.05,-42.22,-22.47,-30.77,-4275.95,-1259.95,-3016.0,-32.1,-63.27,-38.26,-40.88,-13.58,18.27,-42.88,-78.37,-79.3,-22.47,-31.91,-45.61,-22.63,-28.34,-5.53,-28.39
may-20,-19.54,-53.38,-18.71,-43.19,-3662.45,-489.33,-3173.12,10.32,-61.43,-20.72,-52.84,-1.2,-33.57,-55.39,-50.69,-89.67,-36.27,-16.38,-52.4,-20.18,-42.66,-9.1,-33.94
jun-20,75.69,-17.81,24.41,-27.8,4761.97,-384.7,5146.67,32.14,-36.0,78.08,-16.84,11.96,10.24,-18.43,547.21,-34.18,-9.63,6.77,-48.27,28.66,-25.25,11.99,-18.29
jul-20,9.1,-9.73,4.02,-26.3,6574.97,-738.89,7313.85,2.89,-36.56,9.35,-8.24,-11.06,5.56,-8.34,43.95,-7.87,-8.62,23.39,-35.58,2.21,-25.39,-0.47,-20.21
ago-20,9.26,-3.9,9.33,-18.84,7164.18,-655.71,7819.89,29.68,-11.2,8.48,-3.54,0.93,41.54,-4.37,2.87,-9.25,-1.42,12.63,-26.19,9.68,-17.0,2.07,-23.97
sep-20,-0.63,-0.37,6.84,-12.2,4807.83,-947.45,5755.28,-11.28,-22.22,-0.15,0.78,16.16,27.57,-0.23,-2.31,-3.14,1.41,2.92,-22.36,7.75,-9.83,3.91,-18.15
oct-20,6.24,7.01,1.34,-10.72,6722.84,-1241.01,7963.85,-10.4,-25.76,6.92,8.64,6.86,64.18,7.86,13.28,16.28,3.44,-0.22,-27.44,1.66,-6.36,0.42,-21.64
nov-20,-3.01,3.28,7.66,-2.36,2949.01,-1140.61,4089.63,23.41,-12.57,-3.92,4.11,-4.07,49.87,3.77,-10.62,0.26,5.72,13.4,-16.98,6.81,1.5,8.13,-12.42
dic-20,3.44,7.1,1.89,-0.1,3609.15,-1129.88,4739.03,20.02,-7.25,2.72,7.96,-0.84,14.8,8.24,5.84,7.68,8.56,4.15,-10.03,1.53,2.64,2.21,-8.74
ene-21,0.24,4.29,2.95,1.51,2625.4,-1155.79,3781.2,1.54,-16.58,0.18,5.66,-7.95,42.49,5.71,1.95,6.24,5.41,1.56,-13.0,3.01,4.62,4.33,-2.71
feb-21,-4.93,0.42,-4.27,-0.43,2247.76,-1267.8,3515.56,1.33,25.3,-5.26,-0.68,3.32,42.44,-1.5,-12.4,-8.01,2.15,-1.9,-11.83,-5.36,1.11,2.68,4.09
mar-21,3.95,9.52,22.22,27.57,-4271.5,-4458.89,187.39,6.86,70.98,3.79,7.31,5.0,38.21,6.86,-1.28,-5.67,13.96,8.07,10.34,26.59,30.58,3.25,24.61
abr-21,-0.27,76.3,-11.21,46.1,574.79,-1582.16,2156.95,-0.47,150.62,-0.26,73.36,15.18,14.8,78.89,8.22,372.02,35.02,-0.82,60.74,-13.15,46.58,-5.26,24.97
may-21,2.32,124.2,4.86,88.46,-407.86,-1811.36,1403.5,7.31,143.78,2.03,123.12,13.57,77.76,134.66,-0.21,855.36,69.51,11.44,114.2,3.97,90.93,3.71,42.58
jun-21,0.38,28.09,-0.3,51.03,-131.87,-1653.06,1521.19,8.22,99.65,-0.09,25.17,1.61,76.91,25.58,-6.07,38.65,20.25,-1.59,97.43,0.11,48.56,-2.27,24.42
jul-21,0.52,18.03,6.84,55.12,-2723.1,-1994.23,-728.86,6.63,106.89,0.13,14.62,19.85,49.02,13.75,-5.37,-8.86,27.34,4.85,67.76,7.24,55.88,5.98,32.48
ago-21,-1.74,6.15,-2.54,38.28,-2322.06,-2066.31,-255.74,-0.59,58.6,-1.81,3.74,17.01,24.41,2.73,-3.28,-14.31,12.2,-8.19,36.74,-1.68,39.73,-2.3,26.81
sep-21,1.47,8.4,-0.22,29.13,-1631.12,-1980.11,348.99,-6.95,66.34,2.06,6.04,7.06,4.75,6.01,3.41,-9.3,14.26,2.71,36.47,-0.95,28.46,2.82,25.48
oct-21,1.05,3.11,2.67,30.82,-2337.87,-1999.45,-338.42,8.57,101.55,0.57,-0.25,7.11,5.03,-0.7,-0.42,-20.26,10.85,4.68,43.18,2.44,29.44,1.9,27.33
nov-21,8.68,15.54,2.86,24.98,6.68,-1989.74,1996.42,6.07,73.23,8.86,13.01,19.9,0.05,13.01,24.05,10.67,14.24,3.15,30.23,2.56,24.3,5.36,24.07
dic-21,-0.11,11.57,4.36,28.01,-2004.25,-2301.13,296.88,0.19,44.61,-0.13,9.88,13.12,15.74,9.64,-8.4,-4.23,17.21,7.03,33.83,4.35,27.75,0.4,21.88
ene-22,-6.64,3.91,-4.12,19.22,-3055.84,-2254.56,-801.28,-5.6,34.45,-6.71,2.33,10.84,-14.55,2.35,-14.89,-20.05,15.02,0.6,32.56,-5.37,17.36,0.88,17.85
feb-22,17.36,28.28,7.42,33.79,891.33,-1744.49,2635.82,15.23,52.88,17.51,26.91,6.09,24.59,27.95,45.97,33.22,25.29,3.68,40.09,9.2,35.41,-3.34,10.95
mar-22,-3.89,18.61,2.2,11.87,-2087.51,-2163.18,75.68,15.85,65.76,-5.21,15.91,5.49,-5.77,16.9,-13.9,16.18,17.24,6.82,38.47,1.2,8.25,4.89,12.72
abr-22,2.18,21.53,3.19,30.01,-2631.94,-2561.55,-70.39,12.82,87.9,1.31,17.74,17.93,14.28,17.79,2.84,10.41,21.65,3.87,45.01,2.88,28.22,5.24,25.22
may-22,-0.25,18.48,0.98,25.21,-3254.52,-3216.14,-38.38,-7.56,61.86,0.42,15.87,9.04,8.45,16.33,-3.52,6.74,21.22,-2.02,27.49,1.51,25.18,0.88,21.8
jun-22,1.8,20.16,4.03,30.65,-4461.4,-4323.62,-137.78,2.43,53.2,1.75,18.01,8.88,-34.64,19.82,7.3,21.94,18.82,13.21,46.67,2.97,28.76,-0.69,23.77
jul-22,-2.68,16.34,-0.53,21.64,-5492.31,-4416.36,-1075.96,-6.24,34.71,-2.38,15.06,15.06,-3.92,15.53,-11.86,13.58,16.37,1.71,42.28,-1.09,18.75,1.1,18.07
ago-22,1.46,20.12,-2.95,21.13,-3221.8,-3487.66,265.85,-12.75,18.23,2.61,20.25,2.02,-23.88,22.28,18.17,38.77,15.29,-11.7,36.84,-1.95,18.43,3.65,25.26
sep-22,5.95,25.41,-0.29,21.05,-186.09,-3510.74,3324.65,2.45,30.18,6.19,25.11,-9.88,3.23,27.22,6.42,42.8,20.56,2.24,36.21,-0.8,18.61,0.53,22.46
oct-22,-5.2,17.66,-1.15,16.55,-2264.0,-3287.49,1023.48,-15.52,1.29,-4.51,18.79,3.07,-12.63,20.32,-6.78,33.69,14.64,-4.53,24.22,-0.86,14.78,1.74,22.27
nov-22,-1.38,6.77,-3.67,9.15,-1065.83,-2621.99,1556.15,-10.44,-14.47,-0.84,8.2,-0.14,2.53,8.69,1.02,8.87,8.6,-7.73,11.12,-3.22,8.31,-1.46,14.36
dic-22,0.38,7.3,1.86,6.55,-1798.0,-2411.11,613.11,17.6,0.39,-0.53,7.76,10.98,10.82,7.57,-1.47,17.12,3.3,-0.63,3.17,2.05,5.93,3.79,18.22
ene-23,6.82,22.77,2.0,13.35,493.14,-2911.33,3404.47,0.89,7.29,7.2,23.83,3.93,8.31,25.04,17.91,62.26,10.4,22.97,26.11,-0.98,10.84,-0.61,16.48
feb-23,-7.32,-3.05,-1.19,4.25,-2671.28,-3077.49,406.21,-13.99,-19.91,-6.93,-1.92,8.02,-11.58,-2.11,-16.78,-7.5,0.78,-3.8,17.01,-1.39,0.1,5.15,26.7
mar-23,2.05,2.94,-1.36,0.63,-1005.5,-2631.48,1625.98,2.79,-28.94,2.01,5.55,5.7,15.04,5.36,8.41,16.47,0.2,-0.91,8.54,-1.67,-2.74,0.59,21.51
abr-23,-1.08,-0.35,2.91,0.35,-2979.74,-2342.35,-637.39,5.55,-33.52,-1.45,2.68,-3.13,18.49,2.66,-12.26,-0.63,4.22,2.93,7.56,2.79,-2.82,3.87,19.93
may-23,2.08,1.99,-1.57,-2.18,-1170.18,-1394.43,224.25,-0.85,-28.7,2.26,4.56,0.34,-29.74,5.39,19.84,23.43,-2.7,-0.05,9.72,-2.13,-6.31,0.62,19.61
jun-23,1.47,1.65,-0.07,-6.04,-410.44,-983.26,572.82,4.64,-27.16,1.29,4.09,1.34,65.53,3.32,-4.91,9.39,0.4,-4.03,-6.99,-0.1,-9.1,6.3,28.04
jul-23,-0.72,3.7,-0.91,-6.4,-310.22,-1589.33,1279.11,-5.8,-26.82,-0.42,6.17,2.44,-25.1,6.98,8.5,34.66,-4.65,1.91,-6.81,-1.19,-9.19,-2.75,23.17
ago-23,0.76,2.98,0.49,-3.09,-176.28,-1882.95,1706.67,15.17,-3.39,-0.05,3.42,7.94,12.99,3.08,-3.26,10.24,-0.57,9.89,15.98,-1.17,-8.48,-0.67,18.02
sep-23,0.91,-1.92,3.9,0.98,-1677.21,-2358.18,680.97,9.83,3.57,0.33,-2.28,14.92,25.04,-3.27,2.99,6.69,-8.32,8.8,23.42,2.6,-5.34,5.77,24.18
oct-23,-1.66,1.75,-2.39,-0.29,-1267.73,-2379.5,1111.77,-11.38,8.64,-0.97,1.34,4.08,-15.91,1.54,1.85,16.56,-5.9,-5.94,21.6,-1.14,-5.62,-5.6,15.21
nov-23,-1.48,1.64,-0.92,2.56,-1536.91,-2457.48,920.56,-16.73,1.01,-0.52,1.67,1.41,-22.23,2.13,-6.88,7.45,-0.58,-0.78,30.76,-1.1,-3.55,0.28,17.25
dic-23,3.18,4.47,-0.48,0.2,257.03,-1739.08,1996.11,10.87,-4.78,2.77,5.05,-3.0,-14.63,5.79,7.53,17.26,-0.01,1.89,34.08,-1.01,-6.45,-0.34,12.58
ene-24,-1.79,-3.96,-0.57,-2.32,-360.7,-1424.8,1064.1,7.33,1.3,-2.31,-4.27,3.26,11.79,-4.82,-6.66,-7.17,-3.46,-0.74,8.23,-1.12,-6.58,3.89,17.67
feb-24,4.88,8.69,8.12,6.89,-1996.72,-1727.75,-268.97,-1.23,16.33,5.26,8.27,13.12,-7.66,8.36,10.11,22.82,1.24,4.96,18.09,9.8,4.02,1.19,13.24
mar-24,-3.91,2.34,-2.66,5.47,-2589.92,-2750.03,160.11,-28.59,-19.18,-2.46,3.52,8.12,-24.63,3.92,-9.59,2.43,4.72,2.56,22.23,-4.23,1.31,0.83,13.51
abr-24,-0.4,3.04,0.5,3.01,-3055.05,-1863.05,-1192.01,4.21,-20.21,-0.6,4.41,16.3,-3.96,4.09,2.98,20.22,-3.21,-3.73,14.32,1.45,-0.01,0.7,10.04
may-24,4.33,5.3,-0.95,3.65,-400.92,-1157.62,756.7,40.61,13.15,2.69,4.85,8.46,50.27,4.13,1.43,1.76,5.49,-1.25,12.95,-0.87,1.27,-1.05,8.22
jun-24,-3.31,0.34,2.03,5.84,-3179.63,-2107.11,-1072.52,-29.7,-23.99,-1.68,1.78,2.04,13.47,1.5,-3.2,3.58,0.41,-1.91,15.45,3.17,4.58,-0.03,1.77
jul-24,5.42,6.54,0.13,6.95,-535.82,-1714.95,1179.13,7.67,-13.12,5.32,7.64,-2.83,35.16,7.7,5.36,0.58,11.92,0.28,13.6,0.61,6.49,-3.76,0.71
ago-24,-3.42,2.12,2.18,8.75,-3504.49,-1895.04,-1609.45,-2.22,-26.24,-3.47,3.95,1.5,4.65,4.05,-5.0,-1.23,7.03,1.28,4.7,2.7,10.66,-0.51,0.87
sep-24,-0.19,1.01,-5.42,-1.0,-644.44,-2125.29,1480.85,-17.78,-44.78,0.62,4.25,11.42,25.97,3.55,-2.53,-6.52,9.49,-2.78,-6.45,-6.63,0.71,0.18,-4.46
oct-24,4.26,7.09,2.06,3.52,459.83,-1441.29,1901.12,29.49,-19.31,3.32,8.76,5.73,56.64,8.17,12.13,2.92,11.39,-4.54,-5.05,3.63,5.58,0.74,1.95
nov-24,-0.79,7.84,2.47,7.06,-1262.6,-1265.63,3.03,10.51,7.08,-1.32,7.88,6.73,49.4,7.33,-7.99,1.69,10.44,3.46,-1.0,1.82,8.7,6.1,7.87
dic-24,-1.87,2.57,-2.22,5.18,-1048.18,-1753.48,705.3,-9.12,-12.22,-1.49,3.41,3.68,56.61,2.56,-4.17,-9.37,9.64,-5.46,-8.14,-0.9,8.82,-7.44,0.18
ene-25,1.44,5.94,-0.09,5.69,-255.48,-2430.77,2175.29,-27.02,-40.32,2.82,8.84,7.8,14.86,8.77,3.05,0.05,13.62,1.55,-6.02,0.18,10.25,-4.77,-8.17
feb-25,-0.26,0.75,-3.17,-5.35,1280.51,-1778.59,3059.1,19.44,-27.83,-0.93,2.44,-11.3,17.24,2.82,-2.58,-11.48,11.35,-0.35,-10.78,-4.31,-3.91,1.96,-7.47
mar-25,1.54,6.47,3.41,0.56,343.9,-1016.32,1360.21,4.38,5.49,1.42,6.51,-9.21,35.6,6.75,4.67,2.48,9.01,-5.04,-17.39,5.87,6.23,-2.87,-10.86
abr-25,0.62,7.56,1.77,1.83,-261.43,-2857.58,2596.15,-10.88,-9.78,1.11,8.35,-11.43,44.58,8.58,-3.71,-4.18,15.76,11.18,-4.58,0.22,4.94,0.63,-10.93
may-25,-0.12,2.98,-0.56,2.23,-22.83,-1970.13,1947.29,1.82,-34.67,-0.19,5.3,-9.15,35.44,5.37,-0.93,-6.41,11.83,-2.69,-5.97,-0.0,5.86,-1.74,-11.55
jun-25,1.4,7.99,0.81,1.0,293.58,-2375.23,2668.81,-23.86,-29.23,2.37,9.64,-7.61,-6.03,10.76,5.43,1.93,15.55,0.58,-3.59,0.98,3.62,-0.35,-11.83
jul-25,0.57,3.02,1.18,2.05,-34.35,-2003.67,1969.32,18.22,-22.3,0.06,4.17,-2.77,23.45,4.09,-4.44,-7.54,10.29,5.15,1.1,-0.2,2.78,6.76,-2.19
ago-25,3.76,10.68,3.8,3.68,-56.02,-2032.26,1976.24,-5.23,-24.69,4.07,12.3,-10.88,43.31,12.72,3.46,0.69,19.01,-1.6,-1.78,5.62,5.7,-2.33,-3.97
sep-25,-0.93,9.86,0.85,10.55,-1065.93,-2133.33,1067.4,-5.93,-13.84,-0.78,10.74,-20.15,18.69,11.95,-5.83,-2.73,19.33,-0.74,0.29,1.54,14.95,-2.68,-6.71
oct-25,8.32,14.14,3.73,12.35,1465.19,-2042.21,3507.4,5.28,-29.95,8.41,16.2,-17.29,19.62,17.5,-0.79,-13.94,35.32,5.82,11.16,3.72,15.05,0.14,-7.26
nov-25,-3.17,11.41,0.09,9.74,-506.62,-2457.54,1950.91,-2.76,-38.37,-3.18,14.02,-17.0,52.93,14.51,6.97,0.06,21.86,-0.45,6.97,0.29,13.32,-0.93,-13.41
dic-25,-0.15,13.35,0.24,12.51,-740.8,-2347.68,1606.88,-5.27,-35.75,-0.01,15.73,-14.56,34.68,16.53,-5.2,-1.02,25.14,5.77,19.67,-0.97,13.23,2.07,-4.51
ene-26,0.31,12.08,1.23,13.99,-1293.12,-2268.51,975.39,-24.14,-33.21,0.96,13.64,-11.62,80.3,13.33,-2.27,-6.14,22.85,-14.99,0.18,4.69,18.33,-0.87,-0.6
feb-26,3.13,15.89,2.54,20.71,-979.51,-2233.38,1253.87,33.7,-25.24,2.51,17.59,-12.42,107.97,17.1,0.7,-2.97,26.63,4.87,5.43,2.9,27.25,-5.06,-7.44
mar-26,8.52,23.86,2.74,19.93,2499.38,-2481.75,4981.13,8.88,-22.02,8.51,25.81,-4.62,97.35,25.57,8.23,0.33,38.1,3.13,14.5,2.23,22.86,7.76,2.68
