Periodo,INPC_Quincenal,INPC_Anual,Subyacente_Quincenal,Subyacente_Anual,No_subyacente_Quincenal,No_subyacente_Anual
Q01-88,0.0,,,,,
Q02-88,3.51,,,,,
Q03-88,5.05,,,,,
Q04-88,2.78,,,,,
Q05-88,2.9,,,,,
Q06-88,1.54,,,,,
Q07-88,2.07,,,,,
Q08-88,0.45,,,,,
Q09-88,1.16,,,,,
Q10-88,1.09,,,,,
Q11-88,1.11,,,,,
Q12-88,0.75,,,,,
Q13-88,1.07,,,,,
Q14-88,0.43,,,,,
Q15-88,0.66,,,,,
Q16-88,0.08,,,,,
Q17-88,0.53,,,,,
Q18-88,0.01,,,,,
Q19-88,0.47,,,,,
Q20-88,0.57,,,,,
Q21-88,0.83,,,,,
Q22-88,0.44,,,,,
Q23-88,1.51,,,,,
Q24-88,0.69,,,,,
Q01-89,1.65,,,,,
Q02-89,0.88,,,,,
Q03-89,0.76,,,,,
Q04-89,0.3,,,,,
Q05-89,0.66,,,,,
Q06-89,0.55,,,,,
Q07-89,1.02,,,,,
Q08-89,0.38,,,,,
Q09-89,0.83,,,,,
Q10-89,0.69,,,,,
Q11-89,0.7,,,,,
Q12-89,0.33,,,,,
Q13-89,0.64,,,,,
Q14-89,0.38,,,,,
Q15-89,0.61,,,,,
Q16-89,0.29,,,,,
Q17-89,0.52,,,,,
Q18-89,0.58,,,,,
Q19-89,0.95,,,,,
Q20-89,0.46,,,,,
Q21-89,0.83,,,,,
Q22-89,0.68,,,,,
Q23-89,1.77,,,,,
Q24-89,2.46,,,,,
Q01-90,2.95,,,,,
Q02-90,1.21,,,,,
Q03-90,1.18,,,,,
Q04-90,0.95,,,,,
Q05-90,0.97,,,,,
Q06-90,0.64,,,,,
Q07-90,0.78,,,,,
Q08-90,0.85,,,,,
Q09-90,0.85,,,,,
Q10-90,0.92,,,,,
Q11-90,1.35,,,,,
Q12-90,0.76,,,,,
Q13-90,1.02,,,,,
Q14-90,0.82,,,,,
Q15-90,1.04,,,,,
Q16-90,0.5,,,,,
Q17-90,0.87,,,,,
Q18-90,0.6,,,,,
Q19-90,0.86,,,,,
Q20-90,0.54,,,,,
Q21-90,1.19,,,,,
Q22-90,2.36,,,,,
Q23-90,1.35,,,,,
Q24-90,1.22,,,,,
Q01-91,1.54,,,,,
Q02-91,0.78,,,,,
Q03-91,1.01,,,,,
Q04-91,0.68,,,,,
Q05-91,0.82,,,,,
Q06-91,0.52,,,,,
Q07-91,0.61,,,,,
Q08-91,0.36,,,,,
Q09-91,0.5,,,,,
Q10-91,0.59,,,,,
Q11-91,0.64,,,,,
Q12-91,0.24,,,,,
Q13-91,0.57,,,,,
Q14-91,0.39,,,,,
Q15-91,0.38,,,,,
Q16-91,0.24,,,,,
Q17-91,0.66,,,,,
Q18-91,0.42,,,,,
Q19-91,0.59,,,,,
Q20-91,0.72,,,,,
Q21-91,1.45,,,,,
Q22-91,1.31,,,,,
Q23-91,1.2,,,,,
Q24-91,0.98,,,,,
Q01-92,0.97,,,,,
Q02-92,0.71,,,,,
Q03-92,0.61,,,,,
Q04-92,0.43,,,,,
Q05-92,0.58,,,,,
Q06-92,0.44,,,,,
Q07-92,0.51,,,,,
Q08-92,0.32,,,,,
Q09-92,0.36,,,,,
Q10-92,0.28,,,,,
Q11-92,0.39,,,,,
Q12-92,0.29,,,,,
Q13-92,0.35,,,,,
Q14-92,0.27,,,,,
Q15-92,0.33,,,,,
Q16-92,0.29,,,,,
Q17-92,0.57,,,,,
Q18-92,0.31,,,,,
Q19-92,0.4,,,,,
Q20-92,0.32,,,,,
Q21-92,0.43,,,,,
Q22-92,0.47,,,,,
Q23-92,0.89,,,,,
Q24-92,0.59,,,,,
Q01-93,0.75,,,,,
Q02-93,0.41,,,,,
Q03-93,0.47,,,,,
Q04-93,0.28,,,,,
Q05-93,0.31,,,,,
Q06-93,0.27,,,,,
Q07-93,0.3,,,,,
Q08-93,0.28,,,,,
Q09-93,0.29,,,,,
Q10-93,0.29,,,,,
Q11-93,0.28,,,,,
Q12-93,0.26,,,,,
Q13-93,0.24,,,,,
Q14-93,0.21,,,,,
Q15-93,0.31,,,,,
Q16-93,0.25,,,,,
Q17-93,0.51,,,,,
Q18-93,0.22,,,,,
Q19-93,0.22,,,,,
Q20-93,0.16,,,,,
Q21-93,0.26,,,,,
Q22-93,0.2,,,,,
Q23-93,0.39,,,,,
Q24-93,0.54,,,,,
Q01-94,0.39,,,,,
Q02-94,0.23,,,,,
Q03-94,0.28,,,,,
Q04-94,0.23,,,,,
Q05-94,0.29,,,,,
Q06-94,0.22,,,,,
Q07-94,0.28,,,,,
Q08-94,0.21,,,,,
Q09-94,0.27,,,,,
Q10-94,0.22,,,,,
Q11-94,0.27,,,,,
Q12-94,0.23,,,,,
Q13-94,0.24,,,,,
Q14-94,0.17,,,,,
Q15-94,0.27,,,,,
Q16-94,0.23,,,,,
Q17-94,0.49,,,,,
Q18-94,0.22,,,,,
Q19-94,0.3,,,,,
Q20-94,0.22,,,,,
Q21-94,0.31,,,,,
Q22-94,0.23,,,,,
Q23-94,0.44,,,,,
Q24-94,0.64,,,,,
Q01-95,2.33,,,,,
Q02-95,2.16,,,,,
Q03-95,2.17,,,,,
Q04-95,1.89,,2.09,,,
Q05-95,3.11,,2.07,,,
Q06-95,3.5,,2.47,,,
Q07-95,5.0,,4.93,,,
Q08-95,2.17,,2.62,,,
Q09-95,2.18,,2.68,,,
Q10-95,1.74,,2.11,,,
Q11-95,1.65,,1.77,,,
Q12-95,1.26,,1.43,,,
Q13-95,1.01,,1.01,,,
Q14-95,0.78,,0.9,,,
Q15-95,0.9,,1.04,,,
Q16-95,0.72,,0.89,,,
Q17-95,1.25,,1.5,,,
Q18-95,0.9,,0.97,,,
Q19-95,1.1,,0.92,,,
Q20-95,1.0,,0.81,,,
Q21-95,1.38,,0.94,,,
Q22-95,1.15,,1.2,,,
Q23-95,1.58,,1.52,,,
Q24-95,2.15,,1.4,,,
Q01-96,1.91,,1.66,,,
Q02-96,1.17,,1.38,,,
Q03-96,1.22,,1.18,,,
Q04-96,1.04,,1.1,,,
Q05-96,1.08,,1.18,,,
Q06-96,1.19,,1.16,,,
Q07-96,1.78,,1.64,,,
Q08-96,0.9,,0.85,,,
Q09-96,0.95,,0.96,,,
Q10-96,0.83,,0.78,,,
Q11-96,0.86,,0.91,,,
Q12-96,0.69,,0.67,,,
Q13-96,0.73,,0.75,,,
Q14-96,0.67,,0.7,,,
Q15-96,0.71,,0.66,,,
Q16-96,0.56,,0.68,,,
Q17-96,1.04,,1.18,,,
Q18-96,0.55,,0.62,,,
Q19-96,0.7,,0.48,,,
Q20-96,0.53,,0.57,,,
Q21-96,0.89,,0.6,,,
Q22-96,0.71,,0.62,,,
Q23-96,2.34,,1.26,,,
Q24-96,0.97,,0.93,,,
Q01-97,1.6,,1.7,,,
Q02-97,0.94,,0.96,,,
Q03-97,0.89,,0.88,,,
Q04-97,0.62,,0.77,,,
Q05-97,0.66,,0.6,,,
Q06-97,0.54,,0.52,,,
Q07-97,0.58,,0.63,,,
Q08-97,0.45,,0.61,,,
Q09-97,0.48,,0.63,,,
Q10-97,0.4,,0.54,,,
Q11-97,0.49,,0.54,,,
Q12-97,0.39,,0.5,,,
Q13-97,0.48,,0.32,,,
Q14-97,0.38,,0.21,,,
Q15-97,0.48,,0.38,,,
Q16-97,0.43,,0.43,,,
Q17-97,0.87,,0.99,,,
Q18-97,0.32,,0.5,,,
Q19-97,0.47,,0.44,,,
Q20-97,0.33,,0.46,,,
Q21-97,0.72,,0.51,,,
Q22-97,0.46,,0.51,,,
Q23-97,0.76,,0.62,,,
Q24-97,0.82,,0.49,,,
Q01-98,1.34,,1.22,,,
Q02-98,0.82,,0.91,,,
Q03-98,1.08,,1.22,,,
Q04-98,0.5,,0.62,,,
Q05-98,0.69,,0.58,,,
Q06-98,0.45,,0.5,,,
Q07-98,0.51,,0.66,,,
Q08-98,0.4,,0.53,,,
Q09-98,0.39,,0.63,,,
Q10-98,0.41,,0.43,,,
Q11-98,0.76,,0.8,,,
Q12-98,0.42,,0.41,,,
Q13-98,0.55,,0.34,,,
Q14-98,0.41,,0.3,,,
Q15-98,0.52,,0.59,,,
Q16-98,0.47,,0.6,,,
Q17-98,0.95,,1.18,,,
Q18-98,0.86,,1.04,,,
Q19-98,0.78,,0.71,,,
Q20-98,0.44,,0.46,,,
Q21-98,0.97,,0.57,,,
Q22-98,1.14,,0.53,,,
Q23-98,1.4,,0.96,,,
Q24-98,0.91,,0.65,,,
Q01-99,1.62,,1.62,,,
Q02-99,0.87,,1.03,,,
Q03-99,0.69,,0.86,,,
Q04-99,0.42,,0.8,,,
Q05-99,0.48,,0.77,,,
Q06-99,0.48,,0.66,,,
Q07-99,0.47,,0.6,,,
Q08-99,0.42,,0.51,,,
Q09-99,0.24,,0.56,,,
Q10-99,0.29,,0.39,,,
Q11-99,0.37,,0.43,,,
Q12-99,0.27,,0.35,,,
Q13-99,0.39,,0.23,,,
Q14-99,0.27,,0.28,,,
Q15-99,0.31,,0.42,,,
Q16-99,0.24,,0.42,,,
Q17-99,0.7,,0.88,,,
Q18-99,0.3,,0.37,,,
Q19-99,0.37,,0.37,,,
Q20-99,0.22,,0.39,,,
Q21-99,0.61,,0.3,,,
Q22-99,0.34,,0.34,,,
Q23-99,0.51,,0.42,,,
Q24-99,0.64,,0.36,,,
Q01-00,0.75,,0.76,,,
Q02-00,0.54,,0.7,,,
Q03-00,0.49,,0.59,,,
Q04-00,0.25,,0.4,,,
Q05-00,0.32,,0.33,,,
Q06-00,0.22,,0.3,,,
Q07-00,0.34,,0.3,,,
Q08-00,0.23,,0.18,,,
Q09-00,0.16,,0.28,,,
Q10-00,0.2,,0.18,,,
Q11-00,0.38,,0.19,,,
Q12-00,0.23,,0.13,,,
Q13-00,0.21,,0.17,,,
Q14-00,0.13,,0.21,,,
Q15-00,0.26,,0.23,,,
Q16-00,0.45,,0.19,,,
Q17-00,0.45,,0.63,,,
Q18-00,0.11,,0.23,,,
Q19-00,0.44,,0.18,,,
Q20-00,0.38,,0.24,,,
Q21-00,0.54,,0.32,,,
Q22-00,0.24,,0.26,,,
Q23-00,0.72,,0.32,,,
Q24-00,0.48,,0.18,,,
Q01-01,0.28,,0.49,,,
Q02-01,0.07,,0.39,,,
Q03-01,-0.13,,0.44,,,
Q04-01,0.07,,0.34,,,
Q05-01,0.34,,0.24,,,
Q06-01,0.52,,0.29,,,
Q07-01,0.15,,0.27,,,
Q08-01,0.19,,0.19,,,
Q09-01,0.02,,0.22,,,
Q10-01,0.22,,0.19,,,
Q11-01,0.11,,0.16,,,
Q12-01,0.04,,0.13,,,
Q13-01,-0.36,,0.09,,,
Q14-01,0.16,,0.01,,,
Q15-01,0.35,,0.3,,,
Q16-01,0.33,,0.01,,,
Q17-01,0.67,,0.66,,,
Q18-01,0.18,,0.22,,,
Q19-01,0.25,,0.1,,,
Q20-01,0.23,,0.12,,,
Q21-01,0.28,,0.12,,,
Q22-01,-0.03,,0.13,,,
Q23-01,0.16,,0.15,,,
Q24-01,0.0,,0.05,,,
Q01-02,0.73,,0.3,,,
Q02-02,0.39,,0.28,,,
Q03-02,-0.26,,0.45,,,
Q04-02,0.0,,0.27,,,
Q05-02,0.29,,0.22,,,
Q06-02,0.44,,0.16,,,
Q07-02,0.45,,0.24,,,
Q08-02,-0.25,,0.09,,,
Q09-02,0.27,,0.1,,,
Q10-02,0.11,,0.1,,,
Q11-02,0.35,,0.06,,,
Q12-02,0.17,,0.03,,,
Q13-02,0.13,,0.08,,,
Q14-02,0.15,,0.09,,,
Q15-02,0.25,,0.24,,,
Q16-02,0.12,,0.15,,,
Q17-02,0.49,,0.55,,,
Q18-02,0.1,,0.13,,,
Q19-02,0.34,,0.12,,,
Q20-02,0.11,,0.12,,,
Q21-02,0.61,,0.08,,,
Q22-02,0.28,,0.12,,,
Q23-02,0.23,,0.09,,,
Q24-02,0.13,,0.12,,,
Q01-03,0.32,,0.26,,,
Q02-03,0.04,,0.28,,,
Q03-03,0.15,,0.27,,,
Q04-03,0.22,,0.22,,,
Q05-03,0.39,,0.22,,,
Q06-03,0.26,,0.19,,,
Q07-03,0.01,,0.19,,,
Q08-03,0.06,,0.11,,,
Q09-03,-0.41,,0.14,,,
Q10-03,0.12,,0.16,,,
Q11-03,-0.02,,0.03,,,
Q12-03,0.09,,0.02,,,
Q13-03,0.09,,0.08,,,
Q14-03,0.03,,0.11,,,
Q15-03,0.18,,0.29,,,
Q16-03,0.21,,0.07,,,
Q17-03,0.47,,0.42,,,
Q18-03,0.04,,0.09,,,
Q19-03,0.28,,0.14,,,
Q20-03,0.13,,0.08,,,
Q21-03,0.69,,0.17,,,
Q22-03,0.15,,0.14,,,
Q23-03,0.22,,0.14,,,
Q24-03,0.26,,0.16,,,
Q01-04,0.33,,0.19,,,
Q02-04,0.32,,0.24,,,
Q03-04,0.32,,0.25,,,
Q04-04,0.23,,0.2,,,
Q05-04,0.18,,0.19,,,
Q06-04,0.07,,0.2,,,
Q07-04,0.0,,0.18,,,
Q08-04,0.23,,0.12,,,
Q09-04,-0.37,,0.11,,,
Q10-04,0.02,,0.13,,,
Q11-04,0.09,,0.16,,,
Q12-04,0.12,,0.1,,,
Q13-04,0.15,,0.08,,,
Q14-04,0.11,,0.09,,,
Q15-04,0.38,,0.17,,,
Q16-04,0.36,,0.15,,,
Q17-04,0.55,,0.46,,,
Q18-04,0.18,,0.12,,,
Q19-04,0.51,,0.17,,,
Q20-04,0.17,,0.13,,,
Q21-04,0.64,,0.13,,,
Q22-04,0.25,,0.1,,,
Q23-04,0.15,,0.18,,,
Q24-04,-0.14,,0.1,,,
Q01-05,0.08,,0.26,,,
Q02-05,-0.02,,0.16,,,
Q03-05,0.17,,0.23,,,
Q04-05,0.34,,0.17,,,
Q05-05,0.2,,0.16,,,
Q06-05,0.16,,0.08,,,
Q07-05,0.08,,0.11,,,
Q08-05,0.4,,0.1,,,
Q09-05,-0.42,,0.09,,,
Q10-05,-0.06,,0.12,,,
Q11-05,-0.15,,0.12,,,
Q12-05,0.16,,0.15,,,
Q13-05,0.28,,0.1,,,
Q14-05,0.06,,0.07,,,
Q15-05,0.07,,0.1,,,
Q16-05,0.03,,0.01,,,
Q17-05,0.36,,0.44,,,
Q18-05,0.06,,0.12,,,
Q19-05,0.19,,0.13,,,
Q20-05,0.06,,0.11,,,
Q21-05,0.67,,0.11,,,
Q22-05,0.05,,0.09,,,
Q23-05,0.42,,0.2,,,
Q24-05,0.35,,0.1,,,
Q01-06,0.32,,0.12,,,
Q02-06,0.18,,0.13,,,
Q03-06,0.07,,0.21,,,
Q04-06,-0.02,,0.12,,,
Q05-06,0.04,,0.22,,,
Q06-06,0.19,,0.27,,,
Q07-06,0.03,,0.2,,,
Q08-06,0.05,,0.02,,,
Q09-06,-0.49,,0.07,,,
Q10-06,0.04,,0.15,,,
Q11-06,0.07,,0.18,,,
Q12-06,-0.01,,0.13,,,
Q13-06,0.23,,0.16,,,
Q14-06,0.11,,0.08,,,
Q15-06,0.3,,0.13,,,
Q16-06,0.32,,0.01,,,
Q17-06,0.6,,0.49,,,
Q18-06,0.49,,0.15,,,
Q19-06,0.28,,0.12,,,
Q20-06,-0.18,,0.1,,,
Q21-06,0.51,,0.13,,,
Q22-06,0.21,,0.17,,,
Q23-06,0.39,,0.28,,,
Q24-06,0.18,,0.06,,,
Q01-07,0.33,,0.33,,,
Q02-07,0.2,,0.22,,,
Q03-07,0.14,,0.22,,,
Q04-07,0.08,,0.12,,,
Q05-07,0.08,,0.15,,,
Q06-07,0.19,,0.2,,,
Q07-07,-0.21,,0.04,,,
Q08-07,0.11,,0.12,,,
Q09-07,-0.51,,0.1,,,
Q10-07,-0.06,,0.09,,,
Q11-07,0.08,,0.17,,,
Q12-07,0.14,,0.18,,,
Q13-07,0.25,,0.18,,,
Q14-07,0.22,,0.1,,,
Q15-07,0.2,,0.18,,,
Q16-07,0.19,,0.11,,,
Q17-07,0.62,,0.39,,,
Q18-07,0.12,,0.12,,,
Q19-07,0.32,,0.19,,,
Q20-07,0.02,,0.18,,,
Q21-07,0.64,,0.17,,,
Q22-07,0.1,,0.13,,,
Q23-07,0.2,,0.3,,,
Q24-07,0.33,,0.11,,,
Q01-08,0.27,,0.25,,,
Q02-08,0.05,,0.19,,,
Q03-08,0.13,,0.24,,,
Q04-08,0.29,,0.28,,,
Q05-08,0.48,,0.33,,,
Q06-08,0.2,,0.07,,,
Q07-08,0.06,,0.25,,,
Q08-08,0.14,,0.24,,,
Q09-08,-0.26,,0.26,,,
Q10-08,0.17,,0.23,,,
Q11-08,0.29,,0.23,,,
Q12-08,0.09,,0.2,,,
Q13-08,0.38,,0.24,,,
Q14-08,0.26,,0.13,,,
Q15-08,0.31,,0.23,,,
Q16-08,0.27,,0.26,,,
Q17-08,0.44,,0.41,,,
Q18-08,0.21,,0.12,,,
Q19-08,0.49,,0.15,,,
Q20-08,0.18,,0.19,,,
Q21-08,0.94,,0.32,,,
Q22-08,0.21,,0.18,,,
Q23-08,0.45,,0.44,,,
Q24-08,0.27,,0.18,,,
Q01-09,0.15,,0.25,,,
Q02-09,-0.1,,0.17,,,
Q03-09,0.17,,0.29,,,
Q04-09,0.2,,0.24,,,
Q05-09,0.31,,0.29,,,
Q06-09,0.33,,0.29,,,
Q07-09,0.14,,0.18,,,
Q08-09,0.09,,0.11,,,
Q09-09,-0.34,,0.13,,,
Q10-09,0.02,,0.13,,,
Q11-09,0.13,,0.15,,,
Q12-09,0.08,,0.13,,,
Q13-09,0.2,,0.21,,,
Q14-09,0.06,,0.13,,,
Q15-09,0.11,,0.11,,,
Q16-09,0.2,,0.07,,,
Q17-09,0.39,,0.32,,,
Q18-09,0.02,,0.14,,,
Q19-09,0.35,,0.18,,,
Q20-09,-0.1,,0.07,,,
Q21-09,0.53,,0.11,,,
Q22-09,0.09,,0.11,,,
Q23-09,0.25,,0.35,,,
Q24-09,0.22,,0.19,,,
Q01-10,0.75,,0.42,,,
Q02-10,0.45,,0.29,,,
Q03-10,0.18,,0.17,,,
Q04-10,0.34,,0.17,,,
Q05-10,0.46,,0.18,,,
Q06-10,0.16,,0.19,,,
Q07-10,-0.31,,-0.03,,,
Q08-10,-0.18,,0.09,,,
Q09-10,-0.54,,0.17,,,
Q10-10,0.0,,0.07,,,
Q11-10,-0.04,,0.03,,,
Q12-10,0.03,,0.14,,,
Q13-10,0.15,,0.13,,,
Q14-10,0.11,,-0.02,,,
Q15-10,0.16,,0.09,,,
Q16-10,0.13,,0.04,,,
Q17-10,0.4,,0.34,,,
Q18-10,0.11,,0.03,,,
Q19-10,0.48,,0.18,,,
Q20-10,0.15,,0.12,,,
Q21-10,0.68,,0.16,,,
Q22-10,0.08,,0.07,,,
Q23-10,0.19,,0.3,,,
Q24-10,0.52,,0.27,,,
Q01-11,0.17,,0.21,,,
Q02-11,0.11,,0.23,,,
Q03-11,0.21,,0.22,,,
Q04-11,0.23,,0.12,,,
Q05-11,0.05,,0.24,,,
Q06-11,0.05,,0.0,,,
Q07-11,-0.09,,0.05,,,
Q08-11,0.11,,0.05,,,
Q09-11,-0.75,,0.07,,,
Q10-11,-0.09,,0.16,,,
Q11-11,-0.05,,0.04,,,
Q12-11,0.19,,0.15,,,
Q13-11,0.32,,0.14,,,
Q14-11,0.14,,0.02,,,
Q15-11,0.09,,0.09,,,
Q16-11,0.0,,0.05,,-0.14,
Q17-11,0.21,,0.22,,0.19,
Q18-11,0.06,,0.05,,0.1,
Q19-11,0.61,,0.2,,2.03,
Q20-11,0.06,,0.06,,0.07,
Q21-11,0.97,,0.25,,3.41,
Q22-11,0.17,,0.09,,0.43,
Q23-11,0.51,,0.35,,1.03,
Q24-11,0.46,,0.23,,1.22,
Q01-12,0.32,,0.2,,0.71,
Q02-12,0.32,,0.27,,0.45,
Q03-12,0.07,,0.26,,-0.54,
Q04-12,-0.05,,0.06,,-0.39,
Q05-12,0.05,,0.16,,-0.33,
Q06-12,0.07,,0.1,,-0.06,
Q07-12,-0.42,,0.03,,-1.88,
Q08-12,0.14,,0.14,,0.14,
Q09-12,-0.48,,0.14,,-2.55,
Q10-12,0.18,,0.1,,0.46,
Q11-12,0.24,,0.1,,0.72,
Q12-12,0.25,,0.12,,0.69,
Q13-12,0.39,,0.2,,1.02,
Q14-12,0.09,,0.09,,0.09,
Q15-12,0.14,,0.16,,0.07,
Q16-12,0.24,,0.05,,0.88,
Q17-12,0.25,,0.12,,0.68,
Q18-12,0.14,,0.07,,0.39,
Q19-12,0.45,,0.17,,1.38,
Q20-12,-0.03,,0.05,,-0.3,
Q21-12,0.79,,0.18,,2.79,
Q22-12,-0.18,,-0.3,,0.2,
Q23-12,0.27,,0.26,,0.32,
Q24-12,0.1,,0.03,,0.31,
Q01-13,0.15,,0.18,,0.08,
Q02-13,0.4,,0.47,,0.19,
Q03-13,0.24,,0.24,,0.22,
Q04-13,0.11,,0.07,,0.25,
Q05-13,0.52,,0.26,,1.36,
Q06-13,0.31,,0.02,,1.21,
Q07-13,-0.09,,0.05,,-0.56,
Q08-13,0.01,,0.03,,-0.08,
Q09-13,-0.35,,0.14,,-1.93,
Q10-13,0.02,,0.08,,-0.17,
Q11-13,-0.05,,0.07,,-0.44,
Q12-13,-0.05,,0.04,,-0.33,
Q13-13,0.0,,0.04,,-0.12,
Q14-13,-0.02,,-0.04,,0.05,
Q15-13,0.26,,0.1,,0.78,
Q16-13,0.07,,0.01,,0.25,
Q17-13,0.34,,0.3,,0.46,
Q18-13,0.01,,0.03,,-0.06,
Q19-13,0.4,,0.14,,1.28,
Q20-13,0.14,,0.08,,0.32,
Q21-13,0.85,,0.11,,3.27,
Q22-13,0.02,,-0.03,,0.21,
Q23-13,0.4,,0.3,,0.71,
Q24-13,0.32,,0.08,,1.07,
Q01-14,0.68,,0.69,,0.63,
Q02-14,0.12,,0.24,,-0.28,
Q03-14,0.12,,0.12,,0.12,
Q04-14,0.15,,0.08,,0.36,
Q05-14,0.17,,0.11,,0.38,
Q06-14,0.05,,0.13,,-0.2,
Q07-14,-0.19,,0.26,,-1.59,
Q08-14,-0.05,,-0.07,,0.02,
Q09-14,-0.37,,0.06,,-1.72,
Q10-14,0.15,,0.15,,0.15,
Q11-14,0.08,,0.12,,-0.03,
Q12-14,0.04,,0.04,,0.01,
Q13-14,0.2,,0.14,,0.38,
Q14-14,0.12,,0.05,,0.34,
Q15-14,0.19,,0.15,,0.33,
Q16-14,0.22,,0.08,,0.67,
Q17-14,0.32,,0.24,,0.6,
Q18-14,0.02,,0.03,,-0.03,
Q19-14,0.5,,0.12,,1.72,
Q20-14,0.09,,0.07,,0.16,
Q21-14,0.74,,0.13,,2.66,
Q22-14,0.04,,0.0,,0.18,
Q23-14,0.41,,0.21,,1.04,
Q24-14,0.11,,0.05,,0.29,
Q01-15,-0.19,,-0.09,,-0.48,
Q02-15,0.09,,0.07,,0.13,
Q03-15,0.11,,0.28,,-0.42,
Q04-15,0.08,,0.05,,0.19,
Q05-15,0.18,,0.15,,0.28,
Q06-15,0.37,,0.18,,0.95,
Q07-15,-0.45,,0.03,,-1.89,
Q08-15,0.02,,0.08,,-0.17,
Q09-15,-0.53,,0.03,,-2.27,
Q10-15,0.04,,0.08,,-0.09,
Q11-15,0.13,,0.13,,0.15,
Q12-15,0.03,,0.08,,-0.15,
Q13-15,0.09,,0.1,,0.08,
Q14-15,0.08,,0.06,,0.13,
Q15-15,0.12,,0.12,,0.09,
Q16-15,0.11,,0.09,,0.17,
Q17-15,0.32,,0.27,,0.48,
Q18-15,0.0,,0.1,,-0.34,
Q19-15,0.46,,0.16,,1.44,
Q20-15,0.11,,0.09,,0.18,
Q21-15,0.52,,0.0,,2.15,
Q22-15,-0.06,,-0.02,,-0.17,
Q23-15,0.26,,0.27,,0.21,
Q24-15,0.36,,0.09,,1.18,
Q01-16,0.03,,0.08,,-0.13,
Q02-16,0.35,,0.14,,1.0,
Q03-16,0.29,,0.23,,0.47,
Q04-16,-0.05,,0.12,,-0.57,
Q05-16,0.1,,0.3,,-0.52,
Q06-16,0.15,,-0.01,,0.64,
Q07-16,-0.34,,0.15,,-1.84,
Q08-16,-0.09,,0.16,,-0.86,
Q09-16,-0.48,,0.08,,-2.26,
Q10-16,0.17,,0.11,,0.36,
Q11-16,0.02,,0.16,,-0.42,
Q12-16,0.01,,0.08,,-0.21,
Q13-16,0.28,,0.11,,0.81,
Q14-16,-0.04,,0.04,,-0.29,
Q15-16,0.31,,0.13,,0.9,
Q16-16,-0.02,,0.08,,-0.36,
Q17-16,0.54,,0.36,,1.1,
Q18-16,0.17,,0.15,,0.23,
Q19-16,0.49,,0.17,,1.54,
Q20-16,0.06,,0.08,,-0.01,
Q21-16,0.77,,0.23,,2.47,
Q22-16,-0.04,,-0.1,,0.14,
Q23-16,0.42,,0.47,,0.26,
Q24-16,0.13,,0.05,,0.36,
Q01-17,1.51,,0.37,,5.03,
Q02-17,0.24,,0.37,,-0.14,
Q03-17,0.33,,0.46,,-0.04,
Q04-17,0.25,,0.23,,0.3,
Q05-17,0.35,,0.31,,0.47,
Q06-17,0.28,,0.29,,0.24,
Q07-17,-0.15,,0.26,,-1.38,
Q08-17,0.27,,0.08,,0.85,
Q09-17,-0.34,,0.15,,-1.8,
Q10-17,0.17,,0.17,,0.16,
Q11-17,0.15,,0.17,,0.09,
Q12-17,0.03,,0.1,,-0.17,
Q13-17,0.24,,0.19,,0.39,
Q14-17,0.25,,0.06,,0.82,
Q15-17,0.31,,0.2,,0.64,
Q16-17,0.12,,0.05,,0.33,
Q17-17,0.34,,0.28,,0.53,
Q18-17,-0.17,,-0.04,,-0.58,
Q19-17,0.62,,0.21,,1.86,
Q20-17,0.19,,0.13,,0.39,
Q21-17,0.92,,0.28,,2.79,
Q22-17,0.04,,0.0,,0.13,
Q23-17,0.44,,0.43,,0.46,
Q24-17,0.28,,-0.02,,1.11,
Q01-18,0.24,,0.17,,0.43,
Q02-18,0.31,,0.24,,0.49,
Q03-18,0.2,,0.3,,-0.06,
Q04-18,0.04,,0.14,,-0.22,
Q05-18,0.29,,0.24,,0.46,
Q06-18,0.01,,0.05,,-0.1,
Q07-18,-0.35,,0.07,,-1.53,
Q08-18,0.0,,0.1,,-0.28,
Q09-18,-0.29,,0.13,,-1.51,
Q10-18,0.26,,0.16,,0.54,
Q11-18,0.13,,0.08,,0.3,
Q12-18,0.25,,0.14,,0.54,
Q13-18,0.32,,0.19,,0.71,
Q14-18,0.18,,0.05,,0.56,
Q15-18,0.34,,0.18,,0.86,
Q16-18,0.3,,0.09,,0.93,
Q17-18,0.22,,0.19,,0.33,
Q18-18,0.1,,0.18,,-0.13,
Q19-18,0.4,,0.17,,1.1,
Q20-18,0.14,,0.1,,0.24,
Q21-18,0.61,,0.19,,1.89,
Q22-18,0.33,,0.02,,1.27,
Q23-18,0.56,,0.42,,0.97,
Q24-18,-0.06,,0.07,,-0.43,
Q01-19,0.11,,0.08,,0.19,
Q02-19,0.01,,0.16,,-0.45,
Q03-19,-0.1,,0.26,,-1.15,
Q04-19,0.14,,0.19,,-0.02,
Q05-19,0.26,,0.18,,0.49,
Q06-19,0.12,,0.14,,0.04,
Q07-19,-0.03,,0.4,,-1.32,
Q08-19,0.06,,-0.02,,0.31,
Q09-19,-0.3,,0.09,,-1.49,
Q10-19,-0.03,,0.17,,-0.65,
Q11-19,0.01,,0.16,,-0.47,
Q12-19,0.14,,0.11,,0.25,
Q13-19,0.27,,0.17,,0.6,
Q14-19,0.06,,0.08,,0.03,
Q15-19,-0.08,,0.11,,-0.66,
Q16-19,0.05,,0.1,,-0.1,
Q17-19,0.17,,0.19,,0.13,
Q18-19,0.13,,0.12,,0.15,
Q19-19,0.4,,0.13,,1.24,
Q20-19,0.16,,0.12,,0.29,
Q21-19,0.68,,0.16,,2.3,
Q22-19,0.09,,0.01,,0.33,
Q23-19,0.35,,0.36,,0.31,
Q24-19,0.32,,0.08,,1.05,
Q01-20,0.27,,0.2,,0.46,
Q02-20,0.11,,0.16,,-0.05,
Q03-20,0.12,,0.22,,-0.16,
Q04-20,0.47,,0.13,,1.5,
Q05-20,0.11,,0.16,,-0.04,
Q06-20,-0.78,,0.14,,-3.51,
Q07-20,-0.72,,0.2,,-3.56,
Q08-20,0.19,,0.17,,0.24,
Q09-20,0.3,,0.24,,0.46,
Q10-20,-0.01,,-0.06,,0.16,
Q11-20,0.32,,0.29,,0.39,
Q12-20,0.47,,0.21,,1.29,
Q13-20,0.36,,0.25,,0.69,
Q14-20,0.14,,0.09,,0.28,
Q15-20,0.24,,0.18,,0.43,
Q16-20,0.17,,0.18,,0.12,
Q17-20,0.16,,0.17,,0.15,
Q18-20,-0.03,,0.12,,-0.51,
Q19-20,0.54,,0.14,,1.8,
Q20-20,0.16,,0.07,,0.45,
Q21-20,0.04,,-0.11,,0.51,
Q22-20,-0.1,,-0.02,,-0.33,
Q23-20,0.34,,0.52,,-0.23,
Q24-20,0.19,,0.08,,0.54,
Q01-21,0.51,,0.24,,1.37,
Q02-21,0.5,,0.17,,1.5,
Q03-21,0.23,,0.22,,0.26,
Q04-21,0.31,,0.18,,0.7,
Q05-21,0.53,,0.35,,1.08,
Q06-21,0.28,,0.2,,0.51,
Q07-21,0.06,,0.18,,-0.28,
Q08-21,0.25,,0.17,,0.47,
Q09-21,-0.01,,0.33,,-1.0,
Q10-21,0.17,,0.22,,0.03,
Q11-21,0.34,,0.35,,0.31,
Q12-21,0.2,,0.21,,0.18,
Q13-21,0.37,,0.31,,0.55,
Q14-21,0.24,,0.13,,0.57,
Q15-21,-0.02,,0.28,,-0.92,
Q16-21,0.18,,0.17,,0.24,
Q17-21,0.42,,0.31,,0.76,
Q18-21,0.21,,0.13,,0.44,
Q19-21,0.54,,0.33,,1.18,
Q20-21,0.38,,0.2,,0.93,
Q21-21,0.69,,0.15,,2.29,
Q22-21,0.51,,0.23,,1.34,
Q23-21,0.1,,0.59,,-1.29,
Q24-21,0.01,,0.2,,-0.54,
Q01-22,0.39,,0.34,,0.53,
Q02-22,0.39,,0.35,,0.53,
Q03-22,0.42,,0.43,,0.41,
Q04-22,0.42,,0.32,,0.71,
Q05-22,0.48,,0.35,,0.86,
Q06-22,0.59,,0.4,,1.15,
Q07-22,0.16,,0.44,,-0.66,
Q08-22,0.18,,0.27,,-0.09,
Q09-22,-0.06,,0.31,,-1.15,
Q10-22,0.3,,0.29,,0.34,
Q11-22,0.49,,0.5,,0.49,
Q12-22,0.39,,0.26,,0.81,
Q13-22,0.43,,0.34,,0.68,
Q14-22,0.23,,0.3,,0.0,
Q15-22,0.42,,0.49,,0.22,
Q16-22,0.32,,0.32,,0.34,
Q17-22,0.41,,0.44,,0.32,
Q18-22,0.1,,0.15,,-0.04,
Q19-22,0.44,,0.42,,0.48,
Q20-22,0.15,,0.26,,-0.16,
Q21-22,0.56,,0.34,,1.19,
Q22-22,-0.11,,-0.04,,-0.33,
Q23-22,0.39,,0.57,,-0.14,
Q24-22,0.1,,0.19,,-0.19,
Q01-23,0.46,,0.44,,0.51,
Q02-23,0.35,,0.36,,0.31,
Q03-23,0.3,,0.35,,0.15,
Q04-23,0.16,,0.16,,0.18,
Q05-23,0.15,,0.3,,-0.31,
Q06-23,0.07,,0.29,,-0.56,
Q07-23,-0.16,,0.18,,-1.22,
Q08-23,0.21,,0.12,,0.49,
Q09-23,-0.32,,0.18,,-1.85,
Q10-23,-0.01,,0.17,,-0.56,
Q11-23,0.02,,0.11,,-0.26,
Q12-23,0.16,,0.21,,0.03,
Q13-23,0.29,,0.24,,0.44,
Q14-23,0.21,,0.09,,0.62,
Q15-23,0.32,,0.19,,0.72,
Q16-23,0.26,,0.08,,0.82,
Q17-23,0.25,,0.27,,0.19,
Q18-23,0.13,,0.11,,0.2,
Q19-23,0.24,,0.24,,0.25,
Q20-23,0.13,,0.18,,0.0,
Q21-23,0.63,,0.2,,1.96,
Q22-23,-0.1,,-0.04,,-0.29,
Q23-23,0.52,,0.46,,0.68,
Q24-23,0.48,,-0.01,,1.97,
Q01-24,0.49,,0.25,,1.22,
Q02-24,0.32,,0.32,,0.32,
Q03-24,-0.1,,0.24,,-1.1,
Q04-24,0.06,,0.19,,-0.31,
Q05-24,0.27,,0.33,,0.09,
Q06-24,-0.03,,0.02,,-0.19,
Q07-24,0.09,,0.16,,-0.12,
Q08-24,0.25,,0.07,,0.8,
Q09-24,-0.21,,0.15,,-1.31,
Q10-24,-0.2,,-0.02,,-0.72,
Q11-24,0.21,,0.17,,0.34,
Q12-24,0.53,,0.13,,1.79,
Q13-24,0.71,,0.18,,2.32,
Q14-24,0.14,,0.14,,0.12,
Q15-24,-0.03,5.16,0.1,3.98,-0.46,8.8
Q16-24,-0.06,,0.1,,-0.6,
Q17-24,0.09,4.66,0.21,3.95,-0.31,6.73
Q18-24,-0.02,4.5,0.05,3.88,-0.23,6.28
Q19-24,0.43,4.69,0.23,3.87,1.08,7.17
Q20-24,0.26,4.83,0.05,3.74,0.96,8.2
Q21-24,0.37,4.56,0.04,3.58,1.44,7.64
Q22-24,-0.12,4.54,-0.05,3.57,-0.37,7.56
Q23-24,0.42,4.44,0.5,3.62,0.16,7.0
Q24-24,0.04,3.99,0.06,3.69,-0.02,4.91
Q01-25,0.2,3.69,0.28,3.72,-0.04,3.6
Q02-25,0.12,3.48,0.22,3.61,-0.17,3.09
Q03-25,0.15,3.74,0.27,3.63,-0.25,3.98
Q04-25,0.14,3.81,0.21,3.66,-0.11,4.18
Q05-25,0.14,3.67,0.24,3.56,-0.19,3.89
Q06-25,0.21,3.93,0.18,3.72,0.34,4.44
Q07-25,0.12,3.96,0.34,3.9,-0.59,3.95
Q08-25,0.2,3.9,0.13,3.96,0.42,3.57
Q09-25,0.09,4.22,0.16,3.97,-0.15,4.78
Q10-25,0.19,4.62,0.15,4.15,0.35,5.91
Q11-25,0.1,4.51,0.22,4.2,-0.29,5.25
Q12-25,0.16,4.13,0.2,4.28,0.03,3.43
Q13-25,0.15,3.55,0.15,4.25,0.16,1.24
Q14-25,0.07,3.48,0.11,4.22,-0.08,1.04
Q15-25,-0.02,3.49,0.09,4.21,-0.41,1.1
Q16-25,0.1,3.65,0.14,4.25,-0.05,1.66
Q17-25,0.18,3.74,0.22,4.26,0.03,2.01
Q18-25,0.02,3.78,0.09,4.3,-0.21,2.03
Q19-25,0.28,3.63,0.18,4.24,0.64,1.58
Q20-25,0.14,3.5,0.13,4.32,0.19,0.8
Q21-25,0.47,3.61,0.04,4.32,1.93,1.29
Q22-25,0.24,3.99,0.17,4.54,0.5,2.18
Q23-25,0.17,3.72,0.31,4.34,-0.3,1.71
Q24-25,-0.02,3.66,0.04,4.31,-0.21,1.51
Q01-26,0.31,3.77,0.43,4.47,-0.12,1.43
Q02-26,0.17,3.82,0.3,4.56,-0.27,1.34
Q03-26,0.25,3.92,0.22,4.52,0.32,1.92
Q04-26,0.34,4.13,0.17,4.48,0.91,2.96
Q05-26,0.62,4.63,0.22,4.46,1.96,5.18
Q06-26,0.14,4.55,0.15,4.44,0.09,4.92
Q07-26,0.11,4.53,0.18,4.27,-0.13,5.41
Q08-26,0.04,4.37,0.1,4.25,-0.19,4.76
Q09-26,-0.16,4.11,0.13,4.22,-1.14,3.73
