Periodo,Trimestral,Anual,Primarias_Trimestral,Primarias_Anual,Secundarias_Trimestral,Secundarias_Anual,Terciarias_Trimestral,Terciarias_Anual,Mineria_Anual,Energia_agua_gas_Anual,Construccion_Anual,Manufacturas_Anual,Comercio_mayoreo_Anual,Comercio_menudeo_Anual,Transportes_Anual,Servicios_financieros_Anual,Servicios_inmobiliarios_Anual,Servicios_profesionales_Anual,Actividades_gubernamentales_Anual,Demanda_consumo_privado_Anual,Demanda_consumo_gobierno_Anual,Demanda_FBCF_total_Anual,Demanda_FBCF_privada_Anual,Demanda_FBCF_publica_Anual,Demanda_export_byserv_Anual,Demanda_import_byserv_Anual,Demanda_consumo_privado_Trimestral,Demanda_consumo_gobierno_Trimestral,Demanda_FBCF_total_Trimestral,Demanda_export_byserv_Trimestral,Demanda_import_byserv_Trimestral
T2-80,1.0873,,-2.0324,,-0.4401,,1.15,,,,,,,,,,,,,,,,,,,,,,,,
T3-80,1.8795,,6.0315,,1.893,,2.25,,,,,,,,,,,,,,,,,,,,,,,,
T4-80,3.1285,,-1.5802,,4.7398,,2.6,,,,,,,,,,,,,,,,,,,,,,,,
T1-81,3.2534,9.12,2.7625,5.06,3.5172,9.99,2.48,8.74,,,,,,,,,,,,,,,,,,,,,,,
T2-81,2.2939,11.81,2.5969,10.02,3.7107,14.58,2.23,9.91,,,,,,,,,,,,,,,,,,,,,,,
T3-81,1.2865,9.88,2.418,6.27,0.5419,13.06,0.17,7.67,,,,,,,,,,,,,,,,,,,,,,,
T4-81,0.2822,7.69,1.7376,9.86,-0.1373,7.79,2.37,7.43,,,,,,,,,,,,,,,,,,,,,,,
T1-82,-0.2018,3.45,0.0131,6.92,-0.0567,4.07,-2.05,2.69,,,,,,,,,,,,,,,,,,,,,,,
T2-82,-0.3052,0.77,-1.7414,2.4,-0.0604,0.29,0.66,1.1,,,,,,,,,,,,,,,,,,,,,,,
T3-82,-0.7997,-0.38,-5.4214,-5.44,-2.2012,-2.45,0.79,1.72,,,,,,,,,,,,,,,,,,,,,,,
T4-82,-1.9147,-3.82,-5.681,-12.34,-4.1834,-6.4,-0.74,-1.37,,,,,,,,,,,,,,,,,,,,,,,
T1-83,-2.2223,-4.62,9.3568,-4.15,-4.5717,-10.63,-0.47,0.22,,,,,,,,,,,,,,,,,,,,,,,
T2-83,-1.3506,-6.42,-1.9668,-4.37,-2.4709,-12.79,-1.45,-1.88,,,,,,,,,,,,,,,,,,,,,,,
T3-83,0.0721,-5.54,3.1194,4.27,-0.0523,-10.87,0.54,-2.11,,,,,,,,,,,,,,,,,,,,,,,
T4-83,1.4311,-1.89,2.8271,13.68,1.569,-5.52,0.98,-0.42,,,,,,,,,,,,,,,,,,,,,,,
T1-84,1.5279,2.66,-2.0193,1.85,1.9442,0.93,3.52,3.57,,,,,,,,,,,,,,,,,,,,,,,
T2-84,1.1407,3.28,0.4017,4.31,1.0827,4.61,-2.3,2.68,,,,,,,,,,,,,,,,,,,,,,,
T3-84,0.4629,4.81,1.2382,2.41,1.663,6.41,1.67,3.83,,,,,,,,,,,,,,,,,,,,,,,
T4-84,0.5794,3.28,-1.4011,-1.8,1.2904,6.11,-1.02,1.78,,,,,,,,,,,,,,,,,,,,,,,
T1-85,0.5302,2.08,-1.0128,-0.79,1.5171,5.67,1.64,-0.06,,,,,,,,,,,,,,,,,,,,,,,
T2-85,0.3104,2.75,9.1671,7.87,-0.335,4.19,-0.86,1.41,,,,,,,,,,,,,,,,,,,,,,,
T3-85,0.1356,1.39,-5.9281,0.23,0.5629,3.06,0.48,0.22,,,,,,,,,,,,,,,,,,,,,,,
T4-85,-0.4409,1.32,3.4097,5.12,-0.3722,1.37,-0.23,1.02,,,,,,,,,,,,,,,,,,,,,,,
T1-86,-1.4865,-2.29,0.0489,6.25,-3.0972,-3.24,-1.43,-2.03,,,,,,,,,,,,,,,,,,,,,,,
T2-86,-1.7065,-2.97,-1.9641,-4.58,-2.753,-5.59,0.06,-1.12,,,,,,,,,,,,,,,,,,,,,,,
T3-86,-1.3777,-5.01,-0.2671,1.16,-3.0994,-9.03,-0.84,-2.42,,,,,,,,,,,,,,,,,,,,,,,
T4-86,-0.6597,-5.43,-4.9311,-7.0,-1.6896,-10.23,0.17,-2.03,,,,,,,,,,,,,,,,,,,,,,,
T1-87,1.2533,-2.49,6.2311,-1.26,1.9454,-5.56,0.05,-0.56,,,,,,,,,,,,,,,,,,,,,,,
T2-87,2.0678,1.48,0.2646,0.99,5.4829,2.44,1.62,1.0,,,,,,,,,,,,,,,,,,,,,,,
T3-87,1.4863,3.97,-0.1448,1.11,1.5344,7.34,-0.07,1.78,,,,,,,,,,,,,,,,,,,,,,,
T4-87,0.3385,5.55,-2.4523,3.75,0.8516,10.11,1.26,2.89,,,,,,,,,,,,,,,,,,,,,,,
T1-88,-0.2987,3.78,-0.8622,-3.18,-0.7695,7.18,-0.38,2.45,,,,,,,,,,,,,,,,,,,,,,,
T2-88,-0.5326,0.64,-0.0326,-3.46,-1.1452,0.45,-0.08,0.73,,,,,,,,,,,,,,,,,,,,,,,
T3-88,0.3214,-0.07,0.1752,-3.16,0.0922,-0.98,0.03,0.83,,,,,,,,,,,,,,,,,,,,,,,
T4-88,1.4782,0.6,-3.6451,-4.34,2.4134,0.55,1.47,1.04,,,,,,,,,,,,,,,,,,,,,,,
T1-89,1.3791,3.2,3.4111,-0.22,1.7745,3.13,1.95,3.4,,,,,,,,,,,,,,,,,,,,,,,
T2-89,0.5679,3.41,-7.9101,-8.08,0.2682,4.61,0.05,3.54,,,,,,,,,,,,,,,,,,,,,,,
T3-89,0.4065,5.26,14.0547,4.66,1.3399,5.91,1.24,4.8,,,,,,,,,,,,,,,,,,,,,,,
T4-89,1.0539,2.56,-9.976,-2.22,-1.4548,1.91,0.08,3.35,,,,,,,,,,,,,,,,,,,,,,,
T1-90,1.612,3.29,7.6013,1.74,4.1633,4.3,1.18,2.57,,,,,,,,,,,,,,,,,,,,,,,
T2-90,1.9368,5.46,2.33,13.06,2.4012,6.52,1.84,4.4,,,,,,,,,,,,,,,,,,,,,,,
T3-90,1.5371,5.05,0.274,-0.6,1.2668,6.44,1.33,4.49,,,,,,,,,,,,,,,,,,,,,,,
T4-90,0.8792,7.21,3.4484,14.22,0.1705,8.2,1.38,5.85,,,,,,,,,,,,,,,,,,,,,,,
T1-91,0.698,4.95,-0.6761,5.43,0.6995,4.6,0.9,5.56,,,,,,,,,,,,,,,,,,,,,,,
T2-91,0.6833,4.04,0.0158,3.05,0.2565,2.41,1.39,5.09,,,,,,,,,,,,,,,,,,,,,,,
T3-91,1.1027,3.03,-0.2128,2.55,0.0169,1.15,0.74,4.48,,,,,,,,,,,,,,,,,,,,,,,
T4-91,0.9521,3.86,-0.052,-0.92,2.4109,3.41,1.17,4.26,,,,,,,,,,,,,,,,,,,,,,,
T1-92,0.7623,3.39,-4.87,-5.11,0.6457,3.35,0.67,4.02,,,,,,,,,,,,,,,,,,,,,,,
T2-92,1.0605,3.68,2.9854,-2.29,1.3042,4.43,1.11,3.74,,,,,,,,,,,,,,,,,,,,,,,
T3-92,1.0527,4.64,1.0434,-1.06,1.6885,6.18,0.95,3.96,,,,,,,,,,,,,,,,,,,,,,,
T4-92,0.8476,2.77,1.2844,0.26,-1.555,2.07,0.34,3.11,,,,,,,,,,,,,,,,,,,,,,,
T1-93,0.3653,3.93,3.5395,9.13,0.2331,1.65,2.6,5.09,,,,,,,,,,,,,,,,,,,,,,,
T2-93,0.494,2.55,-1.2599,4.61,-0.6348,-0.37,1.9583,4.49,,,,,,,,,,,,,,,,,,,0.11,0.45,-0.06,-0.19,4.24
T3-93,0.6962,2.27,3.4333,7.03,1.2633,-0.79,0.5211,4.2,,,,,,,,,,,,,,,,,,,0.21,0.12,2.28,2.64,2.02
T4-93,0.8158,2.94,-4.2115,1.48,1.0803,1.99,1.9127,3.72,,,,,,,,,,,,,,,,,,,1.9,1.03,7.78,6.07,4.69
T1-94,1.2966,2.83,0.1784,-2.0,1.7524,3.49,-2.4364,2.48,1.91,-12.31,14.44,0.88,0.91,0.36,4.01,-2.68,4.1,1.45,1.26,3.03,3.22,15.57,16.91,9.85,8.01,18.81,0.78,1.58,4.9,-0.6,6.72
T2-94,1.6024,5.17,7.467,6.67,1.9541,6.19,0.3599,3.95,0.31,-13.13,19.06,5.13,4.06,3.79,7.02,-2.5,3.74,3.22,1.06,5.19,3.42,18.91,20.9,5.76,10.84,18.72,2.21,0.65,2.83,2.43,4.15
T3-94,1.1102,4.53,-9.7652,-6.95,0.1236,4.99,-0.104,4.26,-0.32,-8.94,16.25,3.41,7.12,5.44,7.48,1.22,3.89,3.95,1.17,6.88,2.72,15.87,17.45,6.3,11.98,18.76,1.82,-0.56,-0.33,3.69,2.06
T4-94,0.8962,4.99,4.4415,1.46,-0.25,3.61,-0.1004,6.41,-2.29,1.95,8.55,3.86,14.59,9.5,7.07,16.87,3.69,5.14,1.42,5.31,2.1,3.91,4.17,2.63,8.25,15.85,0.4,0.42,-3.34,2.54,2.12
T1-95,-4.6362,-0.8,-3.026,-1.79,-5.2694,-3.54,-1.2857,1.03,-1.13,15.21,-25.62,3.53,2.87,1.07,-1.55,19.17,3.46,0.0,-0.75,-1.59,-0.2,-28.99,-31.15,-18.3,31.24,-16.89,-5.82,-0.71,-28.32,20.51,-23.44
T2-95,-5.9155,-8.9,2.6397,-6.2,-9.1622,-14.06,0.7667,-5.26,-0.73,25.4,-36.44,-11.71,-5.83,-9.72,-9.89,12.52,3.28,-5.5,-0.5,-6.81,-1.48,-39.76,-41.56,-26.3,23.12,-18.06,-3.21,-0.64,-12.77,-3.91,2.68
T3-95,2.0169,-7.45,6.2109,10.41,1.9928,-12.45,2.4798,-4.53,1.84,27.94,-33.48,-10.57,-4.47,-8.5,-8.99,-0.11,3.08,-6.89,-0.36,-7.94,-0.32,-37.45,-39.47,-23.83,23.3,-17.43,0.58,0.62,3.49,3.84,2.84
T4-95,2.4107,-6.34,-2.0183,3.58,3.788,-8.91,-8.1328,-5.3,-6.35,22.76,-23.06,-5.66,-7.62,-9.3,-8.68,-9.86,3.2,-5.82,-0.7,-7.63,-1.54,-29.71,-31.34,-22.48,24.24,-17.66,0.73,-0.81,8.63,3.32,1.84
T1-96,2.0135,0.42,2.2051,9.17,5.7451,1.68,15.3985,-0.26,9.48,13.88,6.84,-2.83,4.12,0.56,-0.45,-7.17,3.43,-1.02,-0.68,-0.52,-1.17,2.78,9.37,-24.52,11.07,12.9,1.43,-0.33,4.81,7.74,4.98
T2-96,1.3893,8.05,-1.9078,4.33,1.5225,13.64,0.7466,4.99,9.45,6.57,24.16,13.03,11.48,10.65,7.22,-15.48,3.49,4.92,-1.04,3.15,-0.21,23.47,26.1,8.77,19.06,14.7,0.36,0.32,4.8,3.0,4.32
T3-96,1.506,7.35,0.9535,-0.83,1.7093,13.33,0.2473,4.41,7.07,3.12,26.42,12.03,7.72,8.95,6.8,-8.11,3.55,6.56,-1.15,4.6,-0.13,27.05,30.51,8.64,18.74,18.31,2.0,0.7,6.48,3.56,6.08
T4-96,1.7705,8.28,2.0471,3.28,4.167,13.74,1.7379,5.19,18.57,1.02,15.87,12.18,7.95,9.6,9.01,-6.04,3.46,5.84,-1.25,6.28,1.96,22.72,27.0,4.74,18.88,23.41,2.35,1.27,4.93,3.44,6.22
T1-97,1.8284,6.19,-1.6807,-0.64,0.1973,7.77,1.0108,5.24,3.79,2.31,8.09,9.54,7.58,2.54,9.56,-8.65,2.98,4.41,2.32,6.17,4.45,16.16,15.52,20.35,10.83,20.32,1.33,2.09,-0.79,0.45,2.35
T2-97,1.9802,7.56,1.6317,2.94,2.724,9.05,2.6936,6.66,5.8,-0.05,10.33,10.54,9.37,5.33,11.94,4.07,2.55,5.02,2.35,8.56,5.52,17.84,18.3,15.33,9.04,24.37,2.63,1.35,6.31,1.34,7.84
T3-97,2.4756,8.19,-4.9407,-3.07,2.7781,10.19,2.5844,7.26,8.26,-0.77,6.9,12.52,13.32,7.99,11.4,4.94,2.6,4.55,2.47,8.37,5.49,15.83,16.59,11.18,8.52,27.23,1.82,0.66,4.66,3.07,8.52
T4-97,2.4142,7.82,5.6777,0.38,2.5651,8.5,0.1996,8.03,6.62,-3.23,3.31,11.46,16.37,10.42,11.02,5.87,2.42,4.8,2.72,8.2,5.27,12.71,13.31,8.8,7.35,24.1,2.19,1.07,2.11,2.32,3.61
T1-98,1.7016,9.12,1.6047,3.73,2.2944,10.77,-0.0182,7.99,5.54,-7.1,9.73,14.24,15.37,16.92,9.96,12.64,2.14,7.6,-1.68,9.45,1.9,18.03,22.79,-10.21,8.94,27.59,2.5,-1.18,3.89,1.93,5.23
T2-98,0.7766,7.32,-1.3357,0.71,0.5927,8.47,1.0826,6.69,3.88,-6.7,6.24,11.31,13.79,14.1,6.99,11.86,2.43,5.35,-1.67,7.56,1.2,12.34,16.6,-13.09,10.17,18.17,0.86,0.66,1.19,2.48,-0.12
T3-98,0.3597,5.67,4.3253,10.52,0.0856,5.63,-1.9289,5.52,-0.69,-6.33,5.67,8.36,10.16,10.7,6.41,11.43,2.12,5.31,-1.56,6.09,1.57,8.4,10.6,-5.96,5.87,7.8,0.43,1.03,0.98,-0.95,-1.0
T4-98,0.4022,2.96,-5.6113,-1.28,0.5349,3.54,0.1994,2.9,-0.69,-4.39,5.12,4.79,4.38,4.92,3.79,8.51,2.21,3.83,-1.48,4.59,1.65,5.39,7.59,-7.82,8.06,7.42,0.74,1.15,-0.72,4.43,3.24
T1-99,0.6558,2.28,12.7747,9.57,0.4794,1.7,0.7278,2.36,0.05,5.91,7.2,0.73,3.34,2.64,3.33,1.34,2.77,0.97,3.47,2.35,4.98,5.49,3.41,22.86,6.43,3.96,0.3,2.06,3.99,0.39,1.84
T2-99,0.8566,2.31,-12.081,-2.37,0.4535,1.56,-2.7844,2.95,-3.77,11.09,3.62,2.07,3.8,3.81,4.5,2.63,3.2,3.36,3.12,3.25,5.76,4.04,3.32,10.54,4.03,10.49,1.75,1.4,-0.2,0.17,6.15
T3-99,0.8176,2.76,4.3386,-2.35,0.2817,1.76,0.3718,3.55,-1.52,12.78,0.0,3.06,3.7,4.55,5.2,4.79,3.88,4.2,2.77,5.17,5.2,2.53,1.99,6.32,9.12,15.89,2.3,0.5,-0.48,3.91,3.83
T4-99,1.2979,3.6,-3.411,-0.08,0.8569,2.09,0.4128,4.77,-1.31,14.92,2.9,2.3,6.06,7.99,6.18,11.19,4.05,5.38,2.19,6.18,4.74,5.95,4.39,16.24,7.92,16.4,1.71,0.7,2.59,3.28,3.7
T1-00,1.6739,4.81,9.1252,-3.31,3.1796,4.83,2.9578,5.8,0.88,5.33,1.13,7.13,5.71,10.53,7.85,11.03,4.11,8.15,4.98,8.8,4.66,4.57,2.46,18.74,11.79,21.39,2.77,1.98,2.63,4.0,6.21
T2-00,1.5901,5.38,-4.1927,5.36,1.3507,5.77,1.5272,5.51,5.35,2.49,1.8,7.09,5.18,9.75,7.62,8.5,3.94,6.82,3.98,8.91,3.1,6.59,3.14,32.02,18.01,19.2,1.85,-0.1,1.73,5.74,4.23
T3-00,0.7209,5.54,-4.8341,-3.9,0.6686,6.17,-0.3608,5.38,4.58,-1.51,1.5,8.6,6.3,9.31,7.99,4.21,3.78,5.6,3.14,8.58,2.46,7.03,2.96,36.13,15.62,22.25,1.98,-0.13,-0.07,1.8,6.5
T4-00,0.0399,3.32,6.591,6.05,-2.7576,2.37,-2.2642,4.23,1.79,-6.24,-3.94,5.02,5.33,5.91,6.07,-0.47,3.7,4.15,2.51,7.87,1.73,1.68,-0.3,14.79,14.4,19.19,1.05,-0.02,-2.53,2.19,1.1
T1-01,-0.4474,1.9,0.1617,-2.66,1.2767,0.48,4.2726,1.9,3.09,-10.05,-9.38,2.94,2.32,2.18,3.41,2.64,3.94,2.35,-6.85,5.72,-3.01,-5.06,-5.55,-2.23,12.88,10.16,0.72,-2.77,-4.18,2.62,-1.84
T2-01,-0.4219,-0.16,4.1922,5.86,-2.1075,-2.95,-1.9707,0.54,-0.46,-11.25,-11.8,-0.84,1.17,-0.15,1.72,3.19,4.01,1.31,-6.82,3.61,-2.8,-8.93,-10.32,-1.42,2.76,3.85,-0.17,0.12,-2.42,-3.73,-1.73
T3-01,-0.5416,-1.44,0.1381,11.39,-0.1162,-3.7,2.3539,-0.71,2.25,-5.9,-4.8,-5.06,-1.39,-2.53,-0.99,7.32,3.52,1.52,-5.65,1.63,-2.14,-7.11,-6.62,-10.15,-0.68,-5.91,0.03,0.55,1.92,-1.62,-3.51
T4-01,-0.748,-1.18,2.3293,6.94,-1.3712,-2.33,-0.5252,-1.3,4.07,6.92,-4.47,-3.92,-3.94,-2.85,-1.88,9.53,3.51,1.33,-3.88,1.26,-2.06,-6.26,-9.22,10.76,-5.73,-5.47,0.68,0.06,-1.65,-3.0,1.57
T1-02,-0.3404,-2.44,-4.4155,2.05,-1.2555,-4.77,-2.3756,-1.18,-2.56,18.57,-4.62,-6.62,-3.4,-2.94,-2.41,7.34,2.2,-0.49,0.11,0.73,0.38,-4.02,-8.07,18.1,-6.64,-1.14,0.19,-0.35,-1.88,1.63,2.65
T2-02,0.7467,-0.61,0.358,-1.7,0.5652,-2.17,0.7678,0.48,0.16,31.13,-0.99,-4.22,-1.3,2.74,-0.47,9.04,1.51,0.28,1.82,2.22,-0.05,-0.53,-4.18,17.53,2.78,2.88,1.3,-0.31,1.13,5.97,2.27
T3-02,0.9472,0.51,1.5716,-0.3,1.1131,-0.97,-0.0337,1.41,-2.18,32.89,-2.44,-1.83,0.28,4.68,-0.34,5.84,2.08,0.13,1.92,2.25,0.52,-0.25,-4.88,26.55,6.18,7.28,0.07,1.13,2.21,1.64,0.61
T4-02,0.2941,1.61,-1.3161,-3.85,1.0113,1.42,1.2187,1.62,-0.46,21.52,2.45,0.92,1.36,4.31,0.83,4.89,2.17,1.3,1.11,1.35,0.19,2.59,-1.02,19.29,9.14,5.11,-0.21,-0.28,1.15,-0.3,-0.48
T1-03,0.0121,2.22,2.148,2.75,-0.8512,1.84,0.8795,2.45,2.86,14.63,6.98,-0.45,4.01,4.26,0.59,11.81,3.34,2.64,0.94,2.17,0.86,3.9,0.92,16.13,4.3,2.86,1.01,0.32,-0.63,-2.88,0.45
T2-03,-0.0068,1.24,2.0929,4.53,0.4683,1.74,0.6387,0.57,2.73,4.06,4.68,0.62,0.33,-2.36,-1.3,11.45,3.75,1.4,0.88,1.53,1.67,3.17,2.03,8.26,-6.1,1.28,0.66,0.49,0.42,-4.58,0.7
T3-03,0.2358,0.36,1.4089,4.36,0.0552,0.68,1.8454,-0.22,4.66,-2.45,0.29,-0.42,0.1,-2.85,-0.26,11.69,3.75,0.55,-0.82,2.07,-1.27,0.68,0.55,1.03,-2.94,3.42,0.6,-1.8,-0.25,5.05,2.74
T4-03,0.803,1.06,-2.3445,3.28,0.6873,0.35,1.1436,1.07,4.58,-2.5,-1.22,-0.46,1.28,-1.19,0.51,23.43,4.07,3.32,-1.89,2.77,-1.06,-0.42,0.64,-4.35,-1.57,4.55,0.48,-0.07,0.04,1.11,0.6
T1-04,1.3811,2.41,5.6893,6.86,1.908,3.15,0.1092,1.79,3.78,19.06,5.69,1.38,0.75,-0.36,2.72,20.88,4.06,3.58,-1.49,1.88,-1.24,5.56,8.02,-3.34,1.39,5.63,0.13,0.14,5.34,0.04,1.49
T2-04,1.0557,3.65,-3.0031,1.52,1.181,3.88,0.188,3.69,3.32,20.83,8.02,2.01,3.79,2.89,3.66,22.39,5.64,5.76,-1.22,2.0,-1.61,6.47,8.39,-1.17,9.51,7.55,0.79,0.12,1.29,3.06,2.53
T3-04,0.6214,3.54,-3.0974,-2.99,-0.0553,3.76,-0.9054,3.82,0.53,25.0,6.18,2.86,3.68,3.84,4.61,25.56,3.51,5.5,0.07,2.08,-0.63,5.68,4.8,9.23,5.99,5.45,0.68,-0.82,-1.0,1.68,0.73
T4-04,0.4799,3.7,4.6195,3.93,0.6194,3.69,0.141,3.96,-0.47,26.19,8.06,2.54,4.99,5.48,4.56,7.73,2.57,0.54,1.27,2.66,0.28,8.46,8.19,9.61,5.43,7.55,1.05,0.85,2.67,0.57,2.6
T1-05,0.2824,2.58,-4.84,-6.42,0.672,2.44,-0.773,2.5,-1.35,7.09,3.09,3.25,3.46,3.71,3.39,-5.47,2.76,5.03,-0.56,2.42,0.65,4.63,4.34,6.15,7.4,6.44,-0.11,0.51,1.63,1.91,0.44
T2-05,0.1779,1.25,-1.8321,-5.3,0.1291,1.37,3.5758,1.44,1.99,7.89,1.68,0.72,1.65,3.35,2.7,-14.43,1.09,2.79,-1.72,1.76,1.04,3.21,1.2,11.88,5.14,4.83,0.14,0.5,-0.08,0.89,0.98
T3-05,0.9568,2.34,7.4148,4.98,0.3771,1.81,-2.9674,2.56,-0.13,6.82,3.41,1.65,3.55,4.28,2.14,-19.26,2.22,2.52,2.28,2.5,3.64,4.72,4.01,7.41,4.0,5.15,1.41,1.74,0.44,0.57,1.04
T4-05,1.8575,3.14,-4.8445,-4.52,2.9743,4.19,1.9286,2.85,1.65,5.73,4.64,4.68,4.98,3.92,3.47,-12.56,3.0,1.95,3.2,2.58,4.16,6.92,5.54,12.36,9.99,9.0,1.13,1.35,4.83,6.37,6.36
T1-06,1.802,4.95,4.5837,4.94,1.4069,4.95,-0.1188,5.03,2.32,11.88,4.46,5.72,8.43,7.91,4.3,0.24,3.61,-0.32,6.22,4.53,4.73,8.07,7.07,11.84,11.46,10.74,1.79,1.07,2.71,3.26,2.05
T2-06,0.9597,5.81,1.803,8.82,1.1608,6.03,-1.2041,5.41,-2.4,14.47,9.16,7.12,9.23,6.15,5.14,13.65,4.72,2.07,5.56,5.51,4.21,11.23,12.24,7.34,12.52,10.63,1.07,0.0,2.84,1.86,0.87
T3-06,0.2992,5.01,-1.4701,-0.18,0.5941,6.26,-0.3277,4.35,0.25,16.18,12.8,5.51,6.56,3.39,4.69,18.47,4.92,4.99,-0.53,4.53,1.55,11.93,13.0,7.61,9.51,8.97,0.48,-0.87,1.07,-2.12,-0.47
T4-06,0.3794,3.47,4.2912,9.41,-0.2433,2.94,-1.6566,3.27,-3.27,16.84,8.84,2.24,4.06,1.89,2.39,18.23,4.5,4.52,-2.93,3.54,-0.36,7.25,9.13,0.64,1.96,1.67,0.17,-0.55,0.46,-0.97,-0.77
T1-07,0.6488,2.19,1.3705,6.04,0.4769,2.0,1.7002,2.31,-1.51,9.01,6.3,1.3,1.79,1.06,2.53,12.53,2.94,2.88,-3.75,2.04,-0.36,4.67,5.99,-0.5,-0.64,2.54,0.31,1.06,0.24,0.63,2.92
T2-07,0.6257,1.98,0.0952,4.27,0.4695,1.3,0.5792,2.57,0.27,6.09,2.44,0.9,2.58,2.27,3.24,5.9,2.92,2.38,-1.4,1.42,1.11,3.96,4.68,0.87,-0.47,4.4,0.45,1.48,2.14,2.03,2.7
T3-07,0.4127,2.09,0.0171,5.84,-0.2241,0.48,-2.5103,3.15,-1.93,5.71,2.63,0.04,3.02,2.84,4.14,7.24,3.86,1.74,2.76,0.35,2.81,8.33,9.46,3.62,6.44,7.27,-0.58,0.8,5.32,4.68,2.27
T4-07,0.1397,1.98,0.5075,2.0,0.0215,0.74,-1.2505,3.28,-1.53,7.06,7.22,-0.99,1.25,1.13,3.59,11.46,3.99,6.29,5.3,0.95,3.92,10.54,9.76,13.89,4.71,8.41,0.78,0.52,2.5,-2.58,0.29
T1-08,0.2663,1.23,-0.3965,0.22,0.1318,0.4,-1.4375,1.79,-4.56,6.77,8.84,-1.41,-0.29,-0.5,2.14,13.86,4.09,3.03,2.45,1.41,2.31,12.35,10.03,22.28,3.08,6.62,0.77,-0.5,1.88,-0.94,1.22
T2-08,0.4284,1.34,1.0688,1.2,-0.444,-0.51,-2.0238,2.26,-7.03,4.73,8.97,-1.76,0.74,0.04,0.31,24.84,3.86,3.27,1.75,2.23,3.0,11.91,8.4,26.57,-1.35,5.67,1.26,2.17,1.74,-2.35,1.78
T3-08,-0.3097,1.05,-2.5662,-1.42,-0.9103,-1.2,0.4257,2.32,-4.23,1.85,3.02,-1.91,2.54,1.11,-0.61,22.94,3.27,3.34,1.87,2.2,2.54,4.97,0.67,23.45,-7.33,6.33,-0.61,0.35,-1.2,-1.66,2.91
T4-08,-0.7981,-0.79,4.7534,2.75,-1.6499,-2.85,0.5974,-0.14,-2.44,-1.34,-3.52,-2.72,-1.09,-3.59,-3.64,10.56,2.46,3.89,2.39,-2.53,3.15,-1.61,-5.67,14.24,-3.45,-4.68,-3.89,1.12,-3.92,1.5,-10.1
T1-09,-6.4625,-6.89,-3.2557,-0.2,-7.4953,-10.25,-3.5145,-4.76,-4.5,-3.78,-7.91,-13.37,-10.39,-14.62,-9.75,11.62,0.44,-0.63,3.0,-7.92,3.92,-13.11,-20.34,13.77,-10.76,-19.58,-4.81,0.23,-10.02,-8.44,-14.6
T2-09,1.361,-9.13,-2.0987,-3.33,-0.9832,-10.74,-0.5857,-7.58,-3.1,-1.62,-7.79,-14.68,-12.55,-15.89,-13.04,3.35,-0.47,-3.09,6.38,-10.31,2.78,-14.7,-19.51,3.29,-16.84,-23.52,-1.36,1.05,-0.12,-9.01,-3.2
T3-09,1.6688,-5.91,-0.8712,-1.65,2.9487,-7.26,0.0999,-4.66,-3.41,0.86,-5.69,-9.64,-10.75,-12.9,-7.39,9.02,0.52,-4.78,2.39,-7.68,2.96,-12.37,-13.92,-6.88,-9.09,-17.55,2.3,0.53,1.5,7.5,10.95
T4-09,1.1691,-2.31,1.1204,-5.06,2.5133,-3.33,0.0189,-1.06,-3.97,1.94,-6.43,-2.4,-2.29,-3.28,-0.15,11.22,1.02,-7.15,1.74,-1.96,2.04,-7.81,-7.08,-10.22,-2.89,-2.77,2.07,0.21,1.07,8.43,6.01
T1-10,0.6488,4.55,0.5686,-1.31,0.6447,5.17,1.6469,5.08,1.17,1.66,1.86,7.81,11.08,9.73,7.73,20.04,2.82,-2.85,3.48,3.3,1.8,4.85,11.73,-13.25,13.01,18.44,0.3,-0.0,2.33,6.55,4.04
T2-10,0.7193,7.49,4.5066,5.35,1.0568,7.34,1.3436,8.0,3.14,2.06,-0.85,12.24,12.79,13.15,14.12,25.01,3.32,-1.09,2.61,6.7,2.06,6.97,11.4,-5.77,31.46,25.81,1.89,1.32,1.9,5.85,2.81
T3-10,0.9838,4.71,-0.3477,5.91,0.2434,4.52,-0.5387,5.37,2.48,3.3,-2.76,7.89,9.02,11.72,8.31,16.87,2.93,2.26,4.26,4.61,2.32,4.97,5.18,4.4,29.7,14.99,0.29,0.78,-0.4,6.06,1.41
T4-10,0.8095,3.32,-4.3617,0.17,0.1184,2.08,-1.5649,5.06,0.85,3.98,1.22,2.44,8.66,10.12,4.99,25.21,3.08,-0.85,1.44,4.07,1.92,7.87,6.73,11.44,19.04,10.93,1.55,-0.18,3.86,-0.48,2.26
T1-11,0.6384,3.61,1.499,1.09,0.7353,2.17,0.3042,4.91,-0.48,7.64,-2.99,4.35,8.59,11.37,4.74,6.24,3.79,4.2,0.92,5.85,2.78,5.81,7.23,0.92,14.46,8.5,2.01,0.84,0.38,2.44,1.76
T2-11,0.9036,2.81,-8.5627,-11.55,1.0714,2.18,1.4201,4.31,-0.4,7.93,3.25,2.04,7.29,8.71,3.64,0.33,2.85,6.06,-1.42,4.18,2.21,7.62,10.71,-2.77,7.1,6.07,0.29,0.76,3.64,-0.95,0.51
T3-11,1.1341,3.75,12.7954,0.12,1.2043,3.16,-0.1224,4.6,0.01,5.08,6.6,2.79,9.06,7.02,4.02,4.87,2.24,2.5,0.76,5.07,3.26,11.43,16.13,-3.81,4.88,6.47,1.14,1.82,3.13,3.86,1.79
T4-11,1.0378,3.64,-2.6935,1.86,1.9582,5.06,1.7203,3.18,3.35,4.59,9.02,4.24,4.26,1.32,4.53,4.19,2.89,5.26,4.23,3.66,4.35,9.72,16.7,-12.54,11.06,4.18,0.19,0.87,2.26,5.38,0.07
T1-12,0.7971,3.91,3.3432,3.71,0.6112,4.93,0.0217,3.85,3.06,2.3,5.7,5.52,5.31,3.64,4.73,8.36,2.39,1.27,5.98,1.15,4.7,8.71,16.09,-17.5,9.32,4.73,-0.46,1.18,-0.54,0.83,2.3
T2-12,0.5883,4.23,-0.8062,12.51,0.6929,4.54,-0.0365,3.85,1.58,1.29,2.81,6.17,4.97,2.15,4.49,5.39,2.81,0.34,7.04,2.04,4.54,5.52,10.2,-12.64,14.92,4.84,1.17,0.6,0.6,4.13,0.61
T3-12,0.4775,2.57,0.8063,0.55,0.2182,3.52,0.3162,2.15,2.03,1.0,3.29,4.33,2.41,-1.36,3.23,5.91,2.85,2.89,2.38,2.01,1.84,3.18,6.43,-9.5,6.64,3.68,1.12,-0.81,0.84,-3.62,0.67
T4-12,0.5213,2.63,3.2074,6.65,-0.8339,0.68,0.3761,3.84,0.68,1.03,-3.11,1.91,5.44,4.83,2.75,4.41,2.2,3.04,0.74,2.77,1.16,-1.1,-2.45,4.5,0.75,7.12,0.93,0.2,-1.99,-0.43,3.38
T1-13,0.0912,1.75,-2.1702,0.96,0.3111,0.38,-0.2724,2.49,0.38,1.59,0.83,0.24,1.2,1.61,2.56,12.65,1.61,3.25,-3.15,4.08,-0.48,-1.1,-5.69,21.83,0.74,5.32,0.8,-0.47,-0.53,0.81,0.58
T2-13,-0.1121,0.71,3.243,5.08,-0.9072,-1.21,-0.65,1.8,-0.23,0.99,-3.75,-0.94,-0.23,2.6,2.29,22.48,0.69,-0.0,-4.18,3.05,-0.88,-4.44,-6.12,3.94,-1.98,5.39,0.16,0.2,-2.8,1.33,0.69
T3-13,0.3199,1.08,-0.8719,3.33,0.3055,-1.13,-0.3339,2.41,-0.88,2.05,-4.61,-0.27,-0.1,4.12,2.84,18.01,0.91,-0.23,0.11,2.27,1.88,-5.96,-5.31,-8.88,6.49,4.72,0.35,1.95,-0.76,4.7,0.02
T4-13,0.5892,0.8,2.2869,2.41,0.8834,0.59,2.0281,1.01,0.75,1.76,0.48,0.43,-2.18,-0.35,2.73,15.38,0.8,-0.58,1.17,1.72,2.62,-4.0,-0.91,-16.62,6.68,1.06,0.39,0.93,0.05,-0.25,-0.23
T1-14,0.831,1.37,-0.4562,4.21,0.9816,1.26,-2.2601,1.34,-1.26,5.79,-0.82,2.25,0.73,-0.42,3.26,6.08,1.93,0.1,2.35,1.26,2.56,-2.33,-1.49,-6.02,7.5,3.39,0.35,-0.52,1.2,1.59,2.9
T2-14,0.8543,3.09,2.0442,3.0,1.9017,4.13,0.4217,2.44,-0.19,6.99,5.05,4.71,4.42,2.62,4.25,1.48,2.2,-1.36,1.24,2.27,2.48,2.38,3.9,-3.93,9.1,5.09,1.17,0.12,1.89,2.83,2.34
T3-14,0.6311,2.61,1.6164,5.58,-0.9092,2.87,-0.9027,2.43,-0.76,5.54,2.52,3.85,5.16,2.85,3.64,1.04,2.43,-2.24,2.33,2.1,2.68,2.68,3.2,0.26,5.22,6.32,0.18,2.15,-0.46,0.98,1.19
T4-14,0.5107,2.98,-2.4353,0.71,1.4726,3.47,-1.5759,2.76,-4.27,5.91,4.01,5.15,5.86,3.46,4.76,1.71,2.45,5.59,1.58,2.36,1.69,6.5,7.88,-0.46,8.73,8.94,0.65,-0.05,3.77,3.08,2.24
T1-15,0.6801,2.8,3.4668,4.68,-0.5375,1.91,-1.4355,3.16,-3.46,1.13,0.53,3.92,4.72,2.94,4.45,6.21,1.85,2.39,4.95,2.69,3.4,3.65,9.54,-19.43,8.88,5.9,0.66,1.15,-1.5,1.73,0.03
T2-15,0.9417,2.4,-2.4076,0.11,0.7292,0.74,-2.5738,3.26,-6.34,-0.69,1.34,2.58,4.45,0.44,3.97,7.46,3.3,6.79,3.86,2.14,2.87,4.81,8.11,-10.95,8.13,5.38,0.62,-0.39,3.03,2.12,1.84
T3-15,0.7984,3.43,0.2488,-1.24,1.7107,3.4,0.8749,3.43,-4.66,1.52,9.02,4.02,5.65,1.45,4.85,9.18,2.22,7.0,-0.52,2.91,0.33,8.53,11.07,-3.91,8.96,5.9,0.94,-0.37,3.06,1.75,1.68
T4-15,0.0495,2.26,2.4699,3.73,-0.5652,1.33,-1.0562,2.35,-4.16,2.5,-0.8,3.3,1.41,-2.04,3.53,10.51,2.57,-0.53,-0.77,3.03,0.54,1.43,3.27,-8.39,2.57,2.99,0.77,0.16,-3.02,-2.97,-0.56
T1-16,-0.1673,1.65,-1.718,-1.47,-0.449,1.42,0.4319,2.08,-2.34,-1.03,5.42,1.31,2.84,-1.21,2.8,12.59,1.96,1.85,-2.89,2.42,-0.07,3.47,3.06,5.69,0.41,1.48,0.07,0.55,0.48,-0.42,-1.45
T2-16,0.4128,1.22,2.392,3.37,-0.4256,0.25,-2.3239,1.66,-2.09,0.78,2.02,0.36,2.34,-2.64,2.59,11.94,1.54,1.18,-0.28,1.53,1.28,0.05,-0.27,2.39,0.1,1.87,-0.25,0.95,-0.37,1.81,2.23
T3-16,0.9141,0.91,3.6271,6.86,0.0124,-1.42,-2.0274,1.97,-4.91,-0.87,-4.17,0.14,0.64,-1.59,2.73,12.56,2.29,2.48,1.56,1.39,3.06,-3.37,-2.64,-7.53,2.46,1.58,0.8,1.38,-0.46,4.15,1.39
T4-16,1.0115,2.34,-1.0098,3.23,1.0817,0.21,-1.6168,3.53,-5.44,-2.06,4.46,0.48,4.01,3.8,3.59,12.9,2.13,3.63,2.32,1.71,3.21,2.34,3.29,-3.16,7.88,3.21,1.09,0.31,2.7,2.17,1.03
T1-17,0.6442,3.05,0.1561,5.2,0.8318,1.5,-2.6287,3.54,-8.33,5.68,-0.4,4.18,3.17,1.04,4.46,10.67,3.1,4.56,-0.09,2.07,1.43,-0.03,2.77,-15.46,9.66,8.13,0.43,-1.19,-1.84,1.22,3.25
T2-17,-0.0225,2.71,0.3478,3.1,-0.6172,1.31,0.1073,3.25,-6.04,5.22,-1.63,3.69,1.52,4.88,4.63,10.12,1.8,2.92,-1.51,2.64,0.21,-0.83,2.52,-19.79,3.98,6.02,0.3,-0.27,-1.17,-3.46,0.23
T3-17,0.0465,1.21,0.9679,0.45,-0.9824,0.3,-5.7884,1.8,-9.65,3.48,0.81,2.07,2.14,1.62,3.43,8.38,0.46,-5.01,-1.26,1.93,-0.75,0.63,2.91,-13.17,-1.55,4.95,0.1,0.41,1.01,-1.38,0.37
T4-17,0.9155,1.49,2.6092,4.13,0.9703,0.19,-0.0446,2.18,-8.21,4.31,0.3,1.74,3.02,3.34,3.98,5.81,0.17,-4.79,-0.66,1.05,0.56,-1.6,-1.71,-0.89,2.4,5.54,0.22,1.64,0.42,6.26,1.6
T1-18,0.9274,2.17,0.0999,4.07,0.5301,-0.11,-0.9671,3.18,-6.64,1.66,2.51,0.35,3.79,7.57,3.82,1.85,0.8,-2.48,3.98,2.09,3.76,2.28,3.12,-3.67,3.01,5.89,1.46,1.95,2.03,1.83,3.6
T2-18,0.2428,1.75,0.6592,4.39,-0.4816,0.02,-0.3784,2.74,-7.09,0.93,2.3,0.75,3.78,3.02,3.0,2.32,1.57,-1.08,6.03,1.18,4.33,2.38,1.7,7.63,8.44,4.98,-0.59,0.27,-1.08,1.62,-0.63
T3-18,-0.015,2.76,-2.9569,0.33,0.2413,1.26,-3.3751,3.7,-4.71,3.91,0.33,2.64,4.21,5.39,3.5,4.57,2.35,3.83,1.48,1.38,3.2,0.27,-0.4,4.9,10.5,5.36,0.3,-0.68,-1.08,0.49,0.73
T4-18,0.0632,1.16,3.3617,1.07,-0.9052,-0.62,-2.8298,2.03,-7.37,0.91,-3.85,1.6,2.93,0.82,1.5,5.67,1.83,2.73,-1.09,1.18,1.03,-2.22,-0.99,-9.21,4.38,5.95,0.02,-0.5,-2.07,0.38,2.17
T1-19,-0.1525,-0.07,0.8344,1.81,-0.3442,-1.48,-2.4263,0.57,-8.73,-6.57,-2.67,0.7,-2.23,-0.95,1.29,7.67,1.34,-1.07,-3.03,0.17,-1.28,-3.72,-3.4,-6.34,2.64,0.1,0.45,-0.39,0.47,0.13,-2.13
T2-19,-0.0852,-0.04,-1.3508,-0.22,0.1899,-0.82,-0.4171,0.22,-8.77,-5.45,-2.25,1.59,-0.33,-0.44,0.39,5.07,1.27,-2.55,-5.7,0.76,-2.48,-4.6,-2.73,-17.63,3.41,0.09,-0.01,-0.94,-1.98,2.39,-0.64
T3-19,-0.212,-0.45,-1.0953,1.69,-0.66,-1.71,2.2743,0.05,-3.44,-5.58,-5.52,0.32,-2.05,-1.16,0.07,-0.72,1.48,1.81,-2.48,1.04,-2.28,-5.22,-3.36,-17.57,2.71,-0.21,0.57,-0.47,-1.73,-0.19,0.44
T4-19,-0.7559,-0.99,-0.0326,-1.65,-2.1437,-2.94,0.3825,0.09,-0.24,-3.42,-5.54,-2.78,-2.72,-0.29,-1.11,-4.0,2.13,3.94,0.43,1.55,-0.97,-4.19,-1.98,-18.59,-3.59,-3.98,0.52,0.84,-1.0,-5.78,-1.7
T1-20,-0.8074,-2.19,1.5692,-0.93,-0.8291,-3.41,3.1755,-1.19,5.48,2.54,-9.11,-3.89,-2.7,-1.2,-2.31,-5.15,1.61,2.03,0.75,-1.33,-0.7,-8.48,-8.82,-6.14,1.2,-4.27,-2.4,-0.12,-4.03,5.11,-2.42
T2-20,-3.0358,-20.46,-1.5368,-1.12,-21.6717,-24.49,-10.0705,-18.49,-4.74,-8.15,-35.96,-26.18,-21.29,-27.1,-37.73,-8.03,-3.05,-4.42,1.23,-20.76,-0.53,-32.45,-36.04,-2.77,-30.19,-27.62,-19.7,-0.77,-27.65,-29.37,-24.87
T3-20,0.2307,-8.12,5.5982,5.57,22.2773,-7.05,5.8828,-8.88,-1.38,-4.23,-17.33,-5.49,-8.11,-5.68,-20.7,-7.08,-0.57,-0.62,0.62,-11.3,-0.32,-17.69,-19.16,-6.31,-2.92,-15.29,12.58,-0.26,19.75,38.8,17.55
T4-20,0.3491,-3.44,-4.059,1.32,4.3871,-0.85,0.7895,-4.61,-0.98,-7.39,-8.58,1.96,-1.77,-0.92,-12.15,-4.79,0.44,-1.98,-1.34,-6.69,-1.38,-10.45,-10.75,-8.12,3.85,-2.1,5.75,-0.23,7.71,0.79,13.61
T1-21,0.6024,-1.57,1.722,1.47,-0.9232,-0.94,0.517,-2.05,-3.53,-25.37,-5.06,3.07,3.68,-2.37,-9.25,-3.74,1.3,3.8,-2.31,-2.66,-1.36,-4.46,-3.47,-11.51,-4.22,3.2,1.81,-0.1,2.38,-3.07,2.86
T2-21,0.2978,22.52,2.7057,5.84,0.4762,27.07,0.7053,20.3,8.03,-18.48,38.89,33.56,24.63,35.56,50.46,2.1,7.61,13.5,-1.26,23.5,0.3,33.39,40.81,-6.91,37.99,38.57,1.88,0.89,1.01,1.76,0.87
T3-21,0.1827,5.13,-2.2473,-2.02,-0.1627,3.75,1.1948,5.72,3.24,-24.2,13.59,3.93,6.54,6.79,20.32,4.94,5.88,4.99,-2.12,10.45,-1.04,13.35,15.59,-1.21,0.2,20.43,0.69,-1.59,1.77,0.78,2.16
T4-21,0.7969,1.95,1.1823,3.33,1.3513,0.73,0.5898,1.84,3.04,-20.78,2.75,1.58,3.52,3.99,15.22,4.56,4.4,-0.09,-1.05,6.07,0.27,5.93,5.95,5.45,3.97,8.87,1.56,1.09,0.65,4.59,2.7
T1-22,1.345,2.63,-0.0733,1.51,2.4315,4.14,1.426,1.49,3.97,-0.86,5.08,4.4,4.33,6.2,15.33,6.85,3.68,-0.94,-0.56,5.74,1.46,7.28,8.15,0.56,10.65,7.3,1.49,1.08,3.68,3.17,1.38
T2-22,1.1578,2.88,0.7707,-0.4,0.8498,4.53,1.1268,1.82,4.41,1.81,3.53,5.03,7.12,7.51,12.63,5.33,2.52,-0.1,-0.51,4.8,1.51,7.82,8.11,5.37,11.82,9.73,0.97,0.95,1.52,2.83,3.16
T3-22,1.0208,4.66,-2.0645,-0.22,0.6224,5.35,0.0131,4.33,3.19,2.13,-0.39,7.23,8.27,6.53,12.21,4.85,2.15,3.32,1.99,4.55,3.41,5.44,5.56,4.73,13.56,10.65,0.45,0.25,-0.48,2.35,3.01
T4-22,0.9083,4.66,6.374,4.9,0.9125,4.89,2.2243,4.55,4.86,-2.02,4.05,5.73,3.75,5.53,8.0,8.64,3.33,21.96,-0.68,4.25,1.69,9.04,8.04,16.59,2.66,6.62,1.27,-0.58,4.09,-5.45,-1.04
T1-23,0.729,3.75,-3.8811,0.91,0.6551,3.07,0.1704,4.01,3.57,-1.58,4.1,3.08,1.68,7.53,5.99,8.44,3.25,6.74,0.04,3.5,2.0,10.79,10.01,17.41,-1.08,9.32,0.77,1.38,5.35,-0.59,3.94
T2-23,0.7107,3.31,-0.1829,-0.05,0.7634,2.99,0.4138,3.63,2.84,-5.04,8.09,2.21,2.59,5.13,3.34,9.15,2.97,9.97,-0.48,3.76,1.78,12.97,12.02,20.78,-6.55,5.77,1.22,0.73,3.53,-2.86,-0.18
T3-23,0.6326,3.26,-2.2968,-0.29,0.9522,3.32,-3.2828,3.34,-0.55,-2.42,17.25,0.79,4.82,3.08,1.98,9.07,2.3,10.98,-0.39,4.8,2.19,16.57,14.59,32.25,-12.81,-0.1,1.46,0.65,2.69,-4.5,-2.71
T4-23,0.2938,2.15,2.3801,-4.03,0.0747,2.47,-1.2246,2.36,-3.91,-0.51,19.06,-0.33,5.98,1.8,1.7,4.28,1.26,1.48,2.02,4.58,3.71,14.85,12.97,28.3,-7.75,0.15,1.06,0.89,2.55,0.03,-0.78
T1-24,0.0176,1.84,-0.9497,-1.1,-0.8873,0.9,0.1927,2.79,-3.89,-3.97,11.72,-0.83,5.74,2.01,3.8,3.09,1.07,18.7,0.55,4.7,3.53,9.88,4.3,54.63,-6.55,0.09,0.89,1.21,0.79,0.7,3.88
T2-24,0.1477,0.97,1.4362,0.5,-0.7482,-0.62,-5.0333,1.98,-9.1,-1.44,6.83,-1.18,1.6,1.34,4.07,2.79,0.76,14.02,3.3,3.16,3.98,5.01,0.43,40.3,-2.1,0.8,-0.27,1.17,-1.06,1.77,0.53
T3-24,0.1053,1.36,3.1498,6.1,1.281,-0.29,-0.7793,1.99,-6.75,-1.9,1.3,0.47,-1.85,4.02,4.27,1.62,1.14,11.89,2.57,2.16,4.13,2.95,-1.13,30.51,9.02,4.72,0.48,0.79,0.68,6.34,1.07
T4-24,0.054,0.29,-6.1787,-2.77,-2.0835,-2.44,-3.2119,1.83,-8.62,-2.2,-5.96,-0.05,-2.83,4.98,3.98,1.34,1.17,10.68,0.91,-0.34,3.09,-2.88,-5.39,12.99,12.64,5.18,-1.42,-0.11,-3.26,3.36,-0.35
T1-25,0.2205,0.42,5.5248,3.59,0.1217,-1.45,-3.3349,1.06,-11.84,-0.12,-2.7,0.69,-6.0,3.84,0.96,2.0,1.54,9.91,2.16,-1.09,2.03,-7.46,-5.4,-18.78,13.01,-1.37,0.13,0.17,-3.96,1.03,-2.59
T2-25,0.3585,1.04,0.2148,2.34,0.2537,-0.46,-1.1384,1.63,-8.23,-1.38,-1.03,1.16,-5.65,5.63,1.38,1.94,1.94,9.8,-0.1,0.66,1.2,-6.28,-4.11,-18.36,11.45,1.61,1.5,0.35,0.2,0.37,3.56
T3-25,0.388,-0.07,3.428,2.62,-0.9209,-2.62,2.6676,1.14,-5.04,-1.48,-4.28,-1.77,-3.79,4.32,0.51,1.99,1.57,8.52,-0.47,1.52,0.47,-7.71,-4.76,-22.78,4.0,4.05,1.33,0.06,-0.86,-0.77,3.5
T4-25,0.5469,1.79,-1.4465,7.79,0.8946,0.34,1.5108,2.14,-0.4,2.25,4.08,-0.67,-0.98,4.58,0.97,3.85,1.8,6.43,1.62,4.04,1.38,-3.9,-1.71,-15.31,1.74,9.71,1.03,0.8,0.74,1.11,5.07
T1-26,-0.77,0.2,-1.3625,-0.08,-1.0522,-1.14,-0.61,0.88,,,,,,,,,,,,,,,,,,,,,,,
