Periodo,Total,Minería,Energía_agua_gas,Construcción,Manufactureras,Alimentos_Anual,Bebidas_Anual,Textil_Anual,Cuero_Anual,Madera_Anual,Papel_Anual,Quimica_Anual,Plastico_Anual,Metales_Anual,Metalicos_Anual,Maquinaria_Anual,Computacion_Anual,Electrico_Anual,Transporte_Anual
feb-93,3.94,0.98,0.05,2.88,4.06,,,,,,,,,,,,,,
mar-93,0.71,1.13,-0.58,0.21,1.19,,,,,,,,,,,,,,
abr-93,-1.24,0.62,0.31,-0.8,-0.95,,,,,,,,,,,,,,
may-93,0.01,-0.48,-0.34,1.5,-0.64,,,,,,,,,,,,,,
jun-93,-0.79,0.82,-1.44,-2.11,-0.54,,,,,,,,,,,,,,
jul-93,0.94,-0.19,-0.93,-0.62,2.12,,,,,,,,,,,,,,
ago-93,0.22,-0.0,-1.47,1.12,0.37,,,,,,,,,,,,,,
sep-93,-0.19,0.71,-0.49,1.45,-0.59,,,,,,,,,,,,,,
oct-93,0.4,0.97,-2.12,0.38,0.48,,,,,,,,,,,,,,
nov-93,0.06,0.24,-1.92,2.76,-1.0,,,,,,,,,,,,,,
dic-93,1.54,-0.0,-1.47,2.81,1.03,,,,,,,,,,,,,,
ene-94,0.71,-1.09,-1.51,2.35,-0.24,0.61,-0.02,-5.84,-2.21,-18.56,0.66,3.32,2.16,-0.67,2.38,-21.51,41.7,36.5,-2.69
feb-94,-0.53,-1.19,-2.16,3.7,-2.56,0.89,-5.65,-4.19,-4.1,-27.45,-2.31,-1.05,1.76,3.44,1.6,22.64,-0.96,-17.28,-8.86
mar-94,1.1,0.36,0.6,3.67,1.33,-0.7,-1.28,-5.35,3.38,12.75,-3.01,0.14,8.49,-1.52,-3.13,-2.62,16.01,-21.38,-10.92
abr-94,5.04,-0.11,-0.66,2.17,9.0,2.82,5.48,2.34,-0.36,18.52,0.32,9.58,9.8,-1.97,22.68,3.41,29.38,20.14,0.14
may-94,-3.81,0.52,-1.3,-1.78,-6.14,-2.51,-2.16,2.21,0.75,4.94,-0.89,2.13,8.95,-1.93,8.98,-3.92,2.68,22.5,-3.67
jun-94,-0.05,-0.62,0.25,-0.61,0.72,3.2,14.82,3.42,3.7,3.15,3.96,3.68,11.33,4.6,11.93,13.33,-9.42,-15.02,9.9
jul-94,-0.2,0.2,1.15,-1.25,-0.1,6.83,16.24,-0.67,-3.92,1.4,1.21,5.54,5.56,2.74,15.3,-14.54,-14.4,-5.87,5.19
ago-94,1.2,0.26,0.35,0.62,2.1,5.71,17.94,-1.54,-0.51,-0.23,7.3,7.52,3.54,14.85,-3.17,-18.67,-7.07,-22.17,17.9
sep-94,0.3,-0.81,1.58,-1.46,1.36,2.22,14.34,-0.56,4.37,3.97,8.14,8.17,-0.51,7.32,6.17,9.17,17.51,-8.06,4.49
oct-94,-0.62,0.86,2.65,1.1,-1.5,3.64,11.84,7.62,-8.21,20.88,7.2,10.09,-12.54,9.43,8.58,-17.94,-16.57,6.14,2.79
nov-94,-0.32,-0.92,2.53,-2.93,0.95,5.73,5.08,11.6,1.89,14.07,10.23,6.88,6.21,6.8,3.32,13.03,-19.89,45.16,7.51
dic-94,-0.26,-0.27,3.48,-1.6,-1.44,3.21,-22.73,8.22,-4.07,-14.15,6.41,6.52,-12.53,0.82,10.9,-11.23,12.73,-7.33,0.22
ene-95,1.41,0.4,2.03,-13.2,5.72,3.26,1.22,5.25,-11.75,-2.69,10.47,9.49,3.6,4.01,0.68,-6.19,68.56,-28.79,1.84
feb-95,-8.93,-1.18,3.19,-18.33,-8.25,5.16,9.14,1.84,-5.63,0.06,5.71,6.08,-4.93,2.02,-4.1,2.95,18.48,-12.72,-9.96
mar-95,-1.58,0.55,1.51,-0.03,-2.42,6.32,1.42,3.28,-12.98,-36.84,1.3,2.72,-14.32,-5.57,-10.92,27.72,-11.62,-3.84,-15.34
abr-95,-4.19,0.21,3.15,0.46,-7.09,6.25,-8.63,-17.42,-21.1,-30.83,-2.61,0.95,-11.14,-2.5,-24.05,-8.0,-66.23,-10.52,-32.07
may-95,-0.6,0.04,1.47,-9.4,1.02,5.92,-0.09,-13.7,-21.81,-15.17,-0.95,2.07,-17.0,1.02,-26.21,-22.1,-26.35,-10.82,-27.99
jun-95,0.54,1.07,1.62,4.37,-0.2,4.49,-3.38,-11.5,-24.29,-10.41,0.46,3.84,-17.55,-2.86,-30.41,-14.85,-34.86,0.44,-31.32
jul-95,0.78,0.2,0.86,-0.53,1.53,-2.46,-5.66,-8.68,-13.4,-6.69,-0.28,5.82,-2.97,0.69,-25.77,-13.06,-35.33,-4.68,-22.47
ago-95,0.19,1.82,1.21,3.07,-0.29,-2.1,-2.23,-2.79,-8.9,4.11,-4.82,4.68,4.84,1.41,-19.89,-7.11,-50.57,-12.54,-21.84
sep-95,1.61,0.13,1.47,4.44,1.51,-0.08,-4.89,-0.59,-9.21,1.21,-3.42,2.05,-1.21,-6.13,-21.14,-15.84,-43.42,-15.54,-12.27
oct-95,-4.18,-24.71,0.34,0.79,1.84,-0.44,-2.04,-6.52,-12.92,6.19,-3.85,-4.63,0.79,1.11,-21.53,-22.47,-7.44,-10.94,-3.98
nov-95,6.74,28.07,1.09,6.65,1.27,-0.66,-1.82,-7.47,-13.51,-7.54,1.28,-2.41,-3.14,2.58,-14.74,-21.83,-9.23,-11.27,-6.91
dic-95,6.77,5.79,0.03,11.05,3.78,-0.53,2.62,11.17,-0.01,5.21,15.81,5.29,5.31,9.06,-7.47,3.86,-18.7,-1.5,2.86
ene-96,-0.75,1.92,-0.61,-3.61,-1.35,3.03,6.75,3.09,5.19,10.12,3.99,1.4,0.11,22.99,-9.3,9.42,-62.54,17.94,2.51
feb-96,-0.63,1.23,0.75,-3.8,0.77,2.3,0.15,9.05,2.42,13.36,7.66,8.69,9.57,29.3,-4.21,-11.71,-32.74,-0.69,15.96
mar-96,1.72,-0.2,-0.25,1.41,2.89,1.09,4.5,5.21,12.86,19.15,10.32,9.81,15.53,26.1,4.59,-19.32,-15.92,-0.29,27.27
abr-96,-0.84,1.14,-0.55,1.44,-1.95,-0.3,3.09,21.66,21.47,19.86,10.17,11.34,4.32,22.49,11.19,14.41,22.82,-5.47,54.43
may-96,1.61,0.01,0.5,1.65,2.06,-1.29,1.11,14.35,31.87,15.3,6.7,13.22,27.26,21.7,24.86,38.67,-8.18,3.31,53.99
jun-96,1.67,0.34,0.51,2.63,2.05,-1.97,3.03,11.43,32.38,18.52,9.6,3.57,20.78,24.48,33.15,25.81,48.36,3.17,59.46
jul-96,-0.29,0.08,-0.03,4.74,-1.48,3.91,8.54,13.47,18.76,14.43,7.39,-2.79,8.99,24.47,31.13,21.29,6.03,1.66,46.17
ago-96,0.06,-1.27,0.42,-2.02,1.12,3.69,6.29,9.36,10.77,7.45,9.42,-1.25,12.59,12.1,25.78,2.49,33.33,17.88,41.95
sep-96,0.26,1.3,-0.95,-0.9,0.34,3.88,4.34,6.92,1.51,7.66,11.92,2.43,9.89,17.06,23.64,8.15,23.8,11.48,33.61
oct-96,1.87,0.73,-0.31,3.4,2.18,3.2,4.16,12.21,13.43,5.32,13.23,8.15,5.41,19.25,23.99,24.8,32.64,8.49,21.93
nov-96,1.09,0.1,3.12,-1.32,1.97,4.3,7.38,11.95,13.36,31.55,8.69,9.24,6.43,17.67,19.13,15.39,42.91,13.94,21.48
dic-96,2.67,1.46,-2.54,6.3,0.31,3.77,8.17,3.82,9.2,15.11,5.74,4.39,15.11,17.03,13.59,5.71,19.46,6.59,16.08
ene-97,-2.47,-0.07,2.03,-6.82,-1.61,0.18,1.67,8.92,9.46,-8.34,2.25,7.41,5.48,2.12,16.17,10.51,38.04,12.62,20.84
feb-97,0.78,2.07,-0.99,-0.76,1.72,1.28,4.22,4.26,12.27,-9.54,3.84,6.87,0.64,-0.14,24.65,27.09,24.76,10.72,18.7
mar-97,0.67,-0.52,1.64,-0.47,1.23,0.67,-0.3,5.29,2.62,11.63,3.88,5.24,5.38,7.83,13.8,25.27,27.78,12.41,13.67
abr-97,1.41,-0.28,-2.35,5.34,1.38,1.75,5.95,10.56,8.81,11.19,5.53,6.07,13.46,13.63,15.97,5.61,51.42,30.28,10.95
may-97,1.08,1.6,-0.02,1.93,0.61,3.32,-1.09,14.94,-0.65,22.17,3.49,1.09,2.87,8.11,17.59,-1.31,43.3,27.65,11.6
jun-97,1.13,1.34,-0.69,-0.6,1.76,4.48,5.59,13.55,-0.21,21.0,4.56,5.73,18.59,16.18,15.76,5.08,8.26,23.97,11.39
jul-97,0.81,0.22,-0.1,0.39,1.49,1.4,1.91,12.75,4.49,16.59,10.15,11.13,13.52,4.93,12.65,33.71,46.03,37.74,17.23
ago-97,0.74,0.99,0.41,2.66,-0.16,1.98,2.98,9.32,3.06,10.45,9.98,7.79,13.87,11.41,10.06,14.09,70.38,18.0,3.3
sep-97,0.16,0.42,-0.54,-1.38,0.61,1.91,11.45,5.89,11.44,23.12,7.98,5.24,16.77,15.62,9.98,24.77,43.06,22.17,16.79
oct-97,1.25,0.19,-0.19,0.12,2.05,3.46,3.71,5.64,5.96,22.4,6.9,4.57,15.63,10.92,15.6,19.27,29.24,31.46,17.6
nov-97,0.73,-0.05,-2.46,-0.89,1.44,3.49,3.81,3.04,4.61,-1.82,6.52,-0.37,9.94,14.33,12.08,31.5,25.6,31.01,21.28
dic-97,0.18,-1.0,-0.08,0.67,-0.19,4.29,-1.34,-0.63,-3.29,0.68,1.14,0.5,-4.48,13.46,13.98,21.52,45.56,30.61,16.85
ene-98,1.24,-0.23,-0.67,-1.46,2.88,5.57,6.26,-6.0,-0.94,24.03,6.96,1.07,4.21,12.2,15.03,7.95,68.95,34.94,9.02
feb-98,1.57,2.37,-1.22,4.62,0.69,3.5,2.68,3.32,-2.79,23.89,3.32,1.02,15.06,10.08,3.3,19.97,60.47,43.87,13.98
mar-98,0.59,-0.44,-1.24,1.82,0.52,4.44,12.04,8.78,1.2,-0.23,5.82,2.91,21.67,15.41,11.93,-0.27,38.87,35.59,20.91
abr-98,-0.33,0.95,-0.63,-0.58,-0.15,5.14,12.13,0.59,-2.88,0.29,5.16,1.69,9.27,5.55,5.66,7.65,43.23,45.6,15.1
may-98,0.37,-0.09,0.23,0.14,0.52,6.9,20.08,-0.41,-2.28,-9.25,6.88,7.28,7.31,10.01,4.44,7.53,42.54,20.75,16.01
jun-98,-1.16,-1.65,-0.03,-1.28,-0.98,3.78,12.85,2.85,2.17,-12.42,7.79,6.4,-2.71,2.88,2.99,1.86,38.91,23.5,7.83
jul-98,0.25,0.35,1.21,1.64,0.36,5.88,12.93,9.18,-3.19,1.97,8.77,4.53,1.22,11.55,7.78,-16.55,38.92,18.43,-4.18
ago-98,0.6,-0.41,-1.45,-0.09,0.79,5.94,6.96,6.26,-4.76,8.4,8.09,7.5,-9.43,9.8,14.13,0.97,12.1,30.58,20.66
sep-98,-0.24,-4.27,-0.59,3.49,-0.54,5.75,1.51,10.3,-1.52,-9.09,5.15,4.82,1.53,3.44,11.26,-0.12,10.37,41.71,5.82
oct-98,0.23,-1.27,0.31,-1.06,0.95,4.75,8.09,9.44,-1.78,-10.08,7.99,3.13,2.37,1.61,3.15,-8.93,20.28,19.15,7.91
nov-98,-0.04,7.29,-0.41,-6.1,-0.38,4.36,6.11,11.06,2.11,11.25,4.99,12.44,6.09,-8.09,6.88,-12.94,7.81,14.1,2.92
dic-98,0.87,0.79,2.54,5.41,-0.13,3.76,7.81,1.17,-0.75,11.24,6.05,5.63,17.07,-3.78,2.85,-3.41,4.73,12.67,7.83
ene-99,-0.07,-1.18,5.03,3.55,-0.98,3.06,2.72,10.58,-4.78,2.22,6.02,2.49,2.34,0.67,2.62,-0.59,-11.8,8.58,7.42
feb-99,0.23,-1.75,0.96,-0.8,0.83,3.91,5.76,1.01,0.02,7.97,7.96,-1.53,-1.46,2.13,5.48,-18.53,1.47,7.05,2.35
mar-99,0.16,0.87,1.38,1.39,-0.13,6.23,4.01,-2.79,0.69,6.83,7.9,0.46,-10.39,-8.6,4.44,-11.48,8.79,9.6,-5.18
abr-99,0.89,-1.82,1.28,-3.69,2.74,3.68,1.75,15.0,5.58,-1.73,7.86,1.57,0.97,-5.67,9.04,-8.16,9.68,-1.81,4.08
may-99,-0.86,0.25,0.24,0.8,-1.25,2.36,1.8,6.17,6.08,-0.98,12.93,-3.25,-4.87,-5.85,8.63,-10.25,2.11,14.34,3.82
jun-99,-0.45,-2.91,0.35,1.47,-0.32,3.45,2.99,5.61,-2.01,-0.68,8.74,2.49,-0.31,-5.38,5.46,-15.68,-1.15,9.15,10.0
jul-99,0.21,2.11,1.39,-2.57,1.18,3.02,-1.55,4.28,0.61,-2.44,3.43,2.96,-1.67,-4.56,3.61,-15.2,2.91,5.14,19.84
ago-99,0.27,-0.9,-0.67,-0.72,0.16,3.39,4.11,7.11,2.52,1.05,4.59,-2.09,1.4,-6.13,-4.12,0.14,2.26,4.39,10.97
sep-99,1.15,0.22,1.42,0.75,1.4,3.08,6.29,7.53,2.26,-0.31,3.41,0.41,-8.97,-3.77,0.24,-18.81,30.82,0.56,12.8
oct-99,-0.67,1.05,0.38,0.01,-1.96,2.15,9.74,-2.17,-1.37,-0.61,3.66,0.54,-9.57,-1.74,2.75,-9.91,-2.92,11.44,5.04
nov-99,0.83,1.32,1.09,2.06,0.64,2.09,7.84,2.19,-7.11,-7.95,6.44,-3.16,0.94,12.26,1.7,-12.4,-4.63,6.6,13.83
dic-99,0.69,-1.77,-0.02,1.38,1.91,3.96,7.8,7.39,5.73,-10.4,9.84,2.02,4.88,8.1,6.63,-12.11,-2.45,17.36,16.28
ene-00,1.51,3.11,-2.88,0.07,1.33,5.85,6.51,11.39,5.63,4.03,6.34,-0.37,12.95,0.17,6.65,-23.37,10.54,14.43,25.63
feb-00,1.44,-2.3,1.49,2.02,1.92,4.69,5.3,18.01,-5.24,-0.34,7.15,4.74,8.09,5.68,6.87,-14.57,18.3,11.0,22.54
mar-00,0.58,2.07,1.3,-2.12,1.37,2.28,2.28,12.63,0.28,-1.61,6.48,0.8,2.81,8.53,5.49,-10.36,19.25,22.37,28.76
abr-00,-0.58,2.49,-0.9,-0.82,-1.73,1.59,2.49,1.46,-8.61,4.12,5.2,-1.7,-2.11,13.55,1.8,-3.66,1.32,11.14,22.98
may-00,0.73,-0.66,-0.01,2.35,1.17,2.52,4.74,11.65,-5.61,2.11,2.23,1.07,6.14,13.98,3.24,-1.28,17.6,10.72,15.92
jun-00,0.9,1.14,-0.58,-1.74,1.59,3.37,-3.19,9.21,6.18,4.04,1.54,0.43,4.12,5.22,5.54,5.66,31.36,14.22,19.44
jul-00,0.85,-6.75,-1.86,-1.77,5.23,3.36,5.6,0.01,-2.94,-2.6,3.39,1.25,7.46,2.72,4.93,16.14,67.44,13.07,21.02
ago-00,-1.14,8.17,-0.11,0.96,-5.29,2.14,5.31,3.49,0.77,-1.42,2.36,2.23,12.36,5.78,8.13,0.68,38.67,9.24,13.59
sep-00,-0.48,0.45,-0.3,-2.5,-0.45,2.44,3.66,2.03,-11.57,1.72,4.78,3.63,14.18,6.2,8.94,21.29,11.99,1.41,12.96
oct-00,-0.18,-5.49,-1.2,0.31,0.88,4.91,-3.75,8.73,-11.35,8.76,2.58,2.95,13.01,4.45,6.77,15.67,29.56,5.12,24.07
nov-00,-1.05,1.43,-1.92,-1.92,-1.12,4.11,-0.86,-1.84,-7.49,3.55,0.11,-1.48,1.3,-3.95,12.52,17.16,30.4,11.27,12.29
dic-00,-2.47,0.54,-1.44,-2.19,-3.05,0.98,-0.8,-1.98,-16.59,3.13,-4.0,-3.12,-7.6,-0.67,3.39,4.37,14.37,1.05,6.69
ene-01,3.32,1.48,-2.31,-0.57,4.94,0.5,-0.72,1.95,-11.32,0.3,-1.2,-1.49,-5.84,2.6,-3.94,16.37,31.18,5.58,2.1
feb-01,-0.76,2.79,-1.01,-2.2,-0.79,1.36,0.47,-1.69,-13.51,-2.95,-2.42,-5.07,-9.61,-7.79,-4.09,23.89,15.37,3.72,0.66
mar-01,-1.25,-0.73,-1.27,1.21,-2.65,1.31,3.63,-0.27,-15.89,-11.94,-3.03,-2.87,-6.32,-0.47,-7.04,-2.55,2.72,-9.76,-1.72
abr-01,-0.89,-2.83,0.33,-6.13,0.41,3.64,-0.95,-1.28,-11.21,-12.8,-2.26,-4.22,-8.92,-7.14,-5.56,-0.62,15.96,-2.0,-1.95
may-01,0.67,-0.24,-1.19,4.14,0.73,3.36,-2.98,-3.83,-15.19,-11.76,-1.31,-3.67,-3.35,-13.51,-6.51,2.83,18.43,-4.4,0.1
jun-01,-0.26,2.86,1.21,0.69,-1.35,4.73,6.83,1.27,-21.86,-12.13,-0.84,-8.01,-9.5,-1.84,-7.49,2.21,-4.72,-5.46,-5.8
jul-01,0.0,0.18,-0.02,3.27,-0.26,3.47,1.22,-8.06,-15.28,-9.7,-4.25,-8.43,-9.69,-2.48,-6.19,-6.29,-26.08,-7.32,-9.04
ago-01,0.01,-0.27,3.84,0.72,-0.87,3.83,-0.96,-7.64,-15.05,-13.9,-3.31,-3.77,-9.18,-0.56,-4.12,-4.1,-12.48,1.85,-8.14
sep-01,0.35,-0.63,1.56,-0.97,0.67,3.85,-4.19,-7.9,-6.14,-9.52,-1.31,-5.2,-13.35,-2.49,-6.09,-4.12,-18.31,11.29,-3.53
oct-01,-1.95,-1.59,3.53,-2.92,-2.09,2.08,-1.19,-9.67,-5.65,-15.01,-1.94,-3.88,-9.55,-2.06,-7.08,-8.31,-24.46,-0.4,-8.62
nov-01,0.88,2.92,3.43,1.29,-0.07,2.64,1.15,-6.48,-6.37,-18.05,0.42,-2.78,0.76,0.13,-14.21,-7.88,-15.29,-2.25,-1.92
dic-01,-0.68,0.74,4.9,-0.16,-1.36,3.52,3.62,1.39,-2.75,-13.47,-1.66,-4.8,-0.62,-9.2,-8.92,-6.74,-14.75,-0.96,-4.75
ene-02,-0.95,-2.31,-2.42,-2.9,0.36,2.68,5.02,-7.98,-18.28,-23.53,-0.87,-1.73,-5.24,-8.81,-6.35,-1.22,-27.57,-7.65,-5.78
feb-02,-2.05,-0.82,4.07,-1.77,-1.74,2.69,2.92,-11.14,4.8,-25.81,-1.15,-1.6,-4.85,4.4,-2.58,-5.82,-36.84,-12.16,-4.29
mar-02,1.14,-1.65,2.15,-1.98,1.75,3.31,-2.2,-9.44,-2.11,-9.31,0.75,-2.55,6.43,-6.08,1.99,-4.07,-24.72,-3.9,-2.79
abr-02,1.72,1.37,3.27,2.13,1.0,3.53,5.4,-7.82,-2.68,-6.33,3.33,2.0,13.04,-4.39,2.4,-5.09,-26.77,-3.88,-1.03
may-02,-0.71,0.47,4.0,1.8,-1.58,0.82,3.0,-5.76,-0.73,-6.62,1.73,-2.16,0.75,7.16,2.62,6.72,-44.81,-5.95,0.74
jun-02,0.24,-0.73,1.04,-0.29,0.65,0.23,-3.68,-14.59,-1.4,-9.02,1.44,0.31,9.72,0.98,1.53,3.75,-32.0,-6.78,3.94
jul-02,0.26,0.04,1.97,1.48,0.44,1.37,0.05,-3.06,3.56,-10.33,3.72,0.12,12.33,3.58,-2.4,1.67,-35.86,-4.33,10.16
ago-02,1.16,0.71,0.36,1.51,0.76,2.0,3.32,-6.01,2.4,-12.05,4.52,-2.6,3.03,4.76,-3.62,4.12,-25.4,-16.92,12.88
sep-02,-0.04,-1.18,1.49,1.61,-0.44,1.51,3.74,-5.92,-1.09,-5.46,1.01,-0.73,-0.2,3.42,-6.05,-7.81,-11.4,-13.9,2.96
oct-02,1.11,5.04,-0.17,0.04,0.73,1.87,7.55,-0.26,0.52,-15.48,1.01,-1.13,-1.97,1.7,-2.25,-4.1,7.33,-10.32,7.37
nov-02,0.04,-5.21,-2.32,1.15,0.93,0.13,-1.79,-2.39,-0.35,-7.95,-0.95,0.65,-8.7,2.34,8.24,-3.58,15.75,-6.51,1.1
dic-02,-1.02,2.73,3.71,-0.83,-2.27,1.78,-4.59,-3.44,-1.38,-6.18,1.28,3.77,-7.33,14.19,0.96,4.36,3.84,-7.94,-8.35
ene-03,-1.96,-0.03,-2.02,0.33,-2.4,1.39,-0.66,-5.43,10.73,-7.14,2.81,4.26,-4.35,8.06,5.66,-5.86,-26.3,-3.74,-0.29
feb-03,2.21,1.05,0.27,2.56,2.97,2.11,-1.94,-4.49,-5.04,3.15,6.16,6.83,3.03,1.93,-0.42,0.82,0.69,2.22,-0.77
mar-03,-0.66,0.85,-0.1,-4.15,-1.11,0.89,1.59,0.68,-4.3,-2.58,3.91,1.56,-6.26,4.11,-5.07,24.25,-5.84,-5.27,-6.08
abr-03,0.23,-1.24,-1.05,1.05,0.46,1.07,-3.93,-2.11,-0.68,-2.78,0.59,-0.64,-6.54,7.53,-10.76,13.36,-1.14,-2.89,-7.28
may-03,0.28,0.83,0.16,-1.76,0.62,1.91,1.67,-8.84,-2.76,-10.5,0.71,0.84,-3.1,-1.45,-7.53,-5.98,23.96,-1.4,-2.52
jun-03,0.64,0.83,-0.72,0.94,0.69,2.1,4.82,-6.92,-1.97,-1.1,-1.07,0.66,-6.13,0.94,-2.44,9.5,21.57,-7.57,-5.6
jul-03,-0.28,0.68,-0.86,1.21,-0.7,2.22,1.61,-2.61,-7.87,-6.08,-0.3,1.81,-10.56,1.86,0.32,-3.96,26.04,-5.02,-10.36
ago-03,-0.26,0.03,-0.49,-1.4,-0.47,1.06,-2.95,-3.53,-9.0,-3.98,-1.4,1.5,-1.87,-5.53,-4.1,-2.52,16.55,4.22,-13.05
sep-03,-0.24,-0.23,-0.11,-1.5,0.18,1.88,1.08,-4.08,-1.08,-8.43,-0.05,-2.39,5.05,-0.09,-0.02,-0.74,-2.16,-0.94,-6.92
oct-03,0.74,1.87,-0.08,2.59,0.3,1.85,-1.03,-3.26,-2.43,-0.14,1.44,-0.38,11.15,3.04,6.38,4.44,-6.74,-0.99,-9.08
nov-03,-0.65,-0.38,1.39,-3.0,-0.78,3.64,6.75,-1.34,-4.46,1.29,4.97,-2.62,3.86,2.35,-5.54,4.14,-23.39,-5.54,-7.61
dic-03,1.71,0.39,-0.24,3.24,1.97,3.49,5.7,-3.38,-1.62,6.42,3.58,-1.29,11.81,-6.14,0.46,3.72,-3.11,-2.54,4.32
ene-04,0.31,-0.91,19.63,8.02,-1.55,2.8,2.27,6.04,-0.81,1.93,1.21,-3.49,4.91,4.88,0.18,15.07,2.07,-1.17,-0.24
feb-04,0.14,-0.46,0.99,-3.58,0.89,1.48,6.4,-2.55,0.11,-7.01,-1.02,-3.13,4.64,-1.9,0.03,3.97,-1.43,0.92,0.66
mar-04,2.06,0.76,2.63,3.21,1.96,3.72,6.47,-3.06,4.4,-4.31,0.54,3.04,4.04,2.96,5.95,8.33,-4.57,3.26,10.15
abr-04,-0.11,1.04,-1.14,0.34,-0.39,2.85,9.17,-3.2,-6.09,-4.82,3.04,0.9,2.88,5.22,14.23,4.65,-8.43,-0.86,8.13
may-04,-0.44,-0.94,-1.23,-1.85,-0.27,1.57,3.79,4.92,23.99,11.4,3.79,2.16,3.41,4.78,10.36,2.78,-8.95,4.61,-1.6
jun-04,0.6,0.56,0.69,1.27,0.68,2.82,6.05,8.69,2.81,-2.93,5.03,2.8,3.83,0.5,9.89,-4.65,-16.51,11.5,4.19
jul-04,-0.48,-1.68,0.89,-1.63,0.22,2.41,4.76,5.52,5.5,8.86,6.33,1.31,7.49,3.66,7.26,9.41,-16.33,7.02,4.95
ago-04,-0.04,-0.26,1.02,-1.94,0.22,2.9,9.53,6.81,6.55,11.47,6.95,1.77,4.6,8.08,13.78,5.97,-16.87,3.6,9.22
sep-04,0.16,2.21,0.25,2.19,-0.76,2.7,5.86,2.58,-1.96,0.77,9.07,5.58,7.87,5.02,15.4,11.73,-14.06,-3.09,6.31
oct-04,0.34,1.27,0.6,0.43,-0.03,2.08,5.74,2.09,-1.68,4.71,8.54,4.03,1.72,2.12,5.29,9.32,-15.78,3.16,5.86
nov-04,0.05,-1.48,-0.12,1.15,0.12,3.95,5.08,2.59,2.9,-4.36,6.85,6.46,3.26,0.66,9.9,13.33,-13.72,4.55,3.89
dic-04,0.32,-3.25,1.58,-0.06,1.42,3.78,9.39,-2.87,-2.03,1.29,6.87,7.41,2.18,6.77,11.62,9.58,-17.05,0.18,12.42
ene-05,0.25,2.7,1.72,2.98,-0.76,4.46,7.24,-5.55,1.48,2.19,7.6,4.39,5.94,-0.92,10.42,11.91,-0.55,2.83,-0.31
feb-05,0.42,0.02,1.53,-2.33,1.1,4.87,11.0,1.72,-3.32,5.24,6.29,3.28,4.85,6.29,13.52,9.02,-10.08,0.64,6.36
mar-05,-0.24,-0.73,-1.62,1.79,-0.98,2.84,5.5,-5.01,-2.6,3.73,4.36,0.78,-2.62,8.45,9.23,2.7,-8.37,-1.66,-6.78
abr-05,0.3,1.98,0.84,-1.0,0.46,3.39,5.67,-4.16,9.6,1.41,5.91,3.96,6.88,6.05,5.7,6.78,-12.71,-0.62,3.08
may-05,0.87,1.66,0.65,0.46,0.17,5.67,6.68,-6.08,-14.35,-5.65,6.15,4.51,3.6,6.84,8.77,14.61,-14.68,-4.3,4.86
jun-05,-1.14,-0.57,1.88,0.42,-1.52,2.77,6.33,-5.84,6.25,4.83,5.7,0.53,2.44,5.64,1.98,5.82,-10.15,-3.83,-3.28
jul-05,-1.51,-7.81,-0.05,-1.87,0.47,2.21,5.92,-9.34,5.35,-3.27,5.35,2.12,-1.39,-1.52,3.73,6.42,-7.85,-3.27,0.51
ago-05,2.62,9.07,-1.52,0.37,1.48,4.28,3.93,-8.54,2.25,-11.84,3.88,2.45,-0.16,-0.6,3.21,10.52,-8.61,0.6,4.77
sep-05,0.78,-1.98,0.57,1.04,1.8,4.19,7.27,-4.54,4.58,-6.21,1.49,0.9,-1.11,3.3,2.24,11.54,-0.99,8.16,8.29
oct-05,0.3,-1.86,0.69,-0.0,0.84,3.84,6.37,-10.98,9.6,-4.87,0.38,1.9,-1.47,10.13,5.93,11.44,1.2,2.6,10.28
nov-05,1.44,3.24,0.85,3.23,0.68,2.0,5.17,-9.73,8.83,5.42,-0.36,1.05,3.43,12.8,7.4,5.04,5.82,4.97,18.22
dic-05,1.24,1.05,-1.84,1.14,1.09,0.4,3.19,-4.19,11.16,-10.82,2.26,-1.3,1.85,11.76,5.62,5.44,6.28,14.77,10.76
ene-06,0.24,-0.83,8.58,-0.34,0.76,1.02,5.95,-6.78,9.21,5.28,2.05,2.53,3.12,10.52,10.16,-2.02,6.95,11.09,26.8
feb-06,-0.62,-1.42,2.78,0.22,-0.9,1.41,0.86,-5.58,10.21,13.06,4.61,-0.86,0.64,7.07,6.67,2.33,4.43,8.34,15.65
mar-06,0.94,0.9,-0.37,2.57,0.34,1.57,3.37,-4.27,9.19,-2.6,5.46,3.26,4.96,3.48,8.72,-0.31,5.32,12.94,29.31
abr-06,0.14,-0.62,1.24,1.31,0.14,1.69,5.12,-4.85,0.31,-0.45,1.56,3.36,-0.69,0.83,11.38,1.48,10.18,17.9,8.57
may-06,0.95,-0.57,1.38,0.35,1.42,1.72,7.09,-3.73,2.79,2.02,1.34,3.18,2.25,8.88,6.7,0.83,11.68,16.66,19.66
jun-06,0.11,-2.08,1.33,0.35,0.53,2.74,3.24,-4.51,0.28,-6.95,3.8,7.39,7.26,11.23,14.05,6.88,5.13,18.85,26.27
jul-06,-0.02,-0.45,0.43,0.47,0.06,3.3,7.71,-1.89,-0.24,-3.56,1.98,6.82,4.84,13.91,13.93,8.55,8.33,23.93,17.51
ago-06,0.45,1.99,0.77,3.48,-1.23,0.75,5.58,-2.26,2.19,6.96,2.8,4.04,4.55,9.06,10.25,0.64,12.36,10.74,8.11
sep-06,-0.35,0.37,0.06,-0.67,-0.16,0.82,7.78,-1.57,1.5,7.02,5.37,3.75,0.08,1.26,3.75,0.02,6.14,5.18,6.33
oct-06,-0.01,-0.6,0.11,-0.73,0.25,1.5,7.29,3.55,-5.16,4.87,6.17,2.03,0.24,-3.11,4.72,-2.5,6.35,7.21,6.64
nov-06,0.25,0.16,0.93,-0.14,0.66,1.36,6.01,-4.21,-5.63,-1.5,5.38,3.08,-0.45,-4.15,2.25,-0.37,6.38,-1.28,7.38
dic-06,-1.03,-5.32,0.17,-0.04,-0.82,4.04,5.04,-1.84,-4.81,3.25,3.17,4.83,-0.81,-4.34,5.13,-2.02,-3.69,-13.08,4.87
ene-07,0.13,5.5,1.76,-1.16,-0.32,0.8,3.98,-4.13,-8.33,3.27,5.65,6.42,-0.42,0.49,0.35,-5.58,14.17,-8.68,-4.03
feb-07,0.75,0.47,-1.1,1.76,0.0,1.25,1.75,-4.72,-7.36,-3.6,2.71,8.12,0.55,-2.54,2.19,-3.41,10.54,-6.62,-1.81
mar-07,1.03,0.4,1.65,0.25,1.75,3.63,5.51,1.3,-5.71,8.94,2.85,6.18,5.53,-0.91,1.74,-1.0,6.71,-7.36,-2.35
abr-07,-0.24,0.09,-1.17,-0.39,-0.23,2.1,1.74,0.24,-0.45,1.91,3.85,6.26,3.61,-1.29,1.36,-2.72,4.46,-11.25,11.8
may-07,-0.01,-1.55,1.73,-0.33,0.54,3.44,3.54,-5.86,-2.09,-1.17,4.54,3.4,1.25,-3.69,1.36,-2.5,4.07,-11.69,3.27
jun-07,-0.01,2.11,-0.38,-1.96,-0.2,2.55,5.7,-8.86,1.9,7.66,2.59,2.46,-0.49,-4.35,-3.61,-4.01,6.01,-16.49,3.91
jul-07,-0.05,-0.74,0.86,2.07,-0.46,1.1,4.44,-5.85,1.58,6.63,3.06,0.98,1.32,-7.45,-3.97,-4.76,-1.59,-18.24,12.8
ago-07,-0.48,-8.31,0.59,3.27,0.18,2.23,3.93,-0.95,2.12,-4.7,2.0,1.34,3.89,-2.14,-1.13,-2.2,0.51,-14.46,14.97
sep-07,0.6,7.84,1.33,1.69,-1.37,1.75,-2.9,-5.63,3.46,4.06,-1.06,1.53,3.66,0.97,0.03,-2.14,-0.47,-13.47,9.02
oct-07,-0.37,-2.08,0.74,1.04,-0.26,2.89,-1.66,-8.31,5.6,4.59,1.33,0.23,2.94,6.93,-3.69,-2.03,-3.82,-16.85,3.55
nov-07,-0.69,-1.76,0.22,0.98,-1.1,1.93,-1.61,-6.38,0.06,-1.28,2.79,-4.08,0.05,2.68,-4.15,-4.78,-8.37,-5.52,-3.8
dic-07,0.65,0.81,0.92,1.05,-0.26,0.1,0.56,-5.7,0.77,-3.05,2.78,-1.73,3.18,-6.17,-3.95,0.21,-6.58,-9.73,-1.37
ene-08,-0.22,-0.96,-0.21,-0.96,1.38,4.06,1.3,3.38,3.3,-6.7,1.26,-3.25,2.63,-2.45,-4.94,5.71,-3.81,-10.46,6.36
feb-08,2.11,-0.14,3.93,2.74,1.06,3.22,7.38,9.06,6.34,-2.77,3.07,-4.52,3.92,1.67,-4.55,6.17,-6.92,2.12,6.34
mar-08,-2.21,-1.09,-4.25,-2.63,-1.34,0.4,4.6,0.19,-0.07,-7.53,1.68,-5.16,-0.9,-2.96,-4.64,-0.83,-4.58,-12.98,-0.73
abr-08,-0.05,-2.47,0.7,-0.49,0.73,2.21,5.21,3.92,-1.67,-0.79,1.91,-7.03,-2.06,-2.57,1.76,3.47,-2.54,-12.98,-2.92
may-08,0.17,1.23,0.39,2.01,-0.54,-0.58,-0.86,9.27,-6.33,0.37,0.08,-3.74,-2.54,-3.28,-1.67,2.37,-7.68,-12.22,-3.72
jun-08,1.14,1.13,-1.09,1.51,0.83,0.32,0.1,16.23,-14.64,-6.23,2.28,-2.52,-2.2,-3.44,-0.69,4.42,-0.79,-11.29,-2.06
jul-08,-1.87,-0.15,-0.79,-0.86,-2.3,1.91,-2.46,13.21,-7.61,-11.32,2.82,-1.84,-2.99,-1.41,-1.14,1.74,-1.37,-15.81,-10.14
ago-08,-0.02,-0.49,1.65,-4.15,0.49,1.59,1.96,4.56,-9.39,-2.41,4.48,0.59,-5.45,-5.27,-6.71,4.25,-5.95,-9.74,-6.43
sep-08,-0.82,-1.58,-2.08,-1.52,0.2,0.61,3.48,6.31,-9.99,-15.58,2.69,5.46,-7.57,-2.91,-4.12,-2.53,0.68,-9.38,-3.78
oct-08,0.15,2.63,0.38,1.97,-0.96,-0.84,3.1,13.62,-7.11,-15.25,-0.94,6.03,-6.6,-13.38,-2.74,-1.3,1.22,-6.78,-1.56
nov-08,-1.7,-0.02,0.18,-2.57,-2.37,0.47,5.78,19.79,-10.78,-7.68,-1.29,7.14,-7.58,-18.25,-5.01,-3.03,-0.14,-14.45,-8.52
dic-08,-1.13,-1.05,-1.77,-0.51,-1.47,-0.44,4.08,10.14,-11.89,-14.23,-2.89,1.36,-11.72,-19.49,-7.64,-11.63,2.13,-2.83,-15.04
ene-09,-5.22,-1.74,-0.21,-0.04,-7.88,-0.55,2.65,3.34,-14.58,-10.11,-3.56,-5.74,-19.49,-18.2,-11.49,-21.54,-15.22,-15.72,-44.11
feb-09,-0.43,-0.5,0.43,-3.31,-0.07,-0.78,-0.78,5.07,-16.92,-15.03,-3.3,-4.16,-17.67,-35.95,-8.92,-27.38,-17.43,-26.18,-37.85
mar-09,-0.91,-0.47,0.76,0.38,-1.21,1.67,-1.57,4.97,-13.71,-11.91,-2.56,-3.53,-14.57,-41.56,-9.48,-28.49,-22.24,-14.18,-38.48
abr-09,0.11,0.5,0.52,-0.86,0.57,-1.31,-0.64,4.36,-12.43,-10.41,-1.7,-2.0,-13.98,-31.47,-18.91,-29.6,-19.22,-12.3,-38.39
may-09,-0.31,-0.7,-0.48,2.83,-1.67,-2.79,-0.66,-2.49,-8.99,-15.39,-0.9,-4.8,-13.17,-30.07,-15.3,-36.02,-18.0,-15.44,-41.5
jun-09,-0.23,-1.75,0.24,-1.0,0.4,-0.5,-1.42,-1.03,-1.75,-8.6,-3.69,-4.7,-14.1,-24.22,-14.01,-32.24,-24.27,-9.83,-45.79
jul-09,2.29,1.64,1.42,-0.02,3.76,-0.92,1.72,-0.2,-7.71,-4.99,-3.43,-1.6,-10.11,-22.1,-14.2,-32.67,-19.62,-3.19,-25.93
ago-09,-0.05,-1.6,0.25,-1.07,0.18,-1.86,2.42,-0.27,-7.65,-3.34,-3.68,-2.47,-8.83,-21.57,-9.16,-34.77,-19.73,-9.41,-24.76
sep-09,1.43,1.48,0.38,1.12,1.95,0.57,3.71,3.7,-7.31,-2.23,1.21,-9.31,-1.91,-22.27,-7.74,-27.65,-18.77,-7.52,-18.61
oct-09,0.52,0.15,0.84,-3.28,1.92,0.88,3.84,-1.94,-6.56,-11.62,3.35,-2.25,1.04,-10.99,-8.58,-28.47,-18.88,-8.76,-12.42
nov-09,1.53,-0.61,-1.32,-0.43,2.87,2.91,1.34,-2.76,7.47,-6.93,4.16,-2.48,4.61,-0.69,-3.09,-20.78,-12.45,-8.51,5.4
dic-09,0.42,0.37,-0.51,1.1,0.51,1.73,-0.97,5.36,9.55,11.89,5.29,-2.46,6.84,6.04,-5.33,-6.12,-8.07,-4.59,17.75
ene-10,-0.2,1.57,-0.1,9.43,-3.87,0.35,-6.87,-0.91,11.35,-7.5,3.18,5.52,16.43,-2.57,-0.64,-2.46,-5.25,-4.61,67.3
feb-10,-0.43,0.82,-0.67,-7.54,2.14,1.42,-4.51,-5.86,10.37,-3.68,3.0,8.25,12.72,29.06,-1.66,13.72,3.73,-0.49,43.68
mar-10,1.17,-0.05,0.98,2.47,1.41,-0.27,-3.45,0.71,13.23,8.26,7.54,6.98,16.05,45.65,0.85,42.27,13.47,0.52,53.0
abr-10,1.09,1.03,-0.3,1.96,0.55,2.18,-3.07,0.61,10.74,10.39,6.02,4.6,16.49,29.43,7.77,32.24,5.78,-8.17,56.1
may-10,-0.57,-0.03,0.88,-6.09,0.91,4.66,3.55,9.4,12.27,4.79,6.11,3.13,18.92,23.79,8.7,43.27,9.51,3.88,70.66
jun-10,-0.01,-0.71,1.19,-0.16,-0.03,1.79,4.56,2.04,6.38,4.14,7.38,-0.34,18.61,12.93,9.83,35.93,11.04,-0.83,82.82
jul-10,-0.26,-1.07,4.23,1.21,-0.61,2.48,3.38,-3.06,6.54,7.81,2.99,-3.96,17.6,13.74,9.62,46.09,2.39,-4.06,42.97
ago-10,0.79,0.8,-4.34,-1.52,1.57,3.37,-1.02,4.04,7.87,-0.04,6.67,-1.77,16.52,16.82,10.47,58.38,6.44,-1.29,37.68
sep-10,-0.5,0.85,2.23,0.47,-1.13,1.3,-0.51,-1.96,8.41,-3.93,4.9,-0.4,11.53,10.89,13.26,46.02,-1.78,-4.82,27.51
oct-10,0.02,-2.21,-0.21,1.75,-0.16,1.98,-0.49,-0.66,3.0,16.55,2.31,-6.61,12.43,-1.32,5.79,48.39,-1.82,-2.47,22.61
nov-10,-0.2,-0.55,1.13,-1.31,0.28,0.2,1.49,-2.07,-1.31,12.47,0.31,-3.5,8.94,0.72,8.28,43.89,-6.79,-3.09,12.91
dic-10,0.95,0.66,1.24,1.4,1.06,2.06,3.83,-6.64,-5.71,5.42,2.33,-0.41,9.77,3.93,11.95,37.88,-3.29,-7.21,11.74
ene-11,0.17,0.37,-0.14,2.3,-0.64,2.04,9.07,-1.35,-1.1,9.46,5.08,-4.55,11.04,3.77,14.19,31.35,-0.69,3.65,15.06
feb-11,-0.24,-0.38,0.9,-2.59,0.81,3.63,6.14,-3.18,-0.81,14.55,2.92,-3.64,9.42,-1.91,13.04,12.82,-4.58,-2.5,18.69
mar-11,0.75,0.89,1.4,-0.95,1.08,1.86,8.11,-9.15,-5.65,1.18,-1.06,-6.39,8.52,-0.77,9.97,2.76,-9.25,-5.89,24.74
abr-11,-0.09,0.77,0.59,3.07,-1.31,1.68,7.74,-2.72,-0.2,-4.3,-1.54,-3.03,8.01,-1.49,6.33,7.16,-5.09,1.54,10.63
may-11,0.86,-0.32,-0.61,0.28,1.19,1.06,6.55,-8.32,-6.56,16.15,0.85,-0.11,6.59,-0.81,5.79,13.51,-12.1,-5.53,16.91
jun-11,0.97,0.66,1.04,5.56,-0.15,2.09,4.46,-9.7,-3.85,8.39,-0.87,0.51,5.52,0.77,3.82,11.5,-3.67,-3.9,10.63
jul-11,-0.25,-0.36,-0.67,-3.23,0.59,2.88,0.18,-4.23,-4.86,0.53,1.91,1.01,7.24,1.33,7.07,5.28,4.11,-3.69,12.66
ago-11,0.47,0.18,0.25,2.39,-0.05,3.67,2.47,-10.21,-1.07,3.82,-1.34,-2.1,5.43,-1.05,3.31,1.87,1.3,-3.76,8.08
sep-11,-0.17,-0.99,0.44,-2.26,0.63,4.48,2.98,-2.05,-1.51,15.59,-1.69,-0.85,8.36,4.78,2.38,6.28,4.38,-4.78,10.69
oct-11,1.34,2.27,-0.56,1.78,1.07,4.12,3.69,-1.2,0.75,-1.95,-0.53,-2.13,4.69,7.01,11.36,6.99,7.09,2.76,8.52
nov-11,0.87,-0.4,-0.31,3.5,0.6,2.61,0.32,-0.38,-1.16,-6.32,-1.32,0.36,7.71,6.7,4.91,3.3,13.84,4.98,8.91
dic-11,0.54,0.37,2.85,-0.64,0.79,2.99,-2.87,-2.33,3.05,2.5,-0.29,-2.69,8.72,4.91,6.17,-1.13,6.72,1.37,10.48
ene-12,0.09,-1.29,-2.39,-2.78,1.65,3.9,3.98,2.41,10.45,6.4,0.1,0.71,7.54,10.46,4.53,16.57,5.55,7.61,11.89
feb-12,0.04,0.65,1.13,0.02,-0.09,1.23,3.14,2.63,1.69,2.0,2.0,-2.42,12.14,10.53,1.63,20.84,8.9,4.23,17.08
mar-12,0.08,0.57,-0.64,-0.42,0.19,3.24,4.31,4.66,7.88,4.16,2.54,2.05,9.16,7.0,1.53,10.21,11.42,9.69,10.47
abr-12,0.54,-0.06,0.6,1.11,0.39,3.47,2.65,-3.46,-0.05,7.88,4.48,0.61,8.6,4.95,2.91,13.13,6.89,7.34,22.07
may-12,-0.44,0.46,0.1,0.45,-0.81,3.51,-1.56,-1.3,4.9,6.74,4.0,0.07,8.01,7.75,5.56,6.89,12.33,-2.35,7.84
jun-12,0.5,0.21,0.41,-1.7,1.11,3.07,1.38,4.06,4.51,11.65,6.13,2.72,15.83,7.64,4.01,0.28,4.23,0.65,15.88
jul-12,0.78,0.14,0.07,4.69,-0.19,1.78,3.62,1.83,6.02,2.59,6.94,0.66,6.41,2.25,3.22,3.47,4.17,-0.15,11.96
ago-12,-1.38,-0.33,-0.91,-3.13,-1.1,0.62,-0.83,6.77,-0.54,17.56,5.02,0.19,7.81,2.92,5.81,-4.83,4.68,-0.74,13.48
sep-12,1.3,-0.04,0.02,1.57,1.45,1.49,1.58,5.55,-0.19,21.42,5.44,2.78,7.24,2.4,1.76,-3.68,1.99,6.1,14.86
oct-12,-1.92,-0.62,0.84,-2.47,-2.14,0.12,-2.39,2.19,-0.86,40.59,6.66,1.22,5.63,0.1,-0.48,-6.68,0.7,-11.65,11.58
nov-12,0.86,1.74,0.62,0.54,0.84,3.13,3.19,2.12,-0.62,16.54,8.09,-0.88,4.5,-2.92,1.71,-6.43,-4.83,-10.65,12.79
dic-12,-0.54,-1.06,-1.16,-4.14,0.72,4.46,6.39,4.91,0.77,5.14,2.21,0.18,2.44,-1.57,-2.63,-7.36,1.3,-2.39,8.19
ene-13,0.12,1.77,2.06,3.39,-1.33,0.93,3.14,-5.22,-9.78,13.72,3.41,2.04,-0.31,-6.74,-9.38,-12.14,-2.62,-19.96,6.69
feb-13,0.74,-0.76,-0.52,1.64,0.79,1.87,4.34,-0.61,-2.31,9.32,4.2,0.26,-3.73,-4.54,-5.62,-13.0,-2.33,-14.41,6.56
mar-13,-1.02,-0.96,-2.09,-1.14,-0.87,1.25,-1.34,0.54,-7.6,-0.95,4.69,-0.24,-4.5,-0.04,-5.44,-14.19,-3.03,-20.78,5.81
abr-13,-0.97,-0.36,0.84,-5.67,-0.06,0.06,-1.28,2.08,-3.92,-0.39,2.84,-2.55,-4.15,0.19,-6.94,-10.67,0.86,-20.74,2.47
may-13,1.66,-0.35,2.09,6.63,1.08,1.33,-0.56,3.88,-3.4,-10.75,-1.24,-1.14,-4.17,-7.63,-8.37,-12.92,11.4,-12.22,8.43
jun-13,-1.02,-0.37,-0.87,-4.47,-0.34,0.79,-3.12,3.27,-1.64,-10.47,-1.41,-2.34,-9.79,-8.45,-6.42,-10.83,6.14,-18.07,5.48
jul-13,0.19,0.23,0.8,0.78,0.12,0.65,-0.87,7.35,-3.3,6.56,-0.44,1.52,-4.86,-1.94,-9.12,-12.39,2.2,-17.93,6.73
ago-13,0.96,0.12,0.07,1.56,1.04,2.26,5.79,3.35,-1.49,-3.06,2.17,3.83,-4.91,-2.14,-8.78,-5.15,0.98,-14.5,8.75
sep-13,-0.94,-0.16,-0.79,-0.58,-1.57,0.47,-2.08,-1.23,-1.32,-11.94,1.3,-0.76,-6.7,-3.72,-11.25,-8.72,7.55,-21.12,6.57
oct-13,1.05,1.11,0.33,1.4,1.3,2.23,3.85,3.45,0.65,-11.88,0.02,3.45,-5.95,1.99,-8.74,-7.34,8.34,-18.01,9.42
nov-13,-0.27,0.66,0.97,-0.52,-0.53,0.42,0.23,-0.57,0.28,5.23,1.92,-0.76,-4.14,1.5,-9.69,-9.25,6.34,-13.6,7.26
dic-13,0.29,0.36,-0.62,1.45,-0.42,-1.12,-2.33,5.53,-5.01,-9.12,4.83,0.6,-4.67,-2.09,-6.21,-9.52,4.28,-21.0,3.21
ene-14,0.13,-1.81,4.76,-2.94,1.63,1.4,-1.8,10.97,-3.36,-12.94,3.27,0.22,-0.13,12.4,3.52,-6.98,8.35,-18.18,8.47
feb-14,0.33,0.11,-0.77,4.22,-0.51,0.4,-2.81,4.54,-0.31,-9.55,3.45,-1.24,1.01,8.95,1.47,-3.89,6.37,-15.12,6.46
mar-14,1.52,-0.32,1.54,-0.37,2.33,1.09,1.76,5.86,2.46,4.01,3.66,-0.14,2.0,8.6,2.06,1.42,10.9,3.96,7.63
abr-14,0.58,0.61,0.82,1.44,0.46,2.73,5.17,1.36,4.25,-0.14,3.7,0.16,2.05,6.12,5.66,-4.92,9.79,3.88,11.95
may-14,0.1,-0.04,-0.75,-1.55,0.57,1.8,5.33,1.87,-0.57,6.38,6.69,-0.62,5.21,15.05,2.64,-1.84,3.11,0.2,13.6
jun-14,0.26,-1.16,-0.04,1.79,0.11,2.31,5.81,3.56,2.79,1.87,7.0,-0.26,3.49,14.92,3.27,3.6,10.61,1.59,10.45
jul-14,-0.62,0.03,-0.89,-4.39,0.54,1.99,4.46,-1.27,7.42,0.04,5.89,-2.32,2.96,8.74,7.05,4.61,12.4,1.07,10.1
ago-14,-0.47,-0.06,0.98,2.21,-1.6,-0.33,2.15,0.13,6.22,-4.01,3.61,-4.65,3.06,3.22,4.09,-0.08,15.88,-5.3,7.27
sep-14,0.66,-0.44,0.15,1.19,0.65,0.97,4.86,1.19,7.46,-4.23,6.03,-2.56,4.92,9.49,13.96,2.76,11.46,-0.65,6.84
oct-14,0.9,-1.26,0.03,3.14,1.18,-1.02,1.37,-0.97,3.48,-4.15,7.5,-3.86,7.99,11.05,8.81,2.86,14.34,7.31,12.02
nov-14,-0.18,-0.08,-0.61,-2.35,0.45,0.4,0.62,2.66,4.13,-8.19,7.27,3.21,6.55,11.31,12.22,7.15,18.17,-1.32,10.71
dic-14,-0.2,-0.76,1.57,1.18,-0.55,0.98,6.63,-4.62,8.74,0.67,6.79,0.17,7.16,20.12,10.46,4.98,14.77,0.41,13.7
ene-15,-0.38,-1.14,-0.15,-1.51,0.11,1.94,1.92,-4.41,5.72,12.37,6.1,-4.58,4.81,-3.08,8.14,4.58,17.24,11.43,8.15
feb-15,0.67,2.91,-1.0,-2.55,1.44,4.21,2.7,-0.81,4.26,6.55,5.04,0.67,6.98,-1.1,7.23,2.15,19.8,7.28,11.67
mar-15,-0.57,-2.77,0.29,0.63,-0.84,1.89,0.81,-1.24,5.36,4.81,3.74,-2.61,5.78,-6.46,10.51,1.82,12.72,-9.34,9.25
abr-15,1.19,-2.13,0.4,6.06,1.14,1.65,-0.31,7.08,1.18,4.52,5.21,-0.55,5.95,-0.72,11.17,-0.77,8.36,-7.88,11.11
may-15,-0.93,-0.47,-1.82,-3.89,-0.49,2.37,2.97,4.03,4.79,-0.81,4.22,-2.13,1.98,-2.81,7.62,-0.36,13.04,-5.5,5.42
jun-15,0.47,1.06,0.02,0.51,0.46,2.39,-1.84,-1.98,2.92,2.14,4.49,-1.84,5.36,-1.51,2.71,0.66,8.87,-2.55,7.46
jul-15,1.15,0.08,1.17,6.24,0.06,2.2,4.64,8.32,-3.5,-0.62,3.56,-1.73,5.39,2.12,5.07,-0.5,11.62,-1.7,2.11
ago-15,0.33,0.58,1.6,-1.8,0.75,1.84,3.61,4.9,0.71,2.62,6.35,1.67,7.74,5.15,4.71,1.41,10.44,2.18,8.08
sep-15,2.07,-0.52,0.5,4.31,1.54,3.32,9.46,6.75,-2.96,6.54,5.41,0.09,7.59,2.84,0.87,0.09,12.49,19.28,9.57
oct-15,-2.07,-0.27,0.85,-8.5,-0.15,4.85,7.97,7.35,-0.6,-3.34,3.95,1.59,6.05,-2.35,5.99,4.54,9.99,-0.54,4.03
nov-15,-0.73,-1.04,-0.06,0.5,-1.06,1.55,10.75,4.89,0.57,16.85,3.87,-5.09,5.18,-5.98,-1.57,-1.5,9.43,0.37,6.17
dic-15,0.46,-0.18,-0.58,1.04,0.68,0.74,6.72,7.47,-2.63,6.44,5.24,-1.13,6.11,-9.61,1.49,-2.66,12.07,1.95,9.55
ene-16,-0.07,0.46,-3.61,1.42,-0.62,0.77,8.12,6.41,0.68,-5.25,4.57,0.14,6.74,0.23,1.19,-1.86,7.79,-3.28,7.09
feb-16,0.14,0.84,1.31,0.19,-0.02,0.79,8.83,7.56,-0.21,0.99,5.44,-1.0,8.84,1.59,2.25,1.05,3.04,-4.25,-0.45
mar-16,-0.76,-1.2,-0.5,0.71,-0.99,2.41,9.4,3.4,-2.87,-4.35,6.78,-1.03,6.64,2.27,-3.57,-0.8,2.69,-1.72,-0.82
abr-16,-0.11,-1.33,-0.2,-0.64,0.1,2.78,6.36,-2.26,-2.5,-2.32,4.56,-1.51,1.88,-2.8,-9.64,8.34,6.55,-2.47,-5.47
may-16,0.29,-0.21,1.59,1.15,0.11,2.76,6.48,0.51,-1.38,1.1,5.89,1.69,7.15,-3.66,-1.16,3.68,-1.29,2.69,-2.05
jun-16,-0.24,-0.97,-0.04,-1.01,0.36,1.58,9.22,2.54,-5.95,3.96,4.11,-1.37,4.1,-1.49,3.66,0.85,0.93,-1.24,-0.41
jul-16,-0.03,0.02,0.64,-1.18,0.05,2.73,3.95,-5.92,-5.01,0.09,5.9,2.39,5.91,-5.72,-1.69,-10.67,3.53,-2.07,4.88
ago-16,0.11,-1.41,-1.2,0.49,0.62,3.63,6.7,-3.95,-5.92,-2.32,2.9,-1.65,4.44,-2.11,-0.02,-1.46,2.43,-0.61,3.51
sep-16,0.37,-0.1,-0.73,0.85,-0.18,1.47,3.19,-2.19,-6.05,0.45,1.89,-0.89,2.11,-5.54,-1.03,-1.95,1.88,-14.49,1.59
oct-16,-0.04,0.33,1.0,0.34,0.21,1.84,6.57,-3.63,-5.95,-4.49,2.59,-1.73,2.29,-2.76,-3.92,-3.2,-2.26,3.16,3.12
nov-16,1.12,-1.82,-0.19,3.95,0.85,4.82,1.46,-2.31,-6.0,-4.9,1.95,-1.1,4.24,10.11,4.05,0.28,1.38,6.75,2.54
dic-16,-0.28,-0.58,1.01,-4.21,1.11,5.27,4.74,-2.79,-4.86,5.68,3.58,-1.77,3.08,2.07,6.14,10.62,1.44,6.62,2.64
ene-17,0.69,-0.75,3.75,-0.36,0.95,5.02,5.96,3.49,-0.73,-3.0,5.85,-0.21,3.38,7.24,-0.96,5.41,2.42,9.35,5.97
feb-17,-0.44,-1.15,-1.31,0.06,-0.35,2.03,4.25,0.05,-5.34,7.28,4.04,2.47,-1.22,2.85,-1.77,1.24,4.94,8.15,10.13
mar-17,0.7,0.24,2.87,1.23,0.35,2.55,0.96,0.23,-6.28,8.36,1.93,0.57,0.62,2.47,0.93,3.56,9.76,5.73,13.72
abr-17,-1.09,0.25,-2.72,-4.97,0.06,1.45,6.86,0.33,-4.25,6.76,4.82,1.63,6.42,2.01,2.96,-0.31,7.82,7.28,14.28
may-17,0.04,0.24,2.06,1.83,-0.59,0.51,0.75,2.29,-5.89,-0.5,2.25,-2.97,1.37,3.7,-2.38,5.6,8.76,4.07,13.76
jun-17,0.07,-0.97,-0.02,2.45,-0.38,1.63,6.59,-0.18,-3.76,2.04,5.92,0.78,1.8,4.71,-5.97,2.56,8.47,6.76,9.4
jul-17,-0.76,-1.56,-2.35,-2.11,0.0,1.6,4.62,1.62,-0.12,6.7,7.09,-4.31,1.59,6.03,-5.41,20.14,-0.3,7.55,10.63
ago-17,0.59,-2.32,0.16,2.68,0.6,2.92,1.96,1.37,-4.52,2.91,5.43,2.22,0.63,3.97,-3.75,7.02,2.1,5.69,9.87
sep-17,-0.98,-6.78,0.93,2.36,-1.59,2.64,0.96,-4.68,-1.56,1.76,4.87,-5.89,1.41,-0.66,-5.25,11.94,-0.06,6.17,8.48
oct-17,1.11,5.79,-3.14,-1.08,1.73,3.5,1.49,-2.3,-1.45,1.27,5.93,-2.87,3.07,0.32,-4.86,5.54,5.16,2.59,12.26
nov-17,0.22,-0.03,7.75,-2.55,0.34,2.5,7.31,0.7,-2.92,-3.92,4.16,0.61,0.15,-6.02,-9.7,11.49,1.36,-0.58,9.91
dic-17,0.67,-0.06,-3.86,4.88,-0.04,2.15,3.47,1.55,0.12,-1.42,2.0,0.43,0.74,0.38,-11.6,3.34,1.13,0.26,6.83
ene-18,-0.87,1.13,2.21,-2.61,-0.77,1.66,2.25,-4.4,-7.74,9.29,0.1,2.21,0.63,-10.4,-5.92,5.02,0.31,-1.22,3.65
feb-18,0.42,-2.39,0.82,2.49,0.1,2.56,2.2,-3.3,-3.19,-6.4,1.23,-2.98,0.92,-9.49,-4.99,7.15,-0.75,0.49,7.36
mar-18,0.08,-0.15,-3.01,-2.21,1.61,3.2,8.95,2.13,1.99,-2.64,3.94,1.94,4.68,-1.75,-4.12,4.62,-4.28,4.8,5.78
abr-18,-1.39,0.48,3.52,-3.05,-2.06,2.88,3.79,3.03,-1.28,-3.27,1.48,-1.52,0.59,-1.29,-4.92,4.39,-1.9,2.76,-6.13
may-18,1.73,0.01,-4.24,3.62,2.18,3.82,8.0,-1.83,1.85,0.9,5.37,1.61,2.48,-2.68,-1.13,1.53,-0.91,1.1,5.4
jun-18,-0.18,-2.23,2.82,-0.88,0.11,3.98,3.4,4.98,2.46,-4.33,2.38,-0.34,3.69,-7.36,2.73,7.5,-0.35,2.19,7.51
jul-18,0.31,-1.44,2.17,2.07,0.08,3.38,4.45,0.11,-0.02,-3.43,1.22,-0.66,2.11,-10.06,2.74,-3.97,4.61,1.31,7.17
ago-18,-0.79,0.05,-1.81,-5.07,0.54,3.04,4.99,3.69,3.31,1.85,2.61,-4.97,2.64,-7.25,-1.16,5.73,2.16,3.82,6.05
sep-18,1.09,-0.29,0.08,3.66,0.46,3.74,3.7,7.18,1.37,0.51,3.11,6.03,5.66,-4.81,-0.22,1.84,2.59,1.72,8.58
oct-18,-0.9,-1.36,-1.72,-0.05,-0.95,1.34,0.73,3.73,-0.97,3.41,1.9,1.15,1.56,-9.1,-1.4,3.68,3.78,0.04,3.56
nov-18,-1.0,-1.81,3.08,-8.74,0.6,0.68,0.27,2.42,-0.06,-3.51,2.32,-1.18,4.47,-8.63,2.18,1.76,4.0,2.84,6.0
dic-18,-0.24,-0.32,-4.4,6.85,-1.19,1.44,0.83,-0.23,-3.31,-4.2,3.62,-3.72,2.71,-8.4,-3.21,0.19,-3.25,-1.76,7.18
ene-19,0.14,-2.78,-3.61,3.0,0.07,1.85,2.6,3.67,-2.84,0.71,5.48,-6.22,1.15,-1.63,-1.43,6.58,2.31,1.54,6.93
feb-19,0.48,1.62,0.07,-2.14,0.75,3.5,6.54,2.34,-2.17,3.92,4.0,-3.92,2.28,-0.82,-3.28,4.82,5.07,1.68,2.76
mar-19,-1.25,0.31,-1.43,-1.61,-0.97,0.65,2.73,-2.51,-5.83,-2.19,-1.35,-6.81,-1.23,-2.92,-7.95,-2.89,16.21,-4.6,0.1
abr-19,1.03,-0.79,1.75,2.11,1.28,2.2,2.6,-0.06,-0.09,-3.4,1.8,-2.08,1.22,-2.73,-1.25,-1.96,9.06,-4.56,15.87
may-19,-0.89,-1.88,-0.77,-4.34,-0.2,4.26,1.61,-3.95,-3.3,-0.3,-1.01,-2.63,-2.22,-2.87,-5.4,-0.39,8.86,-4.93,3.68
jun-19,0.98,2.82,1.54,2.61,0.24,2.3,5.76,-0.51,-3.09,0.91,-1.98,-2.76,0.31,-10.13,-7.47,-6.01,7.88,0.09,3.95
jul-19,-0.6,-0.02,-0.96,-2.38,0.03,1.86,3.52,-1.46,-4.04,-1.99,-3.48,2.17,0.09,2.79,-7.2,-2.27,4.72,-4.23,1.85
ago-19,-0.17,1.68,2.04,-0.59,-0.36,1.74,0.84,-5.99,-3.01,-0.68,-1.29,-0.13,-0.74,1.79,-6.01,-3.44,4.08,-6.45,-0.75
sep-19,-0.08,-0.3,0.46,-2.39,0.31,1.55,5.22,-6.83,-3.12,-2.01,-1.16,-2.96,-3.02,0.97,-4.91,-5.98,3.64,-7.56,0.58
oct-19,-2.07,-1.16,-0.84,-1.93,-2.58,2.68,5.08,-5.71,-4.17,0.36,-2.48,-2.61,-5.12,0.56,-3.53,-8.11,-0.83,0.1,-7.74
nov-19,0.41,2.17,1.8,1.07,-0.52,2.78,-0.2,-3.63,-6.07,-1.71,-1.42,-0.91,-5.51,-2.58,-7.29,-13.68,-7.66,-5.34,-5.68
dic-19,-0.8,-0.35,-2.13,1.19,-1.0,0.74,3.18,-3.89,-3.97,-1.58,-5.07,-2.22,-4.77,-0.36,-1.38,-13.36,4.79,-4.39,-11.62
ene-20,1.24,2.02,-0.01,-0.92,1.69,1.74,-0.04,-7.91,-2.46,-3.98,-1.04,-2.88,-4.63,2.04,-7.64,-16.2,4.35,-3.19,-3.17
feb-20,-0.59,-1.01,2.54,-3.14,-0.33,0.99,-5.33,-4.28,-1.89,-5.34,-3.37,-2.49,0.32,-1.3,-7.99,-9.96,-1.58,-3.03,0.33
mar-20,-3.35,-0.29,-3.47,0.25,-4.24,4.15,-4.41,-11.86,-4.6,-7.48,0.63,5.72,-4.46,-6.31,-4.27,-7.78,-12.01,-0.37,-17.32
abr-20,-25.26,-7.23,-0.67,-35.4,-27.79,1.11,-32.08,-52.29,-51.29,-4.4,-4.51,-4.08,-29.64,-16.98,-25.89,-26.23,-31.55,-16.62,-83.97
may-20,-0.2,-4.32,-11.7,1.65,0.79,-1.46,-30.9,-44.03,-50.95,-10.08,-9.66,-10.45,-30.3,-19.02,-28.33,-31.94,-31.91,-17.03,-76.73
jun-20,21.66,5.52,1.78,22.99,27.18,-0.4,-14.66,-37.41,-33.77,-5.91,-7.77,-9.02,-16.95,-7.7,-15.4,-22.63,-13.17,-11.38,-25.98
jul-20,4.45,2.57,4.88,0.39,6.0,0.01,-2.55,-25.29,-19.43,-2.01,-3.34,-6.66,-5.92,-14.05,-4.73,-23.83,-11.68,2.54,-11.51
ago-20,3.79,1.34,7.4,11.29,2.8,-0.59,1.61,-18.18,-14.67,-1.68,-4.03,-0.55,-0.65,-12.21,3.25,-15.53,-10.54,4.31,-9.5
sep-20,2.44,0.02,-3.7,-1.59,4.21,-0.03,-1.94,-17.53,-12.1,-1.52,-1.63,-1.07,-0.07,0.25,-0.77,-12.24,-5.68,14.86,-4.79
oct-20,1.32,0.81,-0.55,4.66,0.53,0.34,0.01,-16.99,-7.21,2.62,-0.52,0.17,8.11,5.95,1.24,-3.72,-6.8,8.76,4.31
nov-20,0.4,-0.39,-2.57,3.42,0.06,0.58,4.38,-17.91,-4.24,5.79,-0.43,1.22,5.51,7.51,3.04,1.25,3.92,14.38,0.73
dic-20,-0.49,-0.24,-1.0,-2.82,0.65,2.58,-1.98,-15.08,-7.07,5.92,2.17,3.12,8.92,5.69,1.53,2.87,-0.24,19.49,4.47
ene-21,-0.8,-0.96,-17.52,0.6,-0.5,1.81,1.73,-14.46,-6.8,1.94,-2.67,5.42,11.15,-1.04,8.84,2.09,-0.41,13.89,-5.49
feb-21,-1.06,2.19,-3.53,3.87,-2.87,0.83,-1.63,-14.76,-7.5,2.92,-1.95,-2.06,5.87,2.44,9.74,-1.27,0.48,12.29,-14.08
mar-21,2.26,0.13,3.63,-1.15,4.14,-0.05,2.54,-2.23,-3.0,13.03,-0.03,-5.71,12.0,6.05,11.12,10.83,5.91,17.93,16.09
abr-21,-0.16,0.02,-1.76,2.07,-0.6,2.5,45.51,76.91,77.1,12.37,7.67,1.54,51.35,22.4,38.19,31.63,43.96,45.59,467.29
may-21,-0.53,0.85,-0.66,-0.3,-0.88,2.47,43.85,64.58,79.43,20.75,15.95,8.36,56.68,25.47,44.41,43.2,41.35,43.78,272.75
jun-21,-0.2,-0.76,0.13,-3.23,0.48,3.16,12.69,29.96,31.81,9.52,16.56,9.13,26.98,25.49,23.42,28.2,12.83,26.64,16.79
jul-21,0.24,1.04,1.15,-0.26,0.08,4.03,1.94,15.05,12.59,11.02,12.74,6.31,13.41,21.24,11.1,39.42,13.09,14.29,-4.79
ago-21,0.35,-0.71,-3.71,5.82,-0.16,4.51,1.89,5.39,4.48,13.25,10.88,1.47,9.87,14.79,2.15,18.79,12.63,12.33,-6.42
sep-21,-1.02,1.78,-1.03,-0.78,-1.77,3.12,2.57,7.87,3.0,13.79,7.98,5.26,5.45,5.26,2.88,19.24,-7.5,2.92,-17.98
oct-21,1.03,-0.38,1.76,-2.1,1.96,2.73,1.75,8.27,0.59,6.07,8.53,3.53,3.97,2.61,2.27,10.21,13.11,3.36,-13.79
nov-21,0.52,0.45,-0.13,-1.23,1.06,3.18,1.78,5.98,3.06,1.47,8.96,3.05,8.25,1.68,3.44,9.3,4.04,3.55,-11.83
dic-21,1.3,-0.49,6.03,1.04,1.66,3.04,4.98,9.05,4.98,2.57,11.22,5.15,5.47,2.36,-0.19,13.88,-3.23,1.7,-1.61
ene-22,1.26,2.98,-3.58,1.55,0.73,2.54,4.3,6.6,9.19,3.09,6.61,3.1,4.58,3.38,-2.88,15.84,-1.1,9.76,2.56
feb-22,-0.08,-4.2,-1.49,1.65,0.31,3.48,10.27,7.52,7.3,3.8,9.96,11.16,2.82,3.62,0.53,11.95,5.34,6.83,8.6
mar-22,0.94,3.05,2.55,2.18,0.23,3.49,4.76,3.45,8.06,0.39,8.47,4.61,3.12,3.97,-0.4,5.74,4.36,-0.89,0.41
abr-22,0.62,0.49,2.03,1.95,0.7,3.33,5.33,4.62,11.52,5.55,4.83,6.72,4.12,2.74,-2.57,8.34,8.35,0.18,1.37
may-22,-0.22,-0.06,-0.45,-5.37,0.9,5.17,6.62,4.09,13.72,0.45,4.42,5.39,3.39,5.76,-0.25,9.98,11.19,5.81,6.87
jun-22,-0.48,2.51,-2.09,0.31,-1.16,4.01,4.01,7.85,10.69,1.88,1.8,4.77,3.99,1.02,-1.6,10.98,7.8,3.15,6.1
jul-22,0.64,-1.1,1.73,-1.19,1.23,2.49,8.03,5.39,9.34,-1.11,2.76,1.17,5.6,-0.56,-3.35,6.05,11.3,-0.27,12.31
ago-22,0.45,-1.24,-2.51,0.44,1.15,1.9,4.73,7.49,13.42,-13.41,3.18,-0.64,3.03,-1.64,-4.2,7.06,12.09,2.48,21.28
sep-22,-0.43,0.04,-0.44,-0.63,-0.72,3.06,3.19,4.16,11.61,-14.67,3.19,-3.56,7.01,-1.86,-0.47,4.4,24.76,4.91,25.14
oct-22,0.05,1.62,-2.01,-1.2,0.42,3.35,3.45,2.77,11.37,-6.6,3.31,-1.31,4.29,0.8,-1.34,11.19,6.51,4.24,17.79
nov-22,1.04,0.96,-0.16,4.36,0.26,2.13,1.08,-1.15,5.16,-3.42,0.14,-6.48,0.43,4.44,-1.27,11.78,14.67,3.14,17.51
dic-22,1.42,0.68,1.65,3.51,1.09,1.27,1.96,-6.65,6.71,-7.72,-3.25,-5.23,2.93,2.97,7.21,4.86,21.08,3.07,13.02
ene-23,-0.51,-2.11,0.16,-0.58,-0.52,1.79,-1.06,-3.1,3.34,-5.92,0.02,-4.39,-1.37,3.44,3.56,9.16,13.17,-0.24,9.66
feb-23,-0.31,2.33,-1.35,0.36,-0.79,1.14,-0.85,-7.72,3.21,-8.74,0.58,-10.3,-2.21,3.28,-0.68,6.57,10.15,3.03,11.31
mar-23,-0.05,-0.06,1.01,1.81,-0.71,-0.18,-2.61,-6.74,-0.03,-7.51,-2.04,-3.33,-2.33,1.74,-1.42,1.83,6.06,6.04,8.11
abr-23,0.63,0.21,-2.38,-1.08,1.67,0.18,-3.02,-6.23,3.69,-14.21,-1.44,-5.03,-1.13,-1.5,1.56,5.63,1.64,3.15,15.95
may-23,0.47,-0.03,0.79,3.6,-0.26,-3.16,-6.27,-10.82,-2.97,-16.41,-4.61,-4.49,-0.58,-4.41,-1.45,1.96,4.48,-0.36,14.71
jun-23,0.45,-0.09,0.91,3.95,-0.45,-0.82,-3.49,-6.13,1.35,-11.75,-6.86,-6.48,-1.7,-2.98,1.36,1.43,6.94,0.02,11.15
jul-23,-0.03,-3.45,-0.48,-0.13,0.67,-0.21,-8.04,-8.64,0.35,-13.85,-7.9,-5.14,-4.9,-0.52,2.92,3.22,3.86,4.96,11.51
ago-23,0.16,0.08,1.23,2.81,-0.72,-0.41,-8.01,-6.89,-4.39,-6.94,-6.52,-1.71,-6.0,7.86,6.57,0.61,4.46,2.8,0.78
sep-23,0.64,-0.45,-0.29,1.53,0.5,-0.72,-2.25,-7.51,-4.48,-4.4,-6.56,-0.24,-5.81,3.99,8.85,0.64,0.5,1.78,8.56
oct-23,0.97,0.13,-0.39,4.33,0.31,-0.56,-3.58,-6.56,-5.73,-9.4,-8.9,0.29,-4.43,-4.33,4.36,1.52,6.27,2.1,11.63
nov-23,-1.6,-2.1,-0.77,-4.1,-0.79,-0.36,-2.37,-1.18,-8.36,-10.56,-7.5,4.25,-3.24,-2.98,-1.86,-4.87,4.1,1.45,4.83
dic-23,-0.07,0.3,-1.19,0.12,-0.3,0.16,-1.77,-5.69,-11.22,-11.05,-5.81,3.6,-4.46,-5.1,-3.56,-3.11,4.81,0.59,-2.57
ene-24,0.58,1.55,-3.63,2.24,0.3,-1.23,-0.72,-4.93,-16.83,-12.89,-6.69,5.46,-3.27,-1.78,-0.33,-8.63,0.65,-2.66,0.29
feb-24,-1.53,-1.02,2.49,-4.86,-0.76,-1.38,-0.2,-8.0,-12.98,-7.67,-6.83,10.17,-1.2,-3.89,-2.71,-6.04,-4.54,-3.14,0.32
mar-24,0.47,-2.18,1.04,-0.31,1.26,1.55,4.46,-8.42,-11.74,-12.87,-4.44,8.91,0.14,-5.86,1.29,-1.06,3.93,-2.93,2.09
abr-24,-0.55,-2.2,-2.74,2.43,-1.63,-2.01,-1.91,-13.07,-22.09,-10.07,-6.6,6.88,-4.95,-2.32,-3.48,-5.83,0.5,-2.13,-4.01
may-24,0.09,0.28,4.23,0.36,0.12,0.52,3.93,-9.65,-13.01,-1.97,-4.37,9.16,-0.73,-3.27,0.12,-6.63,-3.29,-1.35,-4.85
jun-24,0.22,-1.4,-0.16,-2.71,1.5,-0.76,2.57,-9.16,-14.72,-2.85,-0.31,10.93,1.99,-10.0,-0.04,-2.3,-3.57,0.43,3.17
jul-24,0.66,0.26,-0.32,4.46,-0.11,-0.47,1.28,-5.92,-17.88,-4.38,-1.53,9.88,0.89,-5.74,-2.01,-4.95,-3.89,3.09,-1.78
ago-24,-0.53,0.65,-0.04,-3.83,0.13,0.14,2.81,-8.13,-17.39,-2.22,-0.8,8.86,3.61,-11.23,-2.29,-3.3,-7.88,3.0,2.63
sep-24,0.61,-2.47,-1.08,2.65,0.7,0.16,-0.05,-5.77,-16.31,-2.11,-1.38,7.78,2.79,-7.91,-5.43,-1.6,3.44,2.91,0.22
oct-24,-1.8,-1.87,-0.39,-4.68,-1.13,-0.99,-0.91,-11.25,-16.45,-3.1,-0.39,4.97,0.14,2.52,-5.53,-9.3,-3.82,1.93,-5.21
nov-24,0.13,0.34,0.5,0.55,-0.03,-0.07,-1.39,-14.06,-11.99,-2.27,1.75,5.61,-0.32,-5.34,0.44,-1.32,-4.9,-0.74,1.25
dic-24,-1.31,-1.05,-2.36,-2.3,-0.93,-0.36,-1.92,-7.42,-9.86,-1.32,0.91,3.86,-1.24,-4.14,-4.85,-3.1,-8.75,1.96,-1.52
ene-25,0.3,-1.76,1.11,0.45,0.49,0.46,-0.59,-7.71,-7.27,-0.64,3.81,1.96,3.2,-4.69,-3.11,-6.8,-0.55,3.6,-1.37
feb-25,1.72,0.67,0.72,3.84,1.38,1.09,0.25,-3.36,-8.03,-1.61,4.33,2.92,3.28,-1.66,4.64,-0.82,6.96,8.95,-1.34
mar-25,-0.69,-2.43,-1.25,0.53,-1.09,-0.82,-4.64,-6.0,-11.03,-0.93,-1.27,-1.76,-0.32,-2.38,-3.56,-0.74,-1.63,4.49,-2.16
abr-25,-0.13,1.48,0.36,-2.86,0.6,2.0,2.49,-3.96,-0.73,-5.68,0.74,-1.7,3.32,-1.21,0.08,0.65,5.37,3.81,-1.76
may-25,0.56,-0.87,0.19,3.08,-0.06,1.37,-2.56,-4.48,-8.88,-10.57,0.13,-2.52,-2.99,-4.63,-3.74,2.63,3.54,0.52,0.01
jun-25,-0.38,-1.45,-0.26,-0.42,-0.1,1.02,-0.6,-10.57,-8.62,-12.48,-1.71,-4.43,-3.62,7.04,-5.77,-2.62,3.11,3.4,-5.33
jul-25,-1.04,2.8,-0.07,-0.69,-1.55,0.78,-1.44,-9.77,-4.21,-7.25,-1.24,-2.93,-1.62,2.89,-4.66,0.7,-0.77,-2.64,-8.07
ago-25,-0.25,0.3,1.03,-1.88,0.02,1.5,-0.96,-10.13,-4.49,-8.55,-4.33,-3.46,-0.84,3.27,-6.53,-0.7,4.54,-4.2,-8.58
sep-25,-0.22,0.73,0.33,-2.11,0.2,0.97,-3.64,-10.36,-5.62,-11.15,-3.5,-3.99,-0.86,1.46,-7.09,2.51,3.44,-4.22,-11.79
oct-25,0.83,0.7,1.45,4.12,-0.26,1.66,0.91,-0.96,-4.18,-8.41,-1.55,-3.8,-1.27,-6.03,-2.23,1.63,2.44,-2.15,-9.84
nov-25,0.56,-0.05,-0.15,1.57,0.51,0.98,2.35,-1.57,-3.31,-7.92,-3.48,-3.48,-0.22,-7.78,-3.6,-4.98,1.53,2.08,-8.84
dic-25,0.12,0.4,0.32,1.06,-0.18,-0.41,-0.73,-8.15,-8.66,-5.16,-4.3,-5.1,-3.17,0.47,-4.04,1.93,5.44,-2.53,-3.86
ene-26,-1.08,-1.13,-1.84,-1.22,-1.07,0.08,1.25,-7.13,-3.28,-4.89,-6.25,-4.53,-4.59,-8.17,-4.31,5.58,0.35,-4.82,-7.37
feb-26,0.4,0.57,-1.44,0.3,0.71,-0.24,-2.45,-6.11,-7.88,-9.26,-8.13,-3.0,-5.02,1.36,-6.68,1.07,-4.44,-9.62,-6.19
