Periodo,ICC_Nivel,Mensual,Anual,Hogar_actual_Nivel,Hogar_actual_Mensual,Hogar_actual_Anual,Hogar_futura_Nivel,Hogar_futura_Mensual,Hogar_futura_Anual,Pais_actual_Nivel,Pais_actual_Mensual,Pais_actual_Anual,Pais_futura_Nivel,Pais_futura_Mensual,Pais_futura_Anual,Compra_durables_Nivel,Compra_durables_Mensual,Compra_durables_Anual
abr-01,46.9,,,51.21,,,57.14,,,45.65,,,52.67,,,26.61,,
may-01,44.45,-2.46,,48.64,-2.57,,55.8,-1.34,,44.6,-1.05,,49.22,-3.45,,24.67,-1.93,
jun-01,44.02,-0.43,,48.83,0.18,,55.65,-0.15,,43.83,-0.77,,49.33,0.12,,23.53,-1.14,
jul-01,46.14,2.12,,50.54,1.72,,56.21,0.56,,44.61,0.78,,53.08,3.75,,26.51,2.98,
ago-01,47.39,1.25,,51.28,0.74,,57.62,1.42,,44.53,-0.09,,53.27,0.19,,29.15,2.64,
sep-01,44.66,-2.72,,49.64,-1.65,,56.2,-1.43,,41.93,-2.6,,49.15,-4.12,,26.88,-2.27,
oct-01,42.29,-2.37,,47.26,-2.38,,54.07,-2.13,,37.7,-4.22,,44.21,-4.94,,28.54,1.66,
nov-01,42.8,0.51,,46.43,-0.83,,54.14,0.07,,40.21,2.5,,46.43,2.21,,27.02,-1.52,
dic-01,42.72,-0.08,,47.66,1.22,,55.22,1.09,,37.78,-2.43,,46.36,-0.07,,27.4,0.38,
ene-02,36.8,-5.92,,43.97,-3.69,,47.79,-7.44,,33.19,-4.59,,38.54,-7.82,,20.29,-7.12,
feb-02,38.26,1.46,,44.12,0.15,,50.49,2.71,,33.73,0.54,,40.81,2.27,,21.38,1.09,
mar-02,39.48,1.22,,44.09,-0.04,,51.3,0.81,,35.59,1.86,,43.04,2.23,,22.95,1.57,
abr-02,40.06,0.58,-6.84,44.05,-0.04,-7.16,51.95,0.65,-5.19,36.43,0.84,-9.22,43.71,0.66,-8.96,23.16,0.21,-3.45
may-02,40.93,0.87,-3.52,45.49,1.44,-3.15,53.2,1.24,-2.6,37.22,0.8,-7.37,43.76,0.05,-5.46,25.86,2.71,1.19
jun-02,41.04,0.11,-2.97,45.91,0.42,-2.91,53.1,-0.1,-2.55,37.34,0.11,-6.49,43.13,-0.62,-6.2,26.5,0.64,2.97
jul-02,41.61,0.57,-4.53,46.53,0.62,-4.01,53.03,-0.06,-3.17,36.18,-1.15,-8.43,43.9,0.77,-9.18,28.54,2.03,2.02
ago-02,42.31,0.7,-5.08,45.12,-1.41,-6.16,52.85,-0.18,-4.77,38.23,2.05,-6.29,44.71,0.81,-8.57,29.65,1.12,0.5
sep-02,42.03,-0.28,-2.64,45.86,0.74,-3.77,52.55,-0.3,-3.65,38.59,0.35,-3.34,46.11,1.41,-3.04,27.51,-2.14,0.63
oct-02,41.82,-0.2,-0.47,46.43,0.57,-0.83,52.59,0.04,-1.48,36.94,-1.65,-0.77,44.29,-1.82,0.08,29.01,1.5,0.47
nov-02,43.36,1.54,0.56,46.06,-0.38,-0.38,54.11,1.52,-0.03,37.16,0.22,-3.05,44.82,0.53,-1.6,35.25,6.24,8.23
dic-02,42.41,-0.95,-0.31,45.4,-0.66,-2.26,52.98,-1.13,-2.25,37.96,0.8,0.18,44.89,0.06,-1.47,31.46,-3.79,4.06
ene-03,40.73,-1.68,3.93,46.37,0.97,2.4,51.71,-1.27,3.92,37.49,-0.47,4.3,44.23,-0.66,5.69,23.56,-7.9,3.27
feb-03,39.79,-0.94,1.53,45.3,-1.07,1.18,51.66,-0.04,1.17,37.27,-0.22,3.54,43.15,-1.08,2.34,20.67,-2.89,-0.71
mar-03,37.5,-2.29,-1.98,43.87,-1.44,-0.22,48.98,-2.69,-2.33,36.32,-0.95,0.73,39.42,-3.73,-3.62,18.77,-1.9,-4.18
abr-03,40.22,2.71,0.15,45.97,2.1,1.91,51.88,2.91,-0.07,36.9,0.58,0.47,43.49,4.06,-0.22,21.96,3.19,-1.2
may-03,40.29,0.07,-0.64,45.35,-0.62,-0.15,53.44,1.56,0.24,37.42,0.52,0.2,44.93,1.44,1.17,21.23,-0.73,-4.63
jun-03,40.92,0.63,-0.13,45.52,0.17,-0.39,52.34,-1.1,-0.76,39.21,1.79,1.88,46.3,1.37,3.16,21.64,0.41,-4.86
jul-03,40.96,0.04,-0.65,44.91,-0.61,-1.62,53.27,0.94,0.24,37.91,-1.3,1.73,46.17,-0.13,2.27,22.5,0.86,-6.04
ago-03,40.9,-0.06,-1.41,45.94,1.03,0.81,53.82,0.55,0.97,36.83,-1.09,-1.41,45.71,-0.46,1.0,21.9,-0.6,-7.75
sep-03,40.14,-0.76,-1.88,44.73,-1.21,-1.14,52.84,-0.98,0.3,37.12,0.29,-1.47,45.29,-0.42,-0.82,21.14,-0.76,-6.38
oct-03,40.57,0.43,-1.25,44.79,0.06,-1.65,53.86,1.01,1.27,37.96,0.84,1.02,44.9,-0.39,0.61,21.04,-0.1,-7.98
nov-03,40.27,-0.3,-3.09,44.89,0.1,-1.17,53.21,-0.65,-0.9,37.41,-0.55,0.26,44.92,0.02,0.1,20.89,-0.15,-14.37
dic-03,39.07,-1.2,-3.34,44.45,-0.43,-0.94,52.0,-1.2,-0.98,36.04,-1.37,-1.92,43.84,-1.09,-1.05,19.97,-0.91,-11.49
ene-04,39.51,0.44,-1.22,44.26,-0.19,-2.11,52.97,0.97,1.26,36.86,0.82,-0.63,43.79,-0.05,-0.45,19.46,-0.51,-4.09
feb-04,40.03,0.51,0.24,45.11,0.85,-0.19,52.42,-0.55,0.75,36.76,-0.1,-0.51,44.24,0.45,1.08,20.71,1.24,0.04
mar-04,39.13,-0.9,1.62,44.89,-0.22,1.03,52.37,-0.05,3.39,34.81,-1.96,-1.52,42.21,-2.03,2.79,21.32,0.61,2.55
abr-04,39.9,0.77,-0.32,45.16,0.27,-0.8,51.92,-0.45,0.04,36.43,1.62,-0.47,43.67,1.46,0.18,21.63,0.32,-0.32
may-04,40.47,0.57,0.18,45.89,0.72,0.54,53.52,1.6,0.08,36.47,0.04,-0.95,43.81,0.14,-1.12,23.71,2.08,2.48
jun-04,40.76,0.3,-0.15,45.32,-0.56,-0.2,53.78,0.26,1.44,36.52,0.05,-2.69,44.42,0.61,-1.87,23.76,0.05,2.12
jul-04,39.59,-1.17,-1.37,44.32,-1.0,-0.59,53.27,-0.51,-0.0,35.48,-1.04,-2.43,43.21,-1.21,-2.96,21.51,-2.25,-0.99
ago-04,39.21,-0.38,-1.69,45.35,1.03,-0.59,51.3,-1.98,-2.53,35.54,0.05,-1.29,43.82,0.62,-1.88,20.15,-1.36,-1.75
sep-04,40.13,0.92,-0.01,44.89,-0.45,0.17,54.39,3.1,1.55,35.78,0.24,-1.34,44.03,0.2,-1.26,21.87,1.72,0.74
oct-04,39.8,-0.33,-0.78,42.46,-2.43,-2.32,53.03,-1.36,-0.82,36.8,1.02,-1.16,44.83,0.8,-0.07,21.29,-0.58,0.25
nov-04,40.25,0.46,-0.02,45.75,3.29,0.86,52.52,-0.52,-0.69,36.11,-0.69,-1.31,44.8,-0.03,-0.13,22.05,0.76,1.17
dic-04,41.12,0.87,2.05,46.54,0.79,2.09,53.56,1.04,1.55,37.71,1.6,1.66,44.9,0.1,1.06,23.72,1.67,3.75
ene-05,41.94,0.81,2.42,46.96,0.42,2.7,54.26,0.7,1.28,38.43,0.72,1.56,46.06,1.16,2.27,23.79,0.06,4.32
feb-05,43.75,1.82,3.73,48.58,1.62,3.47,56.08,1.82,3.66,38.81,0.39,2.05,47.69,1.63,3.45,26.95,3.16,6.24
mar-05,42.22,-1.53,3.1,47.41,-1.17,2.52,54.79,-1.29,2.42,38.21,-0.61,3.4,46.1,-1.59,3.89,24.85,-2.09,3.54
abr-05,41.18,-1.04,1.28,46.22,-1.19,1.06,54.81,0.02,2.89,35.77,-2.44,-0.66,44.08,-2.02,0.42,24.65,-0.21,3.01
may-05,40.14,-1.04,-0.33,45.44,-0.78,-0.44,53.6,-1.21,0.07,35.93,0.16,-0.54,44.59,0.5,0.77,22.09,-2.56,-1.62
jun-05,40.9,0.76,0.13,45.85,0.41,0.53,54.08,0.48,0.3,36.06,0.13,-0.46,44.13,-0.46,-0.3,23.89,1.8,0.13
jul-05,41.04,0.14,1.45,45.8,-0.05,1.48,53.44,-0.64,0.17,37.43,1.37,1.95,45.22,1.1,2.02,23.03,-0.86,1.52
ago-05,40.08,-0.96,0.88,45.41,-0.39,0.06,51.8,-1.64,0.51,36.9,-0.53,1.37,43.57,-1.65,-0.25,23.05,0.03,2.9
sep-05,41.65,1.56,1.52,46.51,1.11,1.62,53.98,2.18,-0.41,38.33,1.43,2.56,44.5,0.93,0.47,25.17,2.12,3.3
oct-05,42.76,1.12,2.97,46.87,0.36,4.41,54.98,1.0,1.95,39.4,1.06,2.6,46.44,1.94,1.61,25.23,0.06,3.94
nov-05,43.25,0.49,3.0,48.28,1.41,2.53,56.28,1.3,3.76,40.14,0.74,4.03,46.56,0.12,1.76,24.86,-0.38,2.8
dic-05,43.63,0.38,2.51,48.33,0.05,1.79,56.66,0.38,3.1,41.98,1.85,4.28,46.99,0.43,2.1,24.98,0.13,1.26
ene-06,43.86,0.23,1.93,48.44,0.11,1.48,57.0,0.34,2.75,40.01,-1.97,1.58,46.84,-0.15,0.78,27.09,2.1,3.3
feb-06,44.4,0.53,0.64,48.35,-0.09,-0.23,56.39,-0.62,0.31,40.37,0.36,1.55,47.83,0.99,0.14,28.54,1.46,1.6
mar-06,44.9,0.5,2.67,49.32,0.97,1.9,56.93,0.54,2.14,41.23,0.86,3.02,47.89,0.06,1.79,29.65,1.1,4.8
abr-06,44.7,-0.2,3.52,48.91,-0.4,2.69,56.99,0.07,2.18,41.93,0.7,6.16,48.89,1.0,4.81,26.64,-3.01,1.99
may-06,44.28,-0.42,4.14,49.33,0.42,3.89,55.79,-1.2,2.2,41.8,-0.12,5.87,47.7,-1.19,3.11,27.59,0.96,5.51
jun-06,44.23,-0.05,3.33,48.54,-0.79,2.69,56.28,0.49,2.2,41.34,-0.46,5.28,48.8,1.1,4.68,25.38,-2.21,1.49
jul-06,44.84,0.61,3.8,49.09,0.55,3.29,56.29,0.01,2.85,41.75,0.41,4.31,49.19,0.39,3.97,27.34,1.96,4.31
ago-06,44.65,-0.19,4.57,48.48,-0.61,3.07,56.46,0.17,4.66,42.41,0.67,5.51,48.99,-0.2,5.41,27.55,0.21,4.49
sep-06,44.84,0.19,3.19,49.07,0.59,2.55,57.44,0.98,3.46,41.19,-1.22,2.86,49.38,0.39,4.88,27.24,-0.3,2.07
oct-06,45.25,0.42,2.49,48.72,-0.35,1.84,56.71,-0.73,1.72,40.73,-0.46,1.33,50.97,1.59,4.53,28.0,0.76,2.77
nov-06,44.34,-0.91,1.09,46.98,-1.74,-1.3,55.49,-1.22,-0.79,40.56,-0.17,0.42,50.59,-0.37,4.04,27.83,-0.17,2.97
dic-06,44.1,-0.24,0.46,47.47,0.49,-0.86,55.67,0.18,-0.99,41.07,0.51,-0.91,50.76,0.17,3.77,26.1,-1.73,1.11
ene-07,42.62,-1.48,-1.25,46.25,-1.22,-2.19,54.4,-1.27,-2.61,37.86,-3.21,-2.15,49.5,-1.26,2.66,25.42,-0.68,-1.67
feb-07,42.8,0.18,-1.6,46.95,0.7,-1.39,55.09,0.7,-1.29,37.35,-0.51,-3.02,48.1,-1.4,0.27,26.36,0.94,-2.19
mar-07,42.97,0.17,-1.92,46.08,-0.87,-3.24,55.29,0.19,-1.64,39.09,1.74,-2.14,49.01,0.91,1.12,26.12,-0.24,-3.53
abr-07,43.26,0.29,-1.44,47.32,1.25,-1.59,55.38,0.09,-1.61,39.54,0.45,-2.39,47.77,-1.24,-1.12,26.47,0.35,-0.16
may-07,43.6,0.34,-0.68,46.96,-0.36,-2.37,55.74,0.36,-0.06,39.93,0.39,-1.87,49.35,1.58,1.66,26.38,-0.09,-1.21
jun-07,43.13,-0.46,-1.09,45.9,-1.06,-2.65,55.59,-0.15,-0.69,39.47,-0.46,-1.87,48.13,-1.23,-0.68,25.72,-0.66,0.34
jul-07,42.91,-0.22,-1.92,47.39,1.49,-1.7,55.04,-0.55,-1.26,38.6,-0.87,-3.15,46.98,-1.15,-2.21,25.8,0.08,-1.54
ago-07,43.5,0.58,-1.16,47.89,0.5,-0.59,55.13,0.09,-1.33,39.45,0.85,-2.96,48.58,1.6,-0.41,27.09,1.3,-0.46
sep-07,42.61,-0.88,-2.23,47.67,-0.22,-1.4,54.76,-0.37,-2.68,38.87,-0.58,-2.32,46.79,-1.79,-2.59,25.06,-2.03,-2.18
oct-07,42.25,-0.37,-3.01,46.98,-0.69,-1.74,54.83,0.07,-1.88,37.53,-1.34,-3.19,43.66,-3.13,-7.31,27.2,2.14,-0.8
nov-07,41.91,-0.34,-2.43,46.65,-0.33,-0.34,54.28,-0.55,-1.21,37.82,0.28,-2.74,44.42,0.76,-6.17,25.93,-1.27,-1.9
dic-07,42.21,0.3,-1.89,46.8,0.15,-0.67,54.15,-0.13,-1.52,38.16,0.35,-2.91,44.96,0.54,-5.8,27.48,1.55,1.38
ene-08,42.02,-0.19,-0.6,47.49,0.69,1.24,54.52,0.37,0.12,37.64,-0.52,-0.21,44.2,-0.76,-5.3,26.74,-0.74,1.32
feb-08,41.63,-0.4,-1.17,46.86,-0.63,-0.09,53.87,-0.65,-1.22,37.02,-0.62,-0.33,44.15,-0.05,-3.95,26.37,-0.37,0.01
mar-08,41.5,-0.13,-1.47,46.88,0.02,0.8,53.27,-0.6,-2.02,38.1,1.08,-0.99,44.03,-0.13,-4.99,26.03,-0.34,-0.09
abr-08,39.97,-1.53,-3.29,45.85,-1.03,-1.47,52.42,-0.85,-2.96,35.11,-2.99,-4.43,42.93,-1.1,-4.85,23.91,-2.11,-2.56
may-08,38.98,-1.0,-4.62,45.53,-0.32,-1.43,51.96,-0.47,-3.78,34.49,-0.62,-5.43,41.91,-1.02,-7.45,21.05,-2.86,-5.33
jun-08,37.67,-1.3,-5.46,44.7,-0.82,-1.19,50.65,-1.31,-4.94,33.25,-1.25,-6.22,39.81,-2.09,-8.31,19.33,-1.72,-6.38
jul-08,36.51,-1.17,-6.41,42.85,-1.86,-4.54,49.1,-1.54,-5.94,32.21,-1.03,-6.39,38.15,-1.66,-8.82,19.35,0.01,-6.45
ago-08,36.75,0.24,-6.75,44.27,1.42,-3.62,51.2,2.1,-3.93,31.57,-0.64,-7.88,38.24,0.09,-10.34,19.05,-0.3,-8.04
sep-08,36.21,-0.54,-6.4,43.22,-1.05,-4.45,49.66,-1.53,-5.1,30.28,-1.29,-8.59,38.44,0.21,-8.34,19.55,0.5,-5.52
oct-08,35.06,-1.15,-7.18,42.92,-0.31,-4.06,47.15,-2.51,-7.67,30.91,0.63,-6.62,36.41,-2.03,-7.24,17.19,-2.36,-10.01
nov-08,35.83,0.76,-6.08,42.9,-0.02,-3.74,48.67,1.52,-5.61,30.37,-0.54,-7.45,38.28,1.87,-6.14,18.45,1.26,-7.48
dic-08,34.65,-1.18,-7.56,41.92,-0.98,-4.88,48.3,-0.37,-5.85,29.8,-0.57,-8.36,35.99,-2.3,-8.98,17.65,-0.8,-9.83
ene-09,34.21,-0.45,-7.81,40.77,-1.15,-6.73,47.35,-0.95,-7.17,29.92,0.12,-7.72,37.67,1.69,-6.53,15.74,-1.91,-11.0
feb-09,33.68,-0.53,-7.95,40.14,-0.62,-6.72,47.31,-0.04,-6.56,28.59,-1.33,-8.43,38.35,0.68,-5.8,14.26,-1.48,-12.11
mar-09,33.35,-0.33,-8.15,39.24,-0.9,-7.64,46.25,-1.06,-7.02,28.64,0.05,-9.46,38.01,-0.34,-6.02,14.98,0.72,-11.05
abr-09,34.48,1.13,-5.5,39.47,0.23,-6.38,49.11,2.86,-3.32,28.6,-0.04,-6.52,39.69,1.68,-3.24,15.81,0.83,-8.1
may-09,33.36,-1.11,-5.61,38.92,-0.56,-6.61,47.8,-1.31,-4.16,27.5,-1.1,-7.0,39.17,-0.52,-2.74,13.34,-2.47,-7.71
jun-09,34.11,0.75,-3.56,39.38,0.47,-5.32,47.81,0.01,-2.84,28.67,1.17,-4.58,39.84,0.67,0.02,14.49,1.15,-4.84
jul-09,35.66,1.55,-0.84,40.81,1.43,-2.04,50.28,2.48,1.18,29.27,0.6,-2.95,41.13,1.29,2.98,15.93,1.43,-3.42
ago-09,34.03,-1.63,-2.72,38.54,-2.27,-5.73,48.19,-2.1,-3.01,28.64,-0.63,-2.93,41.18,0.05,2.94,13.92,-2.01,-5.13
sep-09,34.04,0.01,-2.17,39.41,0.87,-3.81,47.83,-0.36,-1.84,28.95,0.31,-1.33,39.86,-1.32,1.42,14.55,0.64,-4.99
oct-09,33.41,-0.63,-1.65,39.08,-0.33,-3.83,47.12,-0.71,-0.04,27.58,-1.37,-3.34,39.03,-0.83,2.61,13.88,-0.67,-3.31
nov-09,34.01,0.6,-1.82,39.24,0.16,-3.66,48.11,0.99,-0.56,28.23,0.65,-2.14,40.0,0.97,1.72,13.94,0.06,-4.51
dic-09,33.77,-0.25,-0.89,39.2,-0.04,-2.72,48.15,0.04,-0.15,27.75,-0.48,-2.05,40.4,0.4,4.41,13.61,-0.33,-4.04
ene-10,34.5,0.73,0.29,39.63,0.43,-1.14,48.84,0.69,1.48,29.16,1.41,-0.76,41.36,0.97,3.69,14.12,0.5,-1.63
feb-10,34.53,0.03,0.85,39.65,0.02,-0.49,48.92,0.08,1.61,29.94,0.77,1.34,40.74,-0.63,2.39,13.67,-0.44,-0.59
mar-10,34.72,0.2,1.38,39.82,0.17,0.58,48.76,-0.16,2.51,29.35,-0.58,0.71,41.18,0.44,3.17,14.58,0.91,-0.39
abr-10,34.96,0.24,0.49,40.02,0.2,0.54,49.85,1.09,0.74,30.82,1.47,2.23,40.43,-0.75,0.74,13.87,-0.71,-1.94
may-10,35.89,0.92,2.52,40.63,0.61,1.72,50.06,0.21,2.26,31.48,0.65,3.98,41.69,1.26,2.53,15.34,1.47,2.0
jun-10,36.57,0.68,2.45,41.41,0.78,2.02,50.54,0.47,2.73,32.26,0.78,3.59,42.46,0.77,2.62,16.04,0.7,1.54
jul-10,36.3,-0.27,0.63,41.08,-0.33,0.27,50.81,0.28,0.53,30.88,-1.38,1.61,42.46,-0.0,1.33,15.4,-0.64,-0.53
ago-10,36.65,0.35,2.62,41.71,0.64,3.17,50.58,-0.23,2.4,31.82,0.94,3.18,42.31,-0.15,1.13,16.93,1.53,3.01
sep-10,37.88,1.23,3.84,43.15,1.44,3.74,51.33,0.75,3.5,33.85,2.02,4.9,44.17,1.86,4.31,17.3,0.37,2.75
oct-10,38.24,0.36,4.83,42.15,-1.0,3.06,51.74,0.41,4.63,33.78,-0.06,6.21,46.04,1.87,7.01,17.4,0.1,3.52
nov-10,38.13,-0.12,4.12,43.0,0.85,3.76,51.99,0.24,3.88,33.77,-0.02,5.54,43.96,-2.08,3.96,17.34,-0.06,3.4
dic-10,38.04,-0.08,4.28,42.92,-0.08,3.72,52.06,0.07,3.91,33.78,0.01,6.03,44.07,0.11,3.67,17.58,0.24,3.97
ene-11,38.05,0.0,3.55,43.74,0.82,4.11,51.47,-0.59,2.63,32.85,-0.93,3.69,43.96,-0.11,2.59,19.07,1.49,4.96
feb-11,38.79,0.75,4.27,43.56,-0.18,3.9,52.31,0.84,3.39,34.31,1.46,4.37,44.37,0.41,3.63,19.73,0.65,6.05
mar-11,38.5,-0.3,3.77,43.66,0.1,3.84,52.07,-0.24,3.31,33.79,-0.52,4.43,43.84,-0.53,2.66,19.14,-0.58,4.56
abr-11,37.58,-0.92,2.61,42.49,-1.16,2.48,51.57,-0.5,1.72,32.55,-1.24,1.72,43.7,-0.14,3.27,17.68,-1.47,3.81
may-11,37.67,0.09,1.78,43.3,0.81,2.67,51.8,0.23,1.74,32.83,0.28,1.35,42.89,-0.81,1.2,17.23,-0.44,1.9
jun-11,38.5,0.83,1.93,43.22,-0.08,1.81,52.76,0.96,2.22,33.41,0.58,1.15,43.98,1.09,1.51,19.2,1.96,3.16
jul-11,38.95,0.45,2.66,43.68,0.46,2.6,52.7,-0.06,1.89,33.41,-0.0,2.53,44.51,0.53,2.05,19.71,0.52,4.31
ago-11,38.4,-0.56,1.75,42.88,-0.8,1.16,52.46,-0.25,1.87,33.57,0.16,1.74,43.71,-0.79,1.4,19.27,-0.45,2.34
sep-11,38.11,-0.29,0.23,42.77,-0.1,-0.38,52.4,-0.06,1.07,32.94,-0.62,-0.9,43.84,0.12,-0.34,19.02,-0.24,1.72
oct-11,38.37,0.26,0.13,42.99,0.22,0.84,52.12,-0.28,0.38,33.36,0.42,-0.42,43.76,-0.08,-2.28,19.72,0.69,2.32
nov-11,38.31,-0.06,0.19,42.54,-0.45,-0.46,52.29,0.17,0.3,33.43,0.07,-0.34,43.98,0.22,0.02,18.7,-1.01,1.36
dic-11,37.6,-0.71,-0.44,43.12,0.58,0.2,51.43,-0.86,-0.63,32.34,-1.09,-1.44,41.66,-2.32,-2.41,19.63,0.93,2.05
ene-12,38.98,1.38,0.94,43.32,0.2,-0.42,52.7,1.27,1.23,34.64,2.29,1.79,43.3,1.64,-0.65,21.77,2.14,2.7
feb-12,39.46,0.48,0.67,44.93,1.61,1.37,52.6,-0.09,0.3,34.86,0.22,0.55,44.86,1.55,0.48,20.18,-1.59,0.45
mar-12,39.06,-0.4,0.56,44.01,-0.92,0.35,51.36,-1.24,-0.71,35.76,0.9,1.97,44.26,-0.59,0.43,19.91,-0.27,0.77
abr-12,40.21,1.16,2.64,44.75,0.74,2.26,52.8,1.44,1.23,36.48,0.71,3.93,45.49,1.22,1.79,21.64,1.73,3.96
may-12,40.0,-0.22,2.33,44.06,-0.69,0.76,53.16,0.36,1.36,35.68,-0.79,2.85,45.51,0.02,2.62,21.22,-0.42,3.98
jun-12,39.41,-0.59,0.91,44.04,-0.02,0.82,52.56,-0.61,-0.2,35.5,-0.18,2.09,45.19,-0.32,1.21,19.8,-1.42,0.6
jul-12,40.27,0.86,1.32,44.47,0.43,0.79,53.99,1.44,1.29,36.15,0.65,2.75,46.36,1.17,1.85,19.81,0.01,0.1
ago-12,40.35,0.08,1.95,44.9,0.44,2.03,54.21,0.22,1.76,36.44,0.28,2.87,46.89,0.53,3.18,18.97,-0.84,-0.3
sep-12,39.1,-1.24,0.99,44.31,-0.59,1.54,53.25,-0.96,0.85,34.4,-2.04,1.45,45.63,-1.26,1.79,18.37,-0.6,-0.65
oct-12,40.15,1.05,1.78,44.96,0.65,1.96,54.25,1.0,2.13,36.3,1.9,2.94,45.85,0.22,2.09,19.54,1.17,-0.18
nov-12,39.9,-0.25,1.59,44.12,-0.84,1.58,51.85,-2.4,-0.44,36.93,0.63,3.5,46.22,0.37,2.24,19.94,0.4,1.23
dic-12,41.0,1.1,3.39,44.67,0.55,1.55,54.14,2.29,2.71,38.29,1.36,5.95,48.05,1.83,6.39,20.01,0.07,0.37
ene-13,41.29,0.3,2.31,45.56,0.89,2.24,54.43,0.29,1.73,39.18,0.89,4.55,48.11,0.06,4.8,20.01,0.01,-1.76
feb-13,40.35,-0.95,0.89,44.7,-0.86,-0.22,53.21,-1.21,0.61,37.06,-2.12,2.21,46.15,-1.96,1.29,20.54,0.53,0.36
mar-13,40.11,-0.24,1.05,44.37,-0.34,0.36,54.3,1.08,2.94,36.43,-0.63,0.67,46.32,0.17,2.05,19.15,-1.39,-0.76
abr-13,39.84,-0.27,-0.38,43.94,-0.43,-0.81,53.39,-0.9,0.59,36.01,-0.42,-0.46,45.88,-0.44,0.39,20.06,0.91,-1.58
may-13,39.52,-0.31,-0.47,44.1,0.15,0.04,52.07,-1.32,-1.09,36.37,0.36,0.68,45.27,-0.62,-0.24,19.64,-0.42,-1.58
jun-13,38.49,-1.03,-0.92,42.83,-1.27,-1.21,51.42,-0.65,-1.13,35.53,-0.84,0.02,43.39,-1.88,-1.8,19.06,-0.58,-0.74
jul-13,39.87,1.38,-0.39,44.75,1.92,0.28,53.07,1.64,-0.93,36.49,0.96,0.33,44.67,1.28,-1.69,20.01,0.95,0.2
ago-13,40.22,0.35,-0.13,46.2,1.45,1.29,52.95,-0.12,-1.27,36.31,-0.18,-0.13,45.22,0.55,-1.67,20.13,0.13,1.17
sep-13,39.08,-1.14,-0.03,44.82,-1.37,0.51,52.94,-0.01,-0.31,34.56,-1.75,0.16,43.79,-1.42,-1.84,19.76,-0.37,1.39
oct-13,38.44,-0.64,-1.71,44.2,-0.62,-0.75,52.11,-0.82,-2.14,34.44,-0.12,-1.87,42.8,-0.99,-3.05,18.72,-1.05,-0.82
nov-13,37.47,-0.97,-2.43,43.93,-0.27,-0.19,51.13,-0.98,-0.72,32.6,-1.83,-4.33,40.38,-2.43,-5.84,18.76,0.04,-1.18
dic-13,37.12,-0.34,-3.87,43.0,-0.93,-1.67,51.03,-0.1,-3.11,32.75,0.15,-5.54,40.84,0.46,-7.21,18.19,-0.56,-1.81
ene-14,35.35,-1.77,-5.94,41.78,-1.22,-3.78,49.06,-1.97,-5.37,31.43,-1.32,-7.75,39.5,-1.34,-8.61,15.51,-2.68,-4.5
feb-14,36.47,1.12,-3.88,43.04,1.26,-1.67,50.89,1.83,-2.32,32.61,1.18,-4.45,40.2,0.7,-5.95,15.44,-0.07,-5.1
mar-14,37.34,0.87,-2.77,43.53,0.49,-0.84,51.38,0.48,-2.92,32.55,-0.06,-3.88,40.75,0.55,-5.56,18.59,3.15,-0.56
abr-14,37.65,0.31,-2.19,44.07,0.54,0.12,51.36,-0.02,-2.04,33.09,0.54,-2.92,40.76,0.01,-5.12,19.13,0.54,-0.93
may-14,37.67,0.02,-1.86,44.47,0.41,0.38,51.31,-0.05,-0.76,33.36,0.27,-3.01,40.58,-0.18,-4.68,18.6,-0.54,-1.04
jun-14,37.63,-0.04,-0.86,44.36,-0.11,1.53,50.76,-0.55,-0.66,33.27,-0.09,-2.26,40.82,0.24,-2.57,18.54,-0.06,-0.52
jul-14,36.93,-0.7,-2.94,42.8,-1.57,-1.95,49.98,-0.78,-3.09,33.34,0.08,-3.14,39.49,-1.33,-5.18,18.81,0.26,-1.2
ago-14,37.27,0.34,-2.95,43.79,0.99,-2.41,50.71,0.73,-2.24,33.7,0.35,-2.61,39.85,0.36,-5.37,18.05,-0.76,-2.08
sep-14,38.22,0.94,-0.86,44.42,0.63,-0.4,51.48,0.77,-1.46,35.38,1.69,0.82,41.13,1.28,-2.67,19.07,1.02,-0.7
oct-14,37.94,-0.28,-0.5,44.9,0.48,0.7,51.23,-0.24,-0.88,34.37,-1.01,-0.06,39.88,-1.24,-2.92,19.26,0.19,0.55
nov-14,38.74,0.8,1.27,45.71,0.81,1.78,52.4,1.17,1.27,33.73,-0.65,1.12,40.91,1.02,0.53,20.55,1.29,1.79
dic-14,38.32,-0.41,1.2,45.61,-0.1,2.6,52.39,-0.01,1.36,33.16,-0.56,0.41,39.86,-1.05,-0.98,20.78,0.22,2.58
ene-15,37.95,-0.38,2.6,45.36,-0.25,3.58,51.9,-0.49,2.84,33.06,-0.11,1.62,41.37,1.51,1.88,18.46,-2.31,2.95
feb-15,38.39,0.44,1.92,45.08,-0.27,2.05,52.49,0.58,1.59,33.14,0.09,0.53,40.07,-1.31,-0.13,21.12,2.66,5.68
mar-15,38.84,0.46,1.5,45.98,0.89,2.45,52.05,-0.43,0.68,34.03,0.88,1.47,40.52,0.45,-0.23,21.84,0.71,3.24
abr-15,37.91,-0.93,0.26,45.27,-0.71,1.2,51.38,-0.68,0.02,33.2,-0.83,0.1,39.26,-1.26,-1.5,20.74,-1.1,1.61
may-15,37.75,-0.16,0.08,45.09,-0.18,0.62,51.34,-0.04,0.03,32.95,-0.25,-0.41,39.03,-0.23,-1.55,20.45,-0.29,1.85
jun-15,38.77,1.02,1.14,45.15,0.06,0.78,51.93,0.59,1.17,33.85,0.9,0.58,41.04,2.0,0.22,21.39,0.94,2.85
jul-15,37.65,-1.12,0.71,45.02,-0.13,2.22,50.97,-0.96,0.99,32.63,-1.22,-0.72,39.24,-1.8,-0.26,20.12,-1.27,1.31
ago-15,37.32,-0.33,0.05,45.01,-0.01,1.22,50.8,-0.16,0.09,31.54,-1.09,-2.16,38.1,-1.13,-1.75,20.92,0.8,2.87
sep-15,37.53,0.21,-0.68,44.86,-0.16,0.44,50.83,0.03,-0.64,32.73,1.2,-2.65,38.62,0.52,-2.5,20.86,-0.06,1.79
oct-15,38.0,0.47,0.07,45.26,0.41,0.36,51.04,0.2,-0.2,33.49,0.75,-0.89,39.56,0.93,-0.33,20.52,-0.33,1.26
nov-15,38.21,0.2,-0.53,45.18,-0.08,-0.52,51.42,0.38,-0.98,34.21,0.72,0.48,39.31,-0.24,-1.6,20.79,0.27,0.24
dic-15,37.91,-0.29,-0.41,45.47,0.29,-0.13,50.71,-0.71,-1.69,33.62,-0.59,0.46,39.03,-0.28,-0.83,20.8,0.01,0.03
ene-16,38.14,0.23,0.19,45.87,0.39,0.51,51.18,0.48,-0.72,33.95,0.33,0.89,38.55,-0.48,-2.82,21.35,0.54,2.89
feb-16,37.6,-0.54,-0.79,45.48,-0.39,0.4,50.34,-0.84,-2.14,32.93,-1.02,-0.22,37.89,-0.66,-2.17,21.42,0.07,0.3
mar-16,37.19,-0.41,-1.66,45.09,-0.39,-0.88,49.86,-0.48,-2.19,32.62,-0.3,-1.4,37.13,-0.76,-3.39,21.51,0.09,-0.32
abr-16,36.84,-0.35,-1.07,44.89,-0.2,-0.38,49.95,0.08,-1.43,31.86,-0.76,-1.34,36.55,-0.57,-2.71,21.23,-0.29,0.49
may-16,37.15,0.32,-0.59,45.63,0.74,0.54,50.61,0.67,-0.73,31.58,-0.28,-1.37,36.92,0.37,-2.11,21.29,0.06,0.84
jun-16,38.01,0.85,-0.76,45.67,0.04,0.53,50.92,0.31,-1.0,32.55,0.97,-1.3,37.88,0.95,-3.16,22.55,1.26,1.16
jul-16,36.14,-1.86,-1.5,44.35,-1.33,-0.67,49.4,-1.53,-1.57,30.87,-1.68,-1.76,34.69,-3.19,-4.55,21.23,-1.32,1.11
ago-16,35.65,-0.5,-1.67,44.67,0.32,-0.35,48.89,-0.51,-1.91,29.92,-0.94,-1.61,33.91,-0.78,-4.2,20.63,-0.6,-0.29
sep-16,34.9,-0.74,-2.63,43.57,-1.1,-1.29,48.2,-0.69,-2.64,29.82,-0.1,-2.91,32.96,-0.94,-5.66,19.86,-0.77,-1.0
oct-16,35.16,0.26,-2.85,43.4,-0.17,-1.87,48.6,0.4,-2.44,28.93,-0.89,-4.56,33.82,0.86,-5.74,20.81,0.95,0.28
nov-16,34.76,-0.4,-3.45,43.58,0.19,-1.6,48.17,-0.43,-3.25,29.38,0.45,-4.83,33.25,-0.57,-6.06,19.52,-1.28,-1.27
dic-16,35.05,0.29,-2.87,43.85,0.26,-1.63,48.84,0.68,-1.86,29.73,0.34,-3.9,33.54,0.29,-5.49,19.27,-0.25,-1.53
ene-17,28.63,-6.42,-9.51,39.97,-3.88,-5.9,40.99,-7.85,-10.19,22.53,-7.19,-11.41,25.16,-8.38,-13.39,14.55,-4.73,-6.8
feb-17,32.15,3.52,-5.45,42.19,2.22,-3.29,44.97,3.98,-5.37,26.31,3.78,-6.61,29.02,3.86,-8.87,18.23,3.69,-3.19
mar-17,34.21,2.06,-2.98,43.77,1.58,-1.32,49.06,4.09,-0.8,27.5,1.18,-5.13,32.42,3.41,-4.7,18.45,0.22,-3.06
abr-17,35.07,0.86,-1.77,44.2,0.42,-0.7,49.33,0.28,-0.61,28.35,0.85,-3.51,34.72,2.3,-1.83,18.91,0.46,-2.32
may-17,35.58,0.52,-1.57,44.23,0.04,-1.4,49.67,0.33,-0.94,29.3,0.95,-2.28,34.62,-0.1,-2.3,20.45,1.54,-0.84
jun-17,35.73,0.15,-2.28,44.18,-0.06,-1.5,50.04,0.38,-0.88,28.91,-0.4,-3.65,34.66,0.04,-3.22,20.65,0.2,-1.9
jul-17,36.2,0.47,0.05,44.71,0.53,0.36,50.33,0.28,0.93,29.62,0.72,-1.25,34.88,0.23,0.19,21.34,0.68,0.11
ago-17,36.5,0.3,0.85,44.94,0.23,0.27,50.82,0.49,1.93,30.21,0.59,0.29,35.4,0.51,1.49,21.0,-0.33,0.38
sep-17,37.02,0.52,2.11,45.42,0.48,1.85,51.27,0.45,3.07,30.64,0.43,0.81,35.64,0.24,2.67,21.75,0.74,1.89
oct-17,36.5,-0.51,1.34,44.75,-0.67,1.36,50.97,-0.29,2.37,30.27,-0.37,1.34,35.25,-0.39,1.43,21.04,-0.7,0.24
nov-17,36.61,0.11,1.86,45.06,0.3,1.47,51.19,0.22,3.02,29.88,-0.39,0.5,35.08,-0.17,1.83,22.08,1.04,2.56
dic-17,35.87,-0.75,0.82,44.87,-0.18,1.03,49.5,-1.69,0.66,29.25,-0.63,-0.48,33.41,-1.66,-0.13,22.14,0.06,2.86
ene-18,34.66,-1.21,6.03,43.91,-0.97,3.94,48.86,-0.64,7.87,27.89,-1.36,5.36,32.82,-0.6,7.66,19.95,-2.19,5.4
feb-18,34.74,0.09,2.6,43.92,0.02,1.73,48.58,-0.28,3.61,27.77,-0.12,1.46,34.09,1.27,5.07,19.25,-0.7,1.01
mar-18,34.75,0.0,0.54,43.65,-0.27,-0.12,48.55,-0.03,-0.51,27.8,0.03,0.31,34.75,0.67,2.33,19.16,-0.08,0.71
abr-18,35.7,0.95,0.63,44.05,0.39,-0.15,49.35,0.8,0.02,29.54,1.73,1.19,35.92,1.16,1.2,19.73,0.56,0.82
may-18,36.5,0.8,0.92,44.66,0.62,0.43,50.0,0.65,0.33,30.09,0.55,0.78,38.38,2.47,3.77,19.65,-0.08,-0.8
jun-18,36.92,0.42,1.19,44.07,-0.59,-0.1,50.26,0.26,0.21,29.93,-0.16,1.03,39.67,1.29,5.02,20.6,0.95,-0.05
jul-18,43.06,6.14,6.86,46.39,2.32,1.68,56.48,6.23,6.16,34.55,4.62,4.92,53.79,14.11,18.9,24.05,3.45,2.71
ago-18,43.04,-0.02,6.54,47.35,0.96,2.41,56.85,0.37,6.04,34.16,-0.39,3.95,53.45,-0.33,18.06,23.41,-0.64,2.4
sep-18,42.41,-0.63,5.39,46.26,-1.08,0.84,56.04,-0.81,4.78,33.92,-0.23,3.29,52.13,-1.32,16.5,23.24,-0.17,1.49
oct-18,42.51,0.11,6.01,46.99,0.73,2.24,56.6,0.56,5.63,34.16,0.24,3.89,50.38,-1.75,15.13,24.2,0.96,3.16
nov-18,41.64,-0.87,5.03,46.55,-0.44,1.5,55.15,-1.45,3.96,33.42,-0.74,3.55,49.58,-0.8,14.51,23.7,-0.5,1.62
dic-18,44.3,2.66,8.44,47.37,0.81,2.49,58.09,2.94,8.59,34.95,1.53,5.71,56.21,6.62,22.79,24.85,1.15,2.71
ene-19,45.68,1.37,11.02,48.15,0.79,4.25,57.98,-0.11,9.12,39.92,4.96,12.03,56.42,0.22,23.6,26.08,1.23,6.13
feb-19,48.5,2.82,13.76,49.55,1.39,5.62,59.18,1.2,10.6,45.1,5.19,17.33,59.25,2.83,25.16,29.33,3.25,10.08
mar-19,46.84,-1.66,12.09,49.43,-0.11,5.78,58.81,-0.37,10.26,43.06,-2.05,15.25,56.45,-2.81,21.69,26.66,-2.67,7.5
abr-19,45.43,-1.4,9.73,49.23,-0.2,5.18,57.77,-1.04,8.42,40.67,-2.39,11.13,53.09,-3.36,17.17,26.46,-0.2,6.74
may-19,44.28,-1.15,7.78,48.78,-0.44,4.12,56.31,-1.46,6.31,39.94,-0.73,9.85,50.76,-2.33,12.38,25.86,-0.6,6.22
jun-19,43.36,-0.92,6.44,48.66,-0.13,4.58,55.73,-0.58,5.47,40.14,0.2,10.21,48.5,-2.26,8.83,23.95,-1.91,3.35
jul-19,43.13,-0.24,0.06,48.05,-0.6,1.66,55.91,0.18,-0.57,39.66,-0.49,5.11,48.51,0.01,-5.27,23.46,-0.49,-0.59
ago-19,44.0,0.87,0.96,48.1,0.05,0.75,55.95,0.04,-0.91,41.64,1.98,7.48,49.61,1.1,-3.84,24.88,1.42,1.47
sep-19,45.61,1.62,3.21,49.33,1.22,3.06,57.53,1.58,1.48,43.57,1.93,9.64,52.27,2.66,0.14,24.95,0.07,1.71
oct-19,44.0,-1.61,1.49,48.78,-0.54,1.79,55.39,-2.14,-1.21,41.85,-1.71,7.69,49.26,-3.01,-1.12,24.67,-0.28,0.47
nov-19,43.96,-0.04,2.32,49.51,0.73,2.95,55.83,0.44,0.68,41.04,-0.81,7.61,48.53,-0.73,-1.06,24.92,0.25,1.22
dic-19,43.21,-0.75,-1.09,48.09,-1.42,0.72,54.99,-0.85,-3.11,39.93,-1.11,4.98,47.91,-0.62,-8.29,25.12,0.2,0.28
ene-20,43.78,0.57,-1.9,48.86,0.78,0.71,56.24,1.26,-1.74,40.09,0.16,0.18,48.16,0.25,-8.27,25.44,0.32,-0.64
feb-20,43.83,0.06,-4.67,48.56,-0.3,-0.98,55.81,-0.43,-3.37,40.53,0.43,-4.58,47.99,-0.17,-11.26,26.01,0.57,-3.32
mar-20,42.33,-1.5,-4.51,48.5,-0.07,-0.94,54.22,-1.59,-4.59,38.87,-1.66,-4.19,45.33,-2.65,-11.11,24.94,-1.07,-1.72
abr-20,32.08,-10.25,-13.35,34.09,-14.41,-15.14,44.01,-10.21,-13.76,28.4,-10.46,-12.26,39.58,-5.75,-13.51,14.39,-10.55,-12.08
may-20,31.16,-0.92,-13.13,34.66,0.57,-14.12,44.65,0.64,-11.66,27.4,-1.01,-12.54,39.19,-0.39,-11.57,10.02,-4.37,-15.85
jun-20,31.71,0.55,-11.65,35.31,0.66,-13.34,45.93,1.28,-9.8,27.54,0.14,-12.6,37.45,-1.75,-11.06,12.54,2.52,-11.41
jul-20,34.33,2.62,-8.8,36.5,1.19,-11.55,48.24,2.31,-7.68,28.5,0.95,-11.16,43.13,5.68,-5.39,15.41,2.87,-8.06
ago-20,35.35,1.03,-8.64,38.43,1.93,-9.67,50.71,2.47,-5.24,28.56,0.06,-13.08,42.81,-0.31,-6.8,16.38,0.97,-8.5
sep-20,36.54,1.19,-9.07,39.0,0.57,-10.32,52.54,1.83,-4.98,29.58,1.02,-13.99,44.41,1.6,-7.86,16.86,0.48,-8.1
oct-20,37.86,1.32,-6.14,41.42,2.42,-7.37,54.31,1.77,-1.08,30.64,1.06,-11.22,44.97,0.55,-4.29,17.99,1.13,-6.68
nov-20,37.24,-0.62,-6.72,39.91,-1.5,-9.6,53.01,-1.3,-2.82,30.28,-0.36,-10.76,44.92,-0.04,-3.61,17.91,-0.08,-7.01
dic-20,38.29,1.05,-4.92,41.39,1.47,-6.7,54.49,1.48,-0.5,30.67,0.39,-9.27,46.03,1.1,-1.88,18.97,1.05,-6.16
ene-21,38.83,0.54,-4.95,42.34,0.95,-6.53,53.73,-0.76,-2.51,31.91,1.25,-8.18,46.3,0.27,-1.86,19.77,0.81,-5.67
feb-21,38.98,0.14,-4.86,41.38,-0.96,-7.18,54.06,0.33,-1.75,31.93,0.02,-8.6,47.1,0.81,-0.88,20.08,0.31,-5.93
mar-21,40.74,1.76,-1.59,43.14,1.76,-5.35,55.77,1.72,1.55,33.79,1.86,-5.08,49.93,2.83,4.6,21.1,1.02,-3.83
abr-21,42.24,1.51,10.16,45.16,2.01,11.07,56.76,0.99,12.75,35.3,1.52,6.9,50.52,0.59,10.94,23.58,2.47,9.19
may-21,42.64,0.4,11.49,45.14,-0.02,10.48,57.34,0.58,12.69,36.8,1.5,9.4,51.69,1.17,12.5,22.29,-1.29,12.27
jun-21,43.91,1.27,12.21,46.41,1.27,11.1,58.98,1.64,13.04,38.06,1.26,10.52,52.66,0.96,15.21,23.79,1.5,11.25
jul-21,44.24,0.33,9.91,47.79,1.37,11.28,58.43,-0.54,10.2,39.16,1.1,10.66,51.83,-0.83,8.7,24.2,0.41,8.79
ago-21,42.96,-1.28,7.61,46.43,-1.36,8.0,57.06,-1.37,6.36,38.54,-0.62,9.98,49.54,-2.29,6.72,23.44,-0.75,7.06
sep-21,43.68,0.72,7.14,46.7,0.27,7.7,57.61,0.55,5.07,39.35,0.81,9.77,50.7,1.17,6.29,23.77,0.32,6.91
oct-21,43.84,0.16,5.98,46.62,-0.08,5.2,57.87,0.26,3.56,39.87,0.52,9.23,51.4,0.7,6.44,23.49,-0.28,5.5
nov-21,46.19,2.35,8.95,49.73,3.12,9.82,59.44,1.57,6.43,42.23,2.36,11.95,52.25,0.85,7.33,26.98,3.49,9.06
dic-21,44.39,-1.8,6.11,48.64,-1.09,7.25,57.04,-2.4,2.56,40.2,-2.03,9.53,49.52,-2.72,3.5,26.65,-0.32,7.69
ene-22,43.1,-1.3,4.26,48.13,-0.51,5.79,56.23,-0.82,2.5,37.83,-2.37,5.91,48.48,-1.05,2.18,24.54,-2.11,4.77
feb-22,43.21,0.12,4.24,47.82,-0.32,6.43,56.91,0.68,2.85,38.86,1.03,6.93,47.93,-0.54,0.83,24.55,0.01,4.47
mar-22,43.65,0.44,2.92,48.75,0.94,5.61,57.19,0.28,1.42,38.95,0.09,5.16,47.32,-0.62,-2.61,26.05,1.5,4.94
abr-22,44.04,0.38,1.8,48.55,-0.2,3.4,57.15,-0.04,0.39,39.48,0.53,4.18,48.68,1.36,-1.84,26.37,0.32,2.8
may-22,44.03,-0.0,1.39,48.7,0.15,3.56,57.22,0.07,-0.12,39.25,-0.23,2.45,49.58,0.9,-2.11,25.27,-1.1,2.99
jun-22,42.76,-1.27,-1.15,47.97,-0.73,1.56,55.93,-1.29,-3.05,38.35,-0.9,0.29,46.59,-2.99,-6.07,25.21,-0.06,1.42
jul-22,41.26,-1.5,-2.98,47.16,-0.81,-0.63,53.59,-2.34,-4.85,37.48,-0.87,-1.68,44.44,-2.15,-7.39,23.93,-1.28,-0.26
ago-22,40.78,-0.49,-2.18,46.47,-0.69,0.04,54.07,0.48,-2.99,36.58,-0.9,-1.96,44.04,-0.4,-5.5,22.94,-0.99,-0.5
sep-22,41.12,0.35,-2.56,46.44,-0.03,-0.26,54.09,0.01,-3.52,36.54,-0.04,-2.81,44.67,0.63,-6.04,23.63,0.68,-0.14
oct-22,41.34,0.22,-2.5,46.78,0.34,0.16,54.56,0.47,-3.31,36.82,0.28,-3.05,44.44,-0.23,-6.97,24.11,0.49,0.63
nov-22,41.94,0.61,-4.25,47.23,0.44,-2.51,54.52,-0.03,-4.92,38.32,1.5,-3.91,45.54,1.11,-6.71,23.76,-0.35,-3.22
dic-22,42.84,0.89,-1.56,47.89,0.66,-0.75,55.47,0.94,-1.58,39.51,1.19,-0.69,47.03,1.49,-2.5,24.5,0.74,-2.15
ene-23,44.33,1.49,1.24,48.86,0.97,0.73,56.9,1.43,0.67,40.29,0.78,2.46,48.31,1.28,-0.17,26.92,2.42,2.38
feb-23,44.84,0.51,1.63,49.13,0.27,1.31,56.2,-0.7,-0.71,41.52,1.23,2.66,48.62,0.31,0.69,29.1,2.17,4.55
mar-23,44.6,-0.24,0.95,48.92,-0.21,0.16,56.06,-0.14,-1.13,41.61,0.09,2.66,49.05,0.43,1.73,27.28,-1.81,1.23
abr-23,44.4,-0.2,0.36,48.86,-0.06,0.31,56.41,0.36,-0.74,41.04,-0.57,1.56,48.99,-0.06,0.31,26.72,-0.56,0.34
may-23,44.85,0.45,0.82,49.1,0.24,0.4,56.59,0.17,-0.63,41.85,0.81,2.6,49.05,0.06,-0.52,27.4,0.68,2.13
jun-23,45.44,0.59,2.67,49.72,0.62,1.75,56.21,-0.38,0.28,43.51,1.67,5.16,49.03,-0.02,2.45,28.87,1.47,3.66
jul-23,46.44,1.0,5.17,50.6,0.87,3.44,58.37,2.16,4.78,43.31,-0.2,5.83,49.86,0.83,5.42,30.26,1.39,6.32
ago-23,46.53,0.09,5.75,51.08,0.49,4.61,57.69,-0.68,3.62,43.82,0.51,7.24,50.29,0.43,6.25,30.16,-0.09,7.22
sep-23,46.68,0.15,5.55,51.23,0.14,4.79,57.19,-0.5,3.1,44.51,0.69,7.97,49.81,-0.48,5.14,30.39,0.22,6.76
oct-23,45.77,-0.9,4.44,51.11,-0.12,4.33,56.79,-0.4,2.23,43.5,-1.01,6.68,47.93,-1.88,3.49,29.47,-0.91,5.36
nov-23,47.07,1.29,5.12,51.91,0.79,4.68,58.02,1.23,3.5,43.86,0.36,5.54,50.21,2.28,4.67,31.15,1.68,7.39
dic-23,46.8,-0.27,3.96,51.88,-0.03,3.99,57.22,-0.8,1.76,43.81,-0.05,4.3,49.99,-0.21,2.97,31.22,0.07,6.71
ene-24,47.15,0.35,2.82,51.56,-0.32,2.7,58.54,1.31,1.64,43.67,-0.14,3.39,50.79,0.8,2.48,30.87,-0.35,3.94
feb-24,47.2,0.05,2.36,52.33,0.77,3.21,58.3,-0.23,2.11,44.05,0.38,2.53,50.08,-0.71,1.47,31.76,0.89,2.66
mar-24,47.46,0.26,2.86,52.75,0.42,3.83,59.07,0.77,3.02,44.15,0.1,2.54,50.26,0.17,1.21,30.99,-0.76,3.71
abr-24,47.68,0.21,3.28,52.84,0.09,3.98,58.17,-0.9,1.76,44.53,0.38,3.5,50.35,0.09,1.36,32.4,1.41,5.69
may-24,46.82,-0.85,1.97,52.56,-0.28,3.46,57.8,-0.37,1.21,42.33,-2.21,0.48,49.94,-0.4,0.89,31.13,-1.27,3.73
jun-24,47.71,0.89,2.27,52.48,-0.09,2.75,58.67,0.88,2.46,44.32,2.0,0.81,52.66,2.71,3.63,30.45,-0.67,1.58
jul-24,47.06,-0.65,0.62,52.1,-0.37,1.51,58.5,-0.18,0.13,43.79,-0.53,0.48,51.29,-1.37,1.43,29.86,-0.59,-0.39
ago-24,47.23,0.17,0.7,51.97,-0.14,0.88,58.6,0.1,0.91,44.54,0.75,0.72,50.81,-0.47,0.53,30.67,0.8,0.5
sep-24,46.77,-0.46,0.09,51.84,-0.13,0.61,57.08,-1.52,-0.11,43.9,-0.64,-0.62,50.26,-0.55,0.46,30.37,-0.29,-0.01
oct-24,49.02,2.26,3.25,52.19,0.35,1.08,60.28,3.2,3.49,45.98,2.08,2.48,55.19,4.93,7.26,31.26,0.88,1.78
nov-24,47.55,-1.47,0.49,51.8,-0.39,-0.11,58.43,-1.85,0.41,44.44,-1.54,0.57,51.81,-3.38,1.61,31.25,-0.01,0.1
dic-24,47.01,-0.55,0.21,51.34,-0.46,-0.54,58.53,0.1,1.31,43.58,-0.85,-0.23,51.41,-0.4,1.42,30.27,-0.98,-0.94
ene-25,46.82,-0.18,-0.33,51.66,0.32,0.09,58.15,-0.38,-0.39,43.45,-0.13,-0.22,50.56,-0.84,-0.23,30.08,-0.19,-0.78
feb-25,46.44,-0.38,-0.76,51.62,-0.04,-0.71,58.2,0.05,-0.1,42.44,-1.01,-1.61,49.75,-0.82,-0.34,30.74,0.66,-1.01
mar-25,46.18,-0.25,-1.28,51.51,-0.11,-1.24,57.36,-0.84,-1.71,42.14,-0.3,-2.01,48.63,-1.11,-1.63,31.21,0.47,0.22
abr-25,45.52,-0.67,-2.16,51.28,-0.23,-1.56,56.95,-0.41,-1.22,41.64,-0.5,-2.89,47.65,-0.99,-2.7,29.97,-1.24,-2.43
may-25,46.6,1.09,-0.22,52.08,0.79,-0.49,57.51,0.55,-0.29,42.05,0.41,-0.28,48.83,1.19,-1.11,32.11,2.13,0.98
jun-25,45.52,-1.09,-2.2,51.68,-0.39,-0.79,57.79,0.28,-0.88,40.78,-1.27,-3.54,47.88,-0.96,-4.78,29.49,-2.62,-0.97
jul-25,45.89,0.37,-1.17,51.76,0.08,-0.34,57.6,-0.19,-0.9,40.79,0.01,-2.99,47.38,-0.5,-3.9,32.02,2.53,2.15
ago-25,46.5,0.62,-0.72,51.68,-0.08,-0.29,58.39,0.79,-0.21,41.27,0.48,-3.27,48.22,0.84,-2.59,33.41,1.39,2.74
sep-25,46.18,-0.33,-0.59,51.86,0.18,0.02,58.3,-0.09,1.22,40.94,-0.33,-2.96,47.21,-1.01,-3.05,32.11,-1.3,1.74
oct-25,45.73,-0.44,-3.29,52.11,0.25,-0.08,58.23,-0.08,-2.06,40.49,-0.46,-5.49,46.36,-0.86,-8.83,31.47,-0.64,0.21
nov-25,44.03,-1.7,-3.52,51.05,-1.06,-0.75,57.21,-1.02,-1.22,37.8,-2.69,-6.64,43.61,-2.75,-8.2,30.62,-0.85,-0.63
dic-25,44.61,0.58,-2.4,51.22,0.17,-0.11,57.28,0.07,-1.25,39.31,1.52,-4.27,44.52,0.91,-6.89,30.78,0.16,0.51
ene-26,44.1,-0.51,-2.72,50.33,-0.9,-1.33,56.7,-0.58,-1.44,38.84,-0.48,-4.61,44.15,-0.37,-6.41,30.42,-0.37,0.33
feb-26,44.44,0.34,-1.99,50.77,0.44,-0.85,56.38,-0.33,-1.82,39.99,1.15,-2.45,45.12,0.97,-4.62,30.39,-0.03,-0.35
mar-26,44.2,-0.24,-1.98,50.98,0.21,-0.53,56.84,0.47,-0.52,38.82,-1.17,-3.32,45.13,0.0,-3.51,29.2,-1.19,-2.02
abr-26,44.43,0.22,-1.09,50.95,-0.02,-0.33,57.76,0.92,0.81,38.51,-0.31,-3.13,45.27,0.15,-2.37,29.57,0.38,-0.4
