Periodo,Total_Mensual,Total_Anual,Origen_nacional_Mensual,Origen_nacional_Anual,Origen_importado_Mensual,Origen_importado_Anual,Duraderos_nacional_Anual,Semi_duraderos_nacional_Anual,No_duraderos_nacional_Anual,Servicios_nacional_Anual,Duraderos_importado_Anual,Semi_duraderos_importado_Anual,No_duraderos_importado_Anual
feb-93,1.4,,1.59,,-1.23,,,,,,,,
mar-93,0.97,,0.98,,5.32,,,,,,,,
abr-93,-1.04,,-1.39,,2.08,,,,,,,,
may-93,1.43,,2.11,,-5.69,,,,,,,,
jun-93,-0.73,,-1.5,,13.9,,,,,,,,
jul-93,-0.1,,-0.2,,4.71,,,,,,,,
ago-93,-0.48,,-0.03,,-7.04,,,,,,,,
sep-93,0.86,,0.99,,2.37,,,,,,,,
oct-93,0.12,,-0.24,,1.46,,,,,,,,
nov-93,-0.5,,-0.42,,0.84,,,,,,,,
dic-93,4.72,,4.62,,2.29,,,,,,,,
ene-94,-2.69,3.86,-2.94,3.4,2.58,22.02,5.18,1.63,1.95,4.7,33.62,26.14,16.83
feb-94,0.64,3.08,0.29,2.08,7.19,32.42,-0.89,-4.51,1.54,4.2,65.85,20.64,28.45
mar-94,0.3,2.39,0.36,1.46,-0.84,24.67,-5.41,-4.26,-0.63,3.84,76.9,16.28,8.18
abr-94,1.83,5.37,1.95,4.9,-0.35,21.71,5.22,7.26,6.57,3.92,89.98,29.17,-0.94
may-94,0.41,4.31,0.25,2.99,12.74,45.5,-0.64,8.2,1.75,4.16,126.34,49.33,28.36
jun-94,0.75,5.86,0.47,5.06,0.25,28.07,5.27,6.03,5.58,4.1,45.88,44.49,10.67
jul-94,0.45,6.44,0.66,5.97,-3.43,18.1,-3.12,3.47,6.36,5.3,48.24,33.25,-4.97
ago-94,0.47,7.45,0.65,6.69,5.11,33.54,1.62,7.63,10.69,5.63,45.73,71.04,20.13
sep-94,0.05,6.58,0.22,5.88,-2.48,27.21,13.62,0.42,6.84,5.4,66.36,20.83,20.79
oct-94,0.39,6.87,-0.08,6.04,4.59,31.13,4.44,-2.67,7.85,5.43,62.36,24.51,24.36
nov-94,0.63,8.08,0.38,6.9,4.2,35.5,4.76,11.93,7.75,6.09,53.59,25.9,31.42
dic-94,-1.25,1.92,-0.95,1.21,-5.75,24.85,5.75,-3.11,-4.36,6.37,39.71,9.22,22.13
ene-95,-4.6,-0.07,-1.79,2.4,-38.26,-24.85,12.6,-1.96,5.7,0.23,-5.18,-20.22,-29.92
feb-95,-1.13,-1.84,-0.97,1.12,-7.31,-35.02,-3.3,-3.63,4.21,-0.26,-34.13,-32.39,-37.12
mar-95,-1.16,-3.26,-0.99,-0.24,0.07,-34.42,-2.26,-7.89,4.36,-1.09,-49.66,-20.93,-33.0
abr-95,-1.0,-5.95,-1.68,-3.8,7.23,-29.43,-27.06,-24.42,-0.09,-5.17,-58.31,-26.29,-23.67
may-95,-0.99,-7.26,-0.49,-4.51,-0.79,-37.9,-14.3,-19.36,2.64,-5.72,-57.69,-22.35,-30.3
jun-95,0.75,-7.25,0.64,-4.35,0.88,-37.51,-22.91,-19.71,2.12,-5.98,-52.17,-27.96,-37.52
jul-95,0.04,-7.63,-0.28,-5.25,2.34,-33.77,-21.73,-14.65,-1.25,-6.21,-59.35,-30.56,-26.44
ago-95,0.32,-7.76,0.12,-5.74,15.43,-27.27,-22.1,-8.88,-2.17,-6.71,-48.44,-38.11,-12.64
sep-95,0.09,-7.73,0.36,-5.62,-13.6,-35.56,-23.16,-7.92,-2.42,-7.01,-57.78,-24.39,-31.28
oct-95,-0.46,-8.51,0.01,-5.53,0.31,-38.2,-4.1,-4.75,-4.54,-5.64,-52.59,-29.06,-30.94
nov-95,0.68,-8.47,0.84,-5.1,-1.24,-41.42,-11.88,-8.26,-2.82,-5.93,-54.12,-37.88,-38.41
dic-95,1.92,-5.54,1.49,-2.75,11.46,-30.73,-14.14,1.62,-0.18,-6.86,-36.55,-30.42,-32.53
ene-96,-0.46,-1.44,-0.37,-1.35,2.13,14.59,-11.78,5.94,2.01,-2.81,-13.2,6.85,35.67
feb-96,-0.35,-0.66,-0.42,-0.8,3.37,27.78,7.23,8.37,1.42,-2.63,39.41,24.83,35.04
mar-96,1.97,2.49,1.74,1.94,2.76,31.21,1.42,11.34,2.09,-2.47,41.35,0.58,34.91
abr-96,-1.49,1.98,-1.44,2.19,-2.98,18.71,24.38,22.1,1.96,-0.49,93.08,18.02,19.69
may-96,0.82,3.84,0.7,3.41,1.58,21.55,19.16,28.53,2.8,-0.34,39.31,18.85,11.37
jun-96,0.37,3.44,0.4,3.16,-8.17,10.64,23.94,26.85,-1.56,-0.24,-5.95,7.08,2.19
jul-96,0.73,4.15,0.84,4.32,5.23,13.77,28.84,28.83,6.97,-0.06,38.76,30.01,13.57
ago-96,0.25,4.08,-0.02,4.17,7.89,6.34,29.25,19.41,2.84,0.9,16.12,10.89,-7.23
sep-96,0.94,4.96,0.24,4.05,7.59,32.42,14.88,12.34,3.05,0.33,53.15,27.86,31.67
oct-96,0.94,6.45,1.22,5.31,-0.22,31.72,25.67,13.8,8.18,2.17,60.77,37.29,27.51
nov-96,0.39,6.14,0.66,5.12,-6.96,24.08,21.29,8.59,5.29,2.59,40.68,27.37,11.34
dic-96,0.68,4.85,0.57,4.16,5.85,17.83,9.76,9.41,3.24,2.43,3.42,37.54,28.2
ene-97,0.02,5.36,0.21,4.77,1.54,17.15,15.67,12.94,2.4,4.25,13.25,29.57,4.46
feb-97,1.89,7.73,1.67,6.97,7.29,21.59,13.46,11.72,4.47,5.65,7.08,32.94,10.47
mar-97,-0.72,4.89,-0.81,4.29,-0.37,17.9,10.78,2.29,-2.45,5.54,19.28,32.3,1.33
abr-97,2.03,8.64,1.64,7.55,7.36,30.46,29.81,24.82,8.11,7.14,25.95,42.44,40.18
may-97,0.21,7.98,0.12,6.93,-1.3,26.77,24.01,8.44,4.25,7.54,19.77,24.35,25.77
jun-97,1.42,9.12,1.06,7.63,9.05,50.54,27.24,14.46,5.43,7.04,105.65,39.99,50.26
jul-97,-0.32,7.98,-0.42,6.28,1.22,44.81,29.55,14.05,2.16,7.44,72.48,39.97,37.36
ago-97,1.0,8.79,0.94,7.3,-0.7,33.27,21.3,7.61,3.95,7.92,49.11,24.75,20.68
sep-97,0.36,8.17,0.29,7.35,2.87,27.42,28.02,15.93,5.97,7.12,63.0,36.41,22.78
oct-97,1.03,8.26,1.16,7.28,-0.88,26.58,22.19,14.03,6.12,6.52,40.27,20.35,20.73
nov-97,1.01,8.93,0.47,7.08,7.69,46.51,17.01,9.34,3.74,5.72,91.1,26.7,29.68
dic-97,-0.47,7.69,-0.18,6.28,-0.21,38.13,25.41,8.77,5.56,5.13,122.15,32.3,26.81
ene-98,1.25,9.01,0.85,6.97,2.61,39.58,17.66,5.92,6.69,4.95,96.67,22.25,20.33
feb-98,1.29,8.37,1.42,6.7,-2.57,26.76,20.47,13.67,6.91,3.89,56.44,17.74,17.83
mar-98,1.68,10.99,1.39,9.06,5.6,34.35,37.25,24.98,14.58,4.52,86.24,38.62,41.5
abr-98,-1.17,7.51,-0.72,6.53,-4.3,19.76,5.92,3.01,5.07,2.6,28.96,5.96,4.63
may-98,1.02,8.37,0.89,7.35,1.46,23.11,12.32,9.2,9.82,2.81,47.37,9.86,10.58
jun-98,-0.56,6.26,-0.43,5.78,-1.09,11.66,10.63,8.45,10.35,2.41,51.83,18.05,5.48
jul-98,0.04,6.64,0.3,6.55,0.36,10.71,6.13,4.54,11.96,3.05,52.81,2.1,0.29
ago-98,0.62,6.24,0.6,6.19,-0.68,10.74,10.01,7.42,8.37,3.18,34.67,11.94,1.0
sep-98,-0.2,5.64,-0.11,5.76,-1.43,6.12,0.5,10.86,8.34,3.43,1.97,7.64,2.97
oct-98,0.45,5.02,0.34,4.91,3.9,11.23,4.24,5.51,7.04,2.0,23.26,5.07,5.41
nov-98,0.0,3.98,0.39,4.82,-3.83,-0.66,-4.22,6.16,7.44,2.66,-17.67,5.9,16.57
dic-98,0.52,5.02,0.35,5.38,1.41,0.95,-4.03,3.03,7.57,3.3,-7.87,-1.47,8.72
ene-99,-0.3,3.41,-0.2,4.28,-6.65,-8.15,-3.6,1.23,4.89,3.56,-26.84,-4.43,-10.02
feb-99,0.25,2.34,0.26,3.08,4.87,-1.14,-1.39,-2.07,2.79,4.88,-26.36,-2.75,12.56
mar-99,0.36,1.01,0.23,1.91,3.43,-3.17,-5.81,-2.18,2.79,5.44,-7.06,-1.34,3.93
abr-99,1.1,3.33,0.78,3.45,1.2,2.4,5.67,4.21,1.39,5.37,12.4,-2.44,-0.38
may-99,0.61,2.91,0.38,2.92,2.09,3.04,1.04,1.47,0.51,5.56,8.99,2.98,2.09
jun-99,0.0,3.49,-0.43,2.92,5.29,9.69,7.48,3.85,-0.62,6.46,5.75,-0.04,17.66
jul-99,1.39,4.89,1.55,4.2,-2.44,6.63,10.11,5.58,0.18,7.32,6.95,-3.37,8.81
ago-99,0.62,4.9,0.33,3.93,5.28,13.02,8.42,6.98,0.71,7.16,18.69,10.57,22.92
sep-99,0.64,5.78,0.78,4.86,0.23,14.92,13.54,3.66,1.94,7.19,28.33,-3.25,16.57
oct-99,0.02,5.34,-0.24,4.25,1.24,11.98,-2.89,-0.64,0.96,7.94,3.56,0.26,14.43
nov-99,0.68,6.05,0.54,4.41,7.15,24.76,5.72,6.94,1.97,7.66,74.62,16.82,22.23
dic-99,1.36,6.93,1.18,5.27,0.24,23.31,5.96,12.86,2.29,6.26,49.82,2.11,19.14
ene-00,1.74,9.12,1.66,7.23,2.31,35.14,15.46,13.38,5.06,7.06,73.98,0.44,39.49
feb-00,0.35,9.24,0.38,7.36,4.74,34.98,17.77,14.43,7.09,7.57,97.45,22.07,31.55
mar-00,0.11,8.96,0.03,7.15,-2.15,27.7,18.95,16.02,4.73,7.02,43.12,5.91,23.72
abr-00,0.72,8.54,0.23,6.56,7.02,35.04,9.17,3.39,3.47,6.85,42.81,6.92,26.99
may-00,0.94,8.9,0.94,7.16,4.86,38.7,17.02,14.49,8.35,6.62,72.8,21.26,54.47
jun-00,0.42,9.36,0.12,7.74,-1.07,30.33,18.15,14.01,7.37,6.04,60.79,4.36,27.51
jul-00,1.44,9.4,1.22,7.39,5.69,41.2,18.12,8.24,5.74,5.28,76.53,16.6,29.18
ago-00,-0.36,8.34,0.02,7.05,-4.82,27.65,22.92,11.9,8.41,5.18,29.64,17.84,42.45
sep-00,0.68,8.38,0.44,6.7,4.25,32.77,15.52,9.38,6.34,5.35,43.82,12.72,33.11
oct-00,1.12,9.57,0.92,7.94,2.14,33.95,28.26,13.28,7.8,4.87,66.45,21.66,39.57
nov-00,0.18,9.03,-0.24,7.1,6.2,32.77,22.31,5.39,7.5,4.8,54.17,0.75,30.86
dic-00,-0.8,6.71,-0.55,5.27,-5.63,24.99,3.14,-3.18,4.11,4.78,27.35,6.23,15.6
ene-01,0.45,5.35,0.24,3.8,7.52,31.36,13.02,3.37,4.5,5.08,44.5,26.79,46.07
feb-01,-0.28,4.69,-0.09,3.32,-1.0,24.16,2.04,-7.28,2.07,4.08,26.68,-3.48,18.18
mar-01,0.15,4.73,-0.02,3.26,-2.04,24.3,-2.73,-6.71,4.12,4.66,46.01,-0.84,14.87
abr-01,-0.32,3.65,0.05,3.07,-5.46,9.8,-1.98,-3.95,5.63,3.91,13.44,9.71,17.34
may-01,0.27,2.95,0.2,2.32,1.54,6.32,1.54,-6.03,3.24,3.38,11.29,-5.05,6.67
jun-01,1.86,4.43,1.35,3.58,3.85,11.6,-4.45,-10.05,7.41,3.45,6.12,-6.83,15.17
jul-01,-1.66,1.24,-1.15,1.15,-2.76,2.68,-8.37,-11.6,4.47,2.67,-0.84,3.61,14.57
ago-01,0.57,2.18,0.43,1.56,2.31,10.37,-6.09,-10.38,4.5,2.62,48.69,-6.27,3.34
sep-01,0.4,1.89,0.33,1.45,0.85,6.77,-5.67,-10.22,3.28,0.97,24.11,-10.18,-2.41
oct-01,-0.29,0.48,-0.3,0.22,-1.23,3.24,-5.3,-10.41,4.57,0.75,20.63,-0.94,2.98
nov-01,0.15,0.45,0.07,0.53,1.39,-1.44,-3.6,-6.22,2.9,0.31,6.61,-2.98,-5.67
dic-01,0.4,1.67,0.11,1.2,1.68,6.21,-1.11,-8.26,3.01,0.82,16.69,-6.61,7.51
ene-02,-0.33,0.88,-0.06,0.89,-3.86,-5.03,-7.13,-7.79,4.66,-0.47,14.8,-10.32,-15.11
feb-02,-1.17,-0.02,-0.83,0.15,0.38,-3.71,-0.88,-7.66,3.33,-1.2,4.11,-4.42,-12.55
mar-02,2.4,2.23,1.58,1.75,5.83,4.02,-2.57,-12.33,0.71,-1.1,-3.21,-2.24,-11.71
abr-02,0.44,3.01,0.63,2.34,3.05,13.38,22.5,8.31,9.99,-0.01,51.47,13.0,22.29
may-02,-0.18,2.56,-0.44,1.69,3.47,15.54,1.99,-1.22,4.37,-0.05,28.23,6.36,4.72
jun-02,0.37,1.06,0.27,0.61,-3.17,7.73,2.62,-2.14,-0.3,-0.5,22.61,-1.7,-8.46
jul-02,-0.55,2.19,0.17,1.96,-0.39,10.34,0.53,5.48,6.7,-1.17,26.7,7.57,11.25
ago-02,0.17,1.8,0.06,1.59,0.02,7.88,-1.63,0.67,3.54,-0.82,14.72,3.86,4.39
sep-02,0.06,1.46,-0.03,1.22,0.02,6.99,2.37,-2.1,3.73,-0.36,5.13,21.33,11.02
oct-02,0.45,2.21,0.37,1.9,1.34,9.78,3.78,2.39,2.04,0.71,15.24,6.26,6.6
nov-02,-1.0,1.04,-0.84,0.98,-1.58,6.57,5.49,-4.93,1.65,0.71,-2.7,2.03,10.06
dic-02,-0.15,0.48,0.01,0.88,-2.13,2.57,-3.83,-6.34,3.79,1.02,-1.79,9.64,14.02
ene-03,1.34,2.17,1.37,2.32,1.12,7.89,-3.62,-4.25,4.71,1.62,-2.9,-16.43,21.87
feb-03,0.06,3.45,0.94,4.14,-4.76,2.36,-0.65,0.93,7.09,2.42,-15.55,-12.0,18.22
mar-03,0.28,1.3,-0.26,2.25,0.87,-2.43,0.33,2.51,6.99,1.92,-17.02,-15.97,30.89
abr-03,0.51,1.37,0.05,1.67,4.34,-1.21,-14.16,-12.01,1.69,1.98,-21.8,-24.76,10.25
may-03,-0.28,1.27,0.3,2.42,-8.11,-12.26,-10.06,-5.26,5.07,2.2,-29.62,-25.69,2.23
jun-03,0.72,1.62,0.5,2.65,3.08,-6.59,-6.24,-5.3,6.33,1.75,-25.72,-18.36,19.67
jul-03,0.57,2.77,0.03,2.5,14.43,7.3,0.88,-5.38,3.99,2.21,-17.37,-20.97,35.91
ago-03,-1.04,1.53,-0.72,1.7,-7.09,-0.32,-5.31,-8.34,2.52,1.88,-13.38,-21.41,13.24
sep-03,0.29,1.76,0.43,2.17,-1.35,-1.69,-4.42,-0.21,5.44,2.17,-3.72,-15.36,19.21
oct-03,0.0,1.3,-0.05,1.74,1.71,-1.33,-6.73,-2.47,2.33,2.29,-14.22,-20.48,14.79
nov-03,0.37,2.7,0.51,3.13,-1.62,-1.37,-8.72,-3.63,4.19,3.16,-10.04,-27.34,7.41
dic-03,1.41,4.3,1.48,4.64,1.56,2.35,32.26,9.21,4.41,4.3,19.97,-19.84,7.4
ene-04,-1.75,1.12,-1.78,1.4,-5.33,-4.18,-7.54,3.45,-0.35,3.03,-25.64,-5.56,4.94
feb-04,1.27,2.34,1.02,1.47,9.24,9.91,-5.76,4.31,0.77,3.18,19.42,-2.43,10.77
mar-04,0.84,2.91,0.54,2.28,1.5,10.58,1.18,11.3,2.83,3.05,31.19,9.41,14.8
abr-04,-0.45,1.93,-0.3,1.92,-1.62,4.26,-0.25,3.34,1.02,2.87,14.85,-2.57,-3.3
may-04,0.02,2.24,-0.3,1.32,3.28,17.18,2.56,3.13,-1.98,2.15,36.41,-5.42,4.92
jun-04,0.07,1.58,0.12,0.93,-0.94,12.61,-2.21,9.07,0.34,2.89,42.4,2.06,9.15
jul-04,0.26,1.26,0.5,1.41,0.93,-0.67,0.81,4.18,-1.83,3.24,21.44,-10.79,-12.97
ago-04,0.59,2.92,0.13,2.27,3.54,10.69,5.49,8.16,0.04,3.7,47.09,5.66,5.34
sep-04,-0.18,2.44,-0.17,1.66,-1.04,11.04,6.18,4.11,-1.25,3.63,31.11,-10.32,3.78
oct-04,-0.15,2.28,0.04,1.76,-1.5,7.54,4.69,0.51,-2.82,3.34,16.33,-8.06,-7.23
nov-04,1.66,3.59,1.55,2.81,2.62,12.16,7.82,4.22,4.86,3.47,51.55,16.66,3.94
dic-04,-0.27,1.88,-0.43,0.88,1.84,12.47,-0.67,5.03,-1.19,3.07,17.88,2.94,5.7
ene-05,0.28,3.99,0.13,2.84,2.29,21.52,4.17,-1.91,1.22,2.94,53.26,8.51,6.59
feb-05,-0.81,1.85,-0.63,1.17,-1.74,9.31,3.15,0.05,-0.4,2.55,26.06,5.96,3.34
mar-05,-0.26,0.74,-0.35,0.28,-0.39,7.27,-6.17,-9.98,-4.74,3.01,14.95,-7.84,-7.74
abr-05,0.36,1.55,0.3,0.89,-0.0,9.04,8.67,4.81,2.39,1.98,23.83,-0.63,6.61
may-05,0.66,2.2,0.65,1.84,-0.12,5.45,3.91,-0.38,3.13,2.04,10.36,10.77,9.77
jun-05,-0.8,1.3,-1.07,0.63,2.67,9.3,4.35,-2.47,-0.27,1.41,19.06,3.27,1.25
jul-05,0.93,1.98,0.77,0.9,2.48,10.97,-3.39,-3.29,-0.17,0.47,7.39,11.07,5.52
ago-05,0.67,2.06,1.23,2.01,-5.98,0.78,7.21,1.0,5.16,1.18,-1.3,12.39,6.35
sep-05,0.94,3.21,0.91,3.12,2.46,4.34,9.09,0.56,4.63,1.29,4.66,18.6,2.61
oct-05,0.23,3.6,-0.2,2.86,1.83,7.86,6.96,0.51,4.58,0.7,10.65,7.02,6.29
nov-05,0.03,1.95,0.08,1.38,-1.19,3.86,3.52,6.16,2.35,0.09,-7.27,2.75,11.48
dic-05,0.63,2.87,0.21,2.03,4.21,6.28,8.41,3.8,0.56,0.75,11.19,2.3,-3.56
ene-06,1.22,3.83,1.19,3.11,2.18,6.17,9.25,8.88,4.6,1.23,34.21,8.37,0.57
feb-06,-0.26,4.4,-0.16,3.59,-1.92,5.98,7.39,7.64,4.89,1.58,25.16,2.99,-3.06
mar-06,-0.11,4.56,0.17,4.13,-2.28,3.97,19.48,17.35,7.45,2.37,12.44,11.62,5.87
abr-06,1.09,5.32,0.93,4.78,3.46,7.57,-4.2,-2.74,0.42,3.46,0.56,-6.89,-7.8
may-06,0.25,4.9,0.21,4.32,2.58,10.48,6.01,9.47,5.85,3.96,25.88,10.86,6.9
jun-06,0.49,6.27,0.61,6.09,-1.39,6.11,12.7,10.06,7.0,3.92,5.42,10.15,6.46
jul-06,-0.04,5.25,-0.21,5.06,1.55,5.14,7.38,8.95,4.11,4.07,29.29,-0.68,-5.05
ago-06,0.17,4.73,-0.04,3.74,2.49,14.61,5.34,5.91,2.97,4.58,39.43,0.64,2.55
sep-06,0.3,4.06,0.2,3.02,2.69,14.87,5.27,-0.17,1.1,4.4,29.56,6.93,1.37
oct-06,0.16,4.0,-0.07,3.15,0.8,13.71,6.69,0.08,3.2,4.93,34.39,17.26,4.62
nov-06,0.07,4.04,-0.07,3.0,1.41,16.7,2.59,0.72,1.26,5.45,36.53,4.65,-1.21
dic-06,-0.32,3.05,0.27,3.07,-6.11,5.14,-6.82,-4.2,1.6,4.62,2.0,3.51,-3.46
ene-07,-0.85,0.94,-0.62,1.22,-2.47,0.35,1.41,0.35,-0.01,5.06,3.94,17.06,4.3
feb-07,0.46,1.68,0.29,1.68,2.53,4.9,-2.3,-2.01,0.3,4.41,3.39,2.79,8.63
mar-07,0.73,2.53,0.45,1.97,3.45,11.04,-1.85,-2.66,0.22,4.23,16.02,7.94,3.92
abr-07,-0.18,1.24,-0.3,0.73,1.03,8.44,-5.4,1.13,-1.65,3.57,15.69,9.61,8.32
may-07,0.15,1.14,0.27,0.78,-1.3,4.33,-5.01,2.13,-1.22,3.27,8.09,-2.8,2.56
jun-07,0.78,1.43,0.55,0.73,3.75,9.78,-6.44,-0.17,-1.39,3.34,12.81,5.79,0.53
jul-07,-1.38,0.08,-0.56,0.38,-9.46,-2.12,-6.54,1.91,-1.17,3.5,-3.2,21.62,0.9
ago-07,1.02,0.93,0.49,0.91,7.06,2.24,-1.55,7.64,-1.47,3.13,-12.63,12.99,10.92
sep-07,-0.13,0.5,-0.18,0.52,0.8,0.35,-8.71,1.84,-3.31,2.55,-12.86,4.98,0.79
oct-07,0.65,0.98,0.91,1.5,-3.48,-3.91,-0.05,6.52,1.74,3.39,-17.41,10.32,12.29
nov-07,-0.25,0.66,-0.61,0.95,2.51,-2.86,-1.81,4.95,-0.78,3.25,-16.02,6.57,8.85
dic-07,-0.86,0.12,-0.92,-0.25,-0.22,3.22,-2.85,1.69,-3.64,2.63,-2.52,2.04,9.22
ene-08,1.32,2.31,1.36,1.74,1.87,7.82,2.04,2.3,2.32,1.01,8.79,19.83,5.68
feb-08,0.85,2.71,0.75,2.21,1.75,7.0,3.48,4.92,4.57,2.4,4.96,24.69,16.31
mar-08,-0.54,1.42,-0.61,1.13,0.2,3.64,-8.44,-11.18,-3.3,1.29,-13.65,-4.96,2.1
abr-08,0.44,2.05,1.1,2.55,-4.65,-2.19,23.63,7.44,8.64,1.26,-14.86,31.66,20.06
may-08,0.44,2.34,0.22,2.51,3.65,2.71,8.22,-5.37,2.97,1.78,-19.71,11.64,12.34
jun-08,0.44,2.0,0.58,2.53,-1.16,-2.15,5.28,-4.37,1.53,2.17,-18.5,9.05,5.67
jul-08,0.12,3.55,-0.49,2.6,6.12,14.68,9.92,-4.13,6.51,1.84,9.51,22.64,23.63
ago-08,-1.22,1.25,-0.77,1.31,-6.17,0.51,-4.64,-14.59,1.88,1.98,-10.2,6.19,-5.25
sep-08,-0.63,0.75,-0.42,1.07,-2.35,-2.63,-2.07,-7.09,4.03,2.32,0.08,20.96,4.59
oct-08,-1.25,-1.15,-0.73,-0.57,-5.51,-4.68,-4.8,-3.51,-0.91,1.19,-1.71,0.17,-12.49
nov-08,-0.89,-1.79,-0.33,-0.3,-8.23,-14.67,-12.65,-15.25,0.2,1.16,-22.46,-11.25,-22.26
dic-08,-3.29,-4.2,-3.26,-2.66,-2.28,-16.43,-17.06,-17.59,1.13,1.75,-10.03,3.97,-14.42
ene-09,-2.69,-7.99,-1.66,-5.55,-9.55,-25.79,-24.05,-30.92,-7.86,2.85,-47.71,-14.99,-15.73
feb-09,0.26,-8.53,0.34,-5.94,0.11,-26.99,-23.75,-27.7,-11.13,2.25,-44.57,-12.04,-24.48
mar-09,0.03,-8.01,0.13,-5.25,-1.0,-27.86,-25.86,-10.15,-4.8,2.78,-31.54,-3.85,-15.97
abr-09,-0.54,-8.91,-1.11,-7.32,3.14,-21.97,-35.59,-31.09,-12.21,-0.35,-38.48,-20.24,-23.41
may-09,-3.46,-12.44,-3.64,-10.89,-5.38,-28.77,-36.82,-30.63,-13.76,-4.14,-40.11,-24.65,-27.81
jun-09,3.22,-10.02,3.34,-8.44,5.1,-24.25,-31.75,-27.18,-9.66,0.28,-35.82,-15.07,-12.84
jul-09,1.25,-9.01,1.39,-6.72,1.06,-27.87,-31.36,-17.82,-10.75,2.41,-39.85,-21.66,-23.38
ago-09,1.01,-6.96,0.69,-5.34,3.59,-20.37,-28.93,-19.22,-8.27,2.1,-22.69,-17.4,-17.84
sep-09,-0.3,-6.65,-0.29,-5.21,-0.71,-19.03,-27.65,-12.98,-7.34,1.0,-29.02,-18.47,-13.35
oct-09,1.07,-4.46,0.91,-3.64,2.25,-12.38,-19.45,-11.61,-5.86,1.45,-22.69,-17.07,-4.92
nov-09,1.09,-2.56,0.8,-2.54,2.3,-2.32,-8.01,1.63,-3.58,-0.03,-3.95,-2.15,6.22
dic-09,0.6,1.35,0.53,1.28,1.77,1.73,-5.61,11.5,5.05,-1.53,-12.77,5.62,9.74
ene-10,-1.18,2.93,-1.28,1.67,3.86,16.81,0.21,26.45,1.62,-2.7,34.22,-0.8,7.58
feb-10,0.31,2.98,0.23,1.56,0.28,17.01,3.71,18.3,5.56,-4.33,33.09,-0.42,13.92
mar-10,0.8,3.77,0.94,2.38,-0.65,17.42,39.83,20.29,5.57,-3.79,33.56,21.69,13.61
abr-10,0.79,5.16,0.84,4.41,-2.62,10.86,35.01,25.46,7.54,-3.45,44.26,2.47,-1.39
may-10,0.51,9.48,0.13,8.5,5.47,23.58,38.72,29.97,11.32,-0.76,56.01,21.69,8.48
jun-10,0.1,6.18,0.45,5.46,-5.13,11.55,32.72,31.2,10.45,-4.53,37.76,20.73,-8.1
jul-10,-0.09,4.77,-0.07,3.95,1.05,11.55,28.2,20.71,9.63,-6.05,20.36,12.06,3.06
ago-10,0.03,3.76,0.03,3.27,0.74,8.49,34.76,23.1,9.69,-6.96,18.31,24.07,6.02
sep-10,1.32,5.44,1.26,4.86,2.43,11.92,47.89,14.25,10.45,-6.0,27.64,13.92,0.04
oct-10,-0.12,4.21,-0.59,3.3,1.65,11.27,30.53,15.67,5.54,-4.84,15.37,22.09,-2.99
nov-10,0.91,4.02,1.08,3.59,-2.05,6.54,29.02,18.17,9.32,-3.49,18.2,26.88,2.24
dic-10,0.33,3.74,0.55,3.6,-2.0,2.59,34.83,15.94,5.34,-2.41,3.06,10.25,-6.83
ene-11,1.66,6.72,1.37,6.38,4.75,3.47,30.93,26.37,9.93,-2.27,15.0,16.18,-5.25
feb-11,-0.19,6.19,-0.26,5.87,-0.94,2.22,29.69,18.04,8.75,-1.14,6.02,15.81,-7.09
mar-11,-0.28,5.05,-0.36,4.5,1.01,3.93,11.05,18.0,6.18,-0.31,-2.01,5.69,4.91
abr-11,-0.07,4.16,0.01,3.64,0.31,7.06,11.35,5.71,3.63,1.11,7.59,15.37,1.12
may-11,0.6,4.25,0.41,3.92,3.36,4.92,14.03,18.33,2.66,1.81,3.38,19.31,12.18
jun-11,0.1,4.25,0.15,3.62,-1.21,9.25,13.96,15.17,1.16,2.68,0.8,9.86,10.97
jul-11,0.61,4.98,0.67,4.38,0.65,8.82,5.07,12.69,1.35,4.17,14.43,6.08,-1.09
ago-11,0.43,5.41,0.57,4.95,-0.27,7.73,5.85,16.37,5.05,5.39,22.11,11.74,4.92
sep-11,0.32,4.37,0.52,4.18,-0.08,5.08,-5.56,10.53,2.25,6.26,6.23,11.01,5.05
oct-11,0.25,4.75,0.39,5.21,-0.49,2.87,2.12,10.91,3.76,6.43,10.21,1.5,-0.38
nov-11,-0.87,2.9,-0.89,3.17,-1.31,3.64,0.67,11.33,2.06,4.72,5.97,3.39,-2.22
dic-11,1.3,3.91,1.1,3.73,4.48,10.5,5.54,9.02,-1.25,6.64,13.74,7.9,-0.69
ene-12,-1.54,0.64,-1.8,0.49,-0.28,5.19,-8.52,7.1,-3.5,5.7,8.42,17.31,6.91
feb-12,0.09,0.93,0.23,0.98,-1.92,4.15,-8.07,7.84,-1.38,5.84,11.58,15.11,0.1
mar-12,1.15,2.38,1.06,2.42,1.99,5.15,-0.04,9.65,-1.51,4.64,15.19,0.14,-8.71
abr-12,0.39,2.84,0.33,2.75,3.02,7.99,-4.55,16.4,-1.54,3.22,16.77,10.53,2.26
may-12,-1.04,1.17,-0.68,1.63,-5.61,-1.38,1.63,8.48,0.37,3.47,9.41,8.21,-4.75
jun-12,1.47,2.55,1.47,2.96,2.31,2.13,-1.29,7.14,1.63,3.67,11.64,2.7,-8.83
jul-12,0.26,2.2,0.0,2.28,1.57,3.07,4.91,9.07,0.27,3.25,20.44,10.93,-0.82
ago-12,0.71,2.49,0.39,2.1,3.56,7.02,8.28,3.04,0.54,3.49,6.37,7.93,2.95
sep-12,0.33,2.5,0.38,1.96,0.67,7.82,5.29,5.31,-3.24,2.47,-0.88,6.02,0.2
oct-12,0.17,2.42,-0.07,1.5,0.29,8.66,2.4,4.79,3.2,2.61,15.94,27.0,16.54
nov-12,0.99,4.34,0.3,2.71,8.24,19.18,7.72,3.42,1.32,4.39,29.43,7.92,9.21
dic-12,-2.05,0.89,-2.15,-0.59,-1.9,11.9,-9.69,-6.26,-4.19,1.38,16.09,-1.24,0.44
ene-13,1.43,3.93,1.47,2.71,0.76,13.07,14.69,8.85,4.53,2.11,34.13,0.41,8.45
feb-13,0.58,4.44,0.53,3.02,1.38,16.87,9.93,8.94,0.06,1.53,25.42,-2.74,6.83
mar-13,-0.26,2.98,-0.29,1.65,-0.14,14.43,-6.87,-7.85,-3.84,2.84,12.43,-5.34,-2.95
abr-13,-0.16,2.41,-0.2,1.1,0.32,11.44,3.98,10.16,5.36,1.82,36.74,4.57,25.38
may-13,0.81,4.33,0.83,2.64,1.26,19.55,1.34,3.33,2.03,3.34,31.15,-5.64,18.16
jun-13,-0.3,2.51,-0.3,0.85,-0.43,16.34,-2.89,-0.77,-1.99,2.17,16.55,-8.17,18.45
jul-13,0.39,2.64,0.31,1.16,1.44,16.19,-0.84,2.0,2.07,2.88,24.89,-0.99,29.06
ago-13,0.12,2.03,0.44,1.21,-3.73,8.02,-7.06,3.87,-0.49,2.53,7.89,-7.81,11.22
sep-13,-0.51,1.18,-0.91,-0.09,3.96,11.55,-4.93,0.41,-2.68,2.6,34.6,-1.97,9.94
oct-13,0.37,1.38,0.6,0.58,-1.42,9.65,0.69,4.29,-1.88,2.56,19.45,-0.52,7.49
nov-13,-0.21,0.18,0.19,0.47,-2.11,-0.84,-0.54,0.23,-1.79,2.45,-8.17,-8.56,2.12
dic-13,1.17,3.47,1.01,3.71,0.97,2.05,4.49,-2.39,4.78,3.96,-2.25,8.82,11.42
ene-14,-0.78,1.22,-0.81,1.39,-0.49,0.79,1.99,1.48,2.45,2.26,-11.7,13.48,2.3
feb-14,0.41,1.05,0.16,1.01,3.83,3.22,0.43,2.96,-0.56,2.55,-11.05,11.02,11.64
mar-14,0.39,1.71,0.26,1.57,1.89,5.32,10.3,10.6,1.83,2.86,0.32,17.18,22.47
abr-14,0.99,2.88,0.9,2.69,0.89,5.92,2.02,2.12,-2.29,2.8,-5.59,6.16,-0.38
may-14,-0.24,1.81,-0.26,1.59,1.32,5.98,-0.26,5.71,0.27,1.08,0.19,12.27,3.68
jun-14,0.1,2.22,0.27,2.17,-1.72,4.61,5.28,7.92,0.94,2.52,9.32,12.69,8.32
jul-14,0.33,2.16,0.25,2.1,-0.06,3.06,12.53,3.27,1.41,1.97,-3.95,17.61,3.33
ago-14,-0.3,1.73,-0.22,1.43,0.37,7.45,9.36,-1.48,-1.17,1.39,2.22,13.17,1.44
sep-14,0.07,2.31,0.5,2.87,-3.97,-0.74,7.93,6.85,4.34,1.4,-4.97,14.4,10.06
oct-14,0.38,2.33,0.26,2.52,2.43,3.13,10.32,9.82,0.46,2.14,1.6,3.84,3.77
nov-14,0.62,3.18,0.7,3.04,1.28,6.72,10.13,9.56,-0.84,1.91,-1.87,11.37,2.12
dic-14,-0.25,1.73,-0.12,1.89,-3.08,2.44,16.9,16.32,0.62,1.06,3.96,9.71,4.26
ene-15,0.39,2.92,0.46,3.2,2.06,5.06,12.96,-1.23,5.17,2.48,8.83,0.77,-3.55
feb-15,0.11,2.62,0.42,3.46,-2.08,-0.92,15.52,1.13,3.43,3.01,7.21,-1.44,-6.63
mar-15,0.18,2.4,0.32,3.52,-0.22,-2.97,7.77,4.84,3.88,3.13,0.35,9.7,-1.74
abr-15,0.27,1.67,0.05,2.64,2.81,-1.13,4.89,1.59,1.23,3.1,-3.14,2.83,-5.73
may-15,0.34,2.26,-0.05,2.85,5.03,2.5,8.81,-1.4,0.19,3.39,1.17,3.0,-6.1
jun-15,0.12,2.27,-0.09,2.48,1.25,5.59,13.69,1.11,2.14,4.29,14.93,19.17,7.64
jul-15,0.2,2.14,0.58,2.82,-1.58,3.99,8.35,-0.24,2.02,4.08,4.3,8.64,-1.07
ago-15,0.52,2.99,0.38,3.44,1.54,5.21,6.53,3.41,1.28,4.41,12.78,6.23,2.26
sep-15,0.82,3.76,0.87,3.82,-0.07,9.48,6.53,1.13,3.36,4.28,14.74,8.96,4.04
oct-15,0.34,3.72,0.19,3.75,2.87,9.95,4.8,-1.24,2.51,4.87,12.4,4.05,3.5
nov-15,-0.15,2.93,-0.17,2.86,1.08,9.72,4.05,0.81,0.98,4.69,18.78,5.66,9.21
dic-15,-0.72,2.45,-0.28,2.69,-4.63,7.97,0.53,4.28,0.31,5.05,11.0,7.4,3.88
ene-16,1.27,3.35,1.34,3.58,0.11,5.91,1.27,0.71,4.13,3.87,5.74,2.58,-3.07
feb-16,-0.77,2.44,-0.54,2.6,-0.52,7.6,4.6,4.22,2.42,4.82,14.89,23.94,6.92
mar-16,0.19,2.45,0.01,2.29,1.04,8.95,7.48,-6.27,-0.41,2.97,12.65,7.4,0.69
abr-16,-0.57,1.59,-0.5,1.73,1.27,7.32,13.65,1.71,3.66,2.88,4.48,4.02,18.95
may-16,0.22,1.47,0.58,2.38,-2.82,-0.7,5.52,-2.12,1.79,3.26,5.77,0.61,3.22
jun-16,0.52,1.88,0.56,3.04,1.16,-0.79,6.56,2.88,2.55,3.53,-4.1,2.9,-4.13
jul-16,0.16,1.83,0.03,2.48,1.83,2.65,0.86,1.15,-0.67,3.48,-2.62,-9.85,-2.07
ago-16,0.17,1.47,-0.06,2.02,-2.61,-1.55,7.62,8.42,2.05,3.38,4.42,5.46,11.17
sep-16,0.15,0.8,0.08,1.22,3.73,2.2,11.6,-2.03,-1.76,3.27,-0.87,-2.81,7.6
oct-16,0.2,0.66,0.45,1.49,-0.19,-0.84,2.8,-4.56,-2.03,2.88,-10.71,-5.56,-0.18
nov-16,-0.15,0.67,0.0,1.67,-2.48,-4.33,1.04,3.61,2.01,3.17,-11.12,3.74,8.44
dic-16,1.9,3.32,2.12,4.11,2.25,2.57,13.3,3.89,1.63,4.07,-14.35,3.68,12.19
ene-17,-1.25,0.74,-1.34,1.36,-0.79,1.66,0.1,5.83,-1.52,4.85,-5.97,6.34,20.69
feb-17,0.75,2.29,0.13,2.05,6.21,8.53,-1.56,3.48,-1.57,3.53,-0.23,-3.53,11.96
mar-17,-0.13,1.97,-0.25,1.78,0.09,7.51,9.71,14.11,0.96,4.48,14.27,-1.75,19.21
abr-17,0.24,2.79,0.28,2.58,-1.05,5.05,-6.77,-4.73,-5.69,5.15,-0.53,-6.25,-10.36
may-17,-0.17,2.4,-0.5,1.48,1.29,9.49,-2.14,9.48,-1.42,5.41,8.31,14.82,16.69
jun-17,0.2,2.07,-0.05,0.86,2.4,10.83,-5.33,0.6,-1.01,4.14,16.59,5.1,9.23
jul-17,-0.21,1.7,-0.09,0.74,-1.13,7.61,-5.4,-2.23,-2.02,4.11,6.22,8.56,10.66
ago-17,1.97,3.53,0.68,1.49,5.56,16.63,-7.09,3.1,0.06,4.18,1.87,4.23,34.46
sep-17,-2.08,1.22,-1.2,0.19,-3.54,8.46,-11.27,1.3,-1.14,2.19,0.57,3.67,11.88
oct-17,0.9,1.92,1.47,1.2,-2.09,6.39,-5.5,8.05,-0.5,2.61,0.49,9.95,17.86
nov-17,-0.05,2.02,0.05,1.26,-1.79,7.14,-5.29,2.49,-0.52,3.34,3.55,9.25,4.06
dic-17,0.35,0.47,-0.36,-1.2,8.83,14.03,-15.55,-8.56,-3.94,1.37,16.97,-0.93,8.8
ene-18,0.25,2.0,0.85,1.0,-6.29,7.71,-2.45,1.27,1.8,3.16,10.36,20.82,12.32
feb-18,0.22,1.47,0.18,1.04,1.45,2.89,0.01,-1.03,-0.56,2.97,-10.77,7.98,11.81
mar-18,0.27,1.87,0.16,1.46,3.49,6.38,-8.54,-6.96,-2.47,2.25,-9.28,11.29,-0.94
abr-18,-0.33,1.28,-0.13,1.04,-3.94,3.28,4.41,8.39,3.41,2.79,3.18,17.8,22.02
may-18,0.19,1.64,0.18,1.73,-0.05,1.92,6.05,6.53,-0.41,2.94,-7.16,1.93,8.36
jun-18,-0.44,1.0,-0.36,1.42,0.25,-0.23,5.82,4.28,-0.57,2.05,-16.02,-0.15,8.03
jul-18,0.6,1.81,0.55,2.07,-1.8,-0.9,6.02,10.07,0.16,3.18,-7.96,13.91,9.83
ago-18,0.68,0.52,0.02,1.41,2.79,-3.51,7.63,2.93,-1.44,3.24,-2.95,9.81,-12.74
sep-18,-0.12,2.54,0.28,2.93,1.54,1.57,4.4,8.54,-1.32,3.04,-8.54,6.55,-1.1
oct-18,-0.96,0.65,-0.8,0.62,-2.87,0.76,-0.91,3.03,-1.05,3.3,-2.85,17.26,4.75
nov-18,0.39,1.09,0.31,0.88,2.75,5.42,1.22,2.65,-1.17,2.84,0.32,11.91,6.86
dic-18,-0.54,0.19,-0.31,0.93,-0.58,-3.69,-9.51,4.53,-1.82,2.15,-14.77,9.66,0.64
ene-19,1.37,1.31,1.08,1.15,4.8,7.7,-4.53,2.25,-0.46,2.79,-0.96,6.63,16.56
feb-19,0.12,1.2,0.21,1.18,-0.77,5.34,-1.23,-0.86,0.66,2.02,0.43,6.03,7.92
mar-19,-1.75,-0.84,-1.19,-0.19,-5.64,-3.95,2.81,6.17,-1.01,2.3,-15.46,-1.13,7.91
abr-19,0.83,0.32,0.14,0.09,4.04,4.03,-2.72,-1.72,-2.76,1.19,-0.57,5.35,5.91
may-19,0.22,0.36,0.58,0.48,-3.35,0.59,-4.49,-0.78,1.31,1.63,-8.74,12.23,1.73
jun-19,0.9,1.71,0.92,1.76,-0.45,-0.11,-8.12,0.11,0.2,2.43,-15.36,-0.21,3.32
jul-19,-0.13,0.97,-0.51,0.69,3.4,5.18,-6.95,0.29,3.32,1.63,6.77,6.24,14.51
ago-19,-0.38,-0.09,-0.04,0.62,-2.46,-0.19,-5.17,-4.29,0.63,0.89,-11.09,-0.6,0.15
sep-19,0.81,0.84,0.73,1.08,1.57,-0.16,-5.84,-0.84,2.31,1.78,-0.01,7.21,2.4
oct-19,-0.07,1.74,-0.88,0.99,4.15,7.05,0.43,-7.66,2.77,1.29,12.55,-1.64,6.84
nov-19,0.14,1.5,0.79,1.49,-0.31,3.87,4.98,-6.34,2.42,1.37,-4.48,-5.88,7.49
dic-19,-0.52,1.52,-0.3,1.5,-2.5,1.87,-1.91,-7.1,3.53,1.72,-0.2,4.76,9.43
ene-20,0.4,0.54,0.84,1.26,0.69,-2.13,15.34,-3.54,0.04,1.22,-8.31,4.69,-0.93
feb-20,-0.09,0.34,0.17,1.22,-2.0,-3.34,9.68,-1.48,1.42,1.97,-9.56,4.48,-1.45
mar-20,-5.71,-3.7,-5.56,-3.26,-15.28,-13.22,-4.65,-13.81,5.08,-7.4,-15.39,-15.15,-2.43
abr-20,-17.98,-21.66,-19.34,-22.08,-16.72,-30.54,-39.35,-66.22,-3.72,-25.98,-50.8,-27.86,-20.64
may-20,-1.67,-23.14,-1.06,-23.34,-5.97,-32.42,-47.73,-64.59,-7.8,-27.48,-64.86,-17.93,-23.29
jun-20,8.21,-17.56,8.35,-17.7,5.95,-28.08,-22.23,-24.34,-4.07,-25.67,-49.54,-14.25,-6.04
jul-20,4.49,-13.76,4.53,-13.53,12.1,-22.03,-16.39,-7.99,-2.24,-23.5,-38.63,-21.47,-13.64
ago-20,2.23,-11.5,1.88,-11.86,10.99,-11.27,-15.43,-10.09,-5.26,-20.27,-30.18,-18.99,-3.92
sep-20,4.07,-8.63,4.3,-8.74,0.94,-11.83,1.84,-5.02,-0.54,-15.16,-20.8,-13.49,3.61
oct-20,0.94,-7.71,0.95,-7.05,1.04,-14.46,-10.43,3.54,0.38,-15.39,-33.3,-14.38,-5.86
nov-20,1.4,-6.55,0.09,-7.7,16.41,-0.12,-15.9,-2.5,-1.69,-15.07,-13.24,-0.18,7.88
dic-20,0.34,-5.74,-0.06,-7.48,2.47,4.98,2.2,3.53,1.18,-14.93,-4.24,1.7,17.56
ene-21,0.43,-5.72,-0.72,-8.9,8.59,13.22,-16.37,-9.08,-4.0,-15.73,-13.97,-16.93,28.68
feb-21,0.27,-5.38,0.41,-8.68,-4.37,10.48,-13.8,-9.15,-1.88,-15.28,-8.94,-10.14,25.96
mar-21,2.22,2.58,1.76,-1.59,5.52,37.62,-0.26,9.62,0.89,-3.73,14.35,39.99,60.16
abr-21,0.09,25.17,1.14,23.38,-3.15,60.04,61.39,179.66,9.1,23.48,39.94,43.17,73.53
may-21,0.25,27.62,0.42,25.23,3.94,76.9,79.47,142.12,9.57,26.75,125.19,21.17,90.11
jun-21,0.28,18.27,0.77,16.46,-3.38,61.33,29.56,20.47,6.87,25.07,84.53,29.08,63.57
jul-21,0.4,13.64,0.42,11.89,3.0,48.23,18.14,-2.69,4.39,21.23,25.46,23.31,62.54
ago-21,-0.67,10.41,-0.1,9.71,-3.19,29.29,2.79,2.45,6.11,15.98,8.08,17.11,53.35
sep-21,0.71,6.84,0.43,5.63,-2.46,24.95,-12.79,-4.97,4.28,11.67,-4.29,17.57,40.02
oct-21,0.62,6.51,0.91,5.59,1.41,25.41,-0.64,-7.58,1.1,12.18,-0.58,22.76,29.41
nov-21,0.33,5.39,0.64,6.17,-0.45,7.25,-1.81,-5.38,6.25,11.3,-1.27,30.6,15.88
dic-21,0.91,5.98,0.82,7.1,1.57,6.3,-9.59,1.82,6.42,11.83,3.13,25.02,0.06
ene-22,0.31,5.86,0.58,8.5,-3.52,-5.56,4.96,-1.29,5.54,12.6,8.44,25.67,-19.49
feb-22,0.65,6.25,0.18,8.26,4.97,3.66,7.36,1.64,5.35,12.45,25.38,26.43,-11.8
mar-22,0.91,4.89,1.66,8.15,-4.3,-5.99,4.37,-1.31,6.42,12.66,15.03,22.0,-23.06
abr-22,-0.07,4.73,-0.09,6.83,0.83,-2.12,0.21,-5.43,4.86,11.4,33.92,19.92,-25.73
may-22,0.54,5.02,0.43,6.84,0.71,-5.16,5.73,1.42,5.71,9.87,33.12,20.78,-19.53
jun-22,-0.12,4.6,-0.6,5.39,2.89,0.99,-3.87,0.73,4.5,7.44,20.96,28.98,-15.13
jul-22,-0.33,3.84,-0.18,4.75,1.18,-0.79,-1.65,5.44,1.53,6.33,21.59,24.61,-21.12
ago-22,0.2,4.75,0.28,5.15,-0.65,1.8,3.48,8.67,3.68,8.28,37.18,39.21,-13.28
sep-22,0.84,4.89,-0.1,4.6,4.11,8.66,2.55,5.39,2.88,6.99,38.59,23.75,-5.72
oct-22,0.61,4.87,0.89,4.58,0.2,7.36,0.49,1.84,2.08,7.17,27.14,12.45,-5.23
nov-22,-0.48,4.03,-0.36,3.55,-2.66,4.98,-2.26,6.08,0.56,6.74,8.52,0.47,2.74
dic-22,1.35,4.48,1.12,3.85,3.74,7.21,18.83,-1.02,-0.96,6.99,-7.35,4.77,10.52
ene-23,0.46,4.64,0.42,3.69,1.37,12.66,8.27,4.82,1.37,5.88,32.85,13.8,7.3
feb-23,-0.83,3.1,-0.72,2.75,-2.91,4.2,12.92,-0.06,0.04,4.85,9.73,9.17,-0.78
mar-23,-0.13,2.04,-0.95,0.12,3.8,13.02,3.96,1.44,-3.17,3.04,17.03,1.25,14.25
abr-23,1.14,3.27,1.03,1.24,2.24,14.6,0.55,0.2,-3.27,3.14,9.8,6.27,13.39
may-23,0.81,3.55,-0.11,0.7,4.44,18.85,10.76,10.29,-4.49,4.37,26.43,14.1,25.44
jun-23,0.7,4.4,0.28,1.59,2.94,18.91,17.27,6.05,-4.02,4.22,31.58,12.87,16.58
jul-23,0.06,4.81,0.48,2.26,-2.81,14.22,13.4,2.56,-2.15,4.32,18.75,10.97,15.06
ago-23,0.59,5.22,0.24,2.22,1.98,17.25,22.75,-3.19,-0.0,3.88,31.34,10.94,13.89
sep-23,0.68,5.05,0.6,2.93,3.11,16.13,18.94,3.45,-0.64,4.46,30.88,8.21,4.09
oct-23,0.27,4.69,0.7,2.74,-1.79,13.81,15.86,11.08,0.39,2.56,35.84,12.27,8.91
nov-23,0.38,5.59,-0.59,2.5,4.88,22.63,21.15,7.2,-1.09,3.09,37.7,26.31,9.66
dic-23,0.26,4.46,0.37,1.74,1.24,19.68,5.47,-2.76,-0.7,2.01,45.73,20.8,-2.57
ene-24,0.23,4.21,-0.31,0.99,2.04,20.47,3.79,5.77,-2.44,4.45,19.51,30.25,22.45
feb-24,0.75,5.88,0.55,2.28,2.7,27.43,2.16,3.16,1.54,5.57,36.5,33.38,32.02
mar-24,0.14,6.16,0.3,3.57,0.5,23.38,8.12,-9.55,-2.67,3.32,12.32,21.62,2.64
abr-24,-0.82,4.11,-1.81,0.65,1.26,22.2,17.11,10.25,1.51,3.84,54.23,50.36,34.22
may-24,0.04,3.31,0.81,1.58,-3.05,13.44,7.2,-0.41,0.24,2.52,12.79,38.11,-0.42
jun-24,-0.31,2.27,0.54,1.85,-4.73,4.98,2.51,0.46,-2.4,2.41,-2.76,16.36,-8.45
jul-24,0.78,3.0,0.54,1.91,0.45,8.51,7.36,3.48,2.58,3.25,34.84,29.56,2.91
ago-24,-0.31,2.08,-0.48,1.18,1.53,8.03,-4.08,5.49,-0.19,2.41,8.72,21.09,-4.46
sep-24,-0.62,0.76,0.32,0.9,-3.78,0.81,-7.34,5.33,-0.88,1.25,5.08,16.22,-12.48
oct-24,-1.06,-0.57,-0.71,-0.51,-2.8,-0.23,2.38,3.04,-1.2,1.1,0.04,30.52,-7.52
nov-24,0.78,-0.17,0.35,0.44,4.16,-0.91,6.35,1.14,-0.75,0.8,-6.27,17.19,-10.25
dic-24,-1.59,-2.02,-0.91,-0.84,-6.02,-8.02,-8.86,-0.4,-2.7,1.09,-16.13,11.57,-1.74
ene-25,1.1,-1.16,0.71,0.18,3.17,-7.0,-1.29,-2.97,-0.65,1.13,-13.69,1.52,-13.59
feb-25,0.8,-1.12,0.75,0.39,2.36,-7.3,9.8,0.63,-2.54,-0.1,-11.97,-6.64,-12.6
mar-25,-0.04,-1.29,-0.33,-0.25,0.32,-7.48,3.28,9.71,1.15,0.64,-1.37,2.88,-0.49
abr-25,1.09,0.61,1.2,2.82,-0.35,-8.95,4.22,0.36,0.09,1.45,-19.52,-7.77,-15.2
may-25,-0.37,0.2,-0.7,1.29,0.69,-5.44,1.93,0.7,-0.82,2.13,-11.79,-13.87,-1.83
jun-25,0.35,0.87,-0.48,0.25,5.02,4.24,-0.95,-0.15,-0.11,0.94,0.09,2.51,15.5
jul-25,0.3,0.39,-0.19,-0.47,2.23,6.09,-7.65,-0.92,-1.11,0.75,0.26,-1.01,12.13
ago-25,0.86,1.57,0.88,0.88,1.12,5.65,-5.27,-7.39,1.61,1.13,1.75,-6.05,5.79
sep-25,0.02,2.22,-0.04,0.52,0.13,9.95,1.12,-7.07,3.74,1.58,5.98,-0.05,31.05
oct-25,0.8,4.15,-0.04,1.2,6.97,21.0,-3.14,-4.78,2.34,2.25,25.26,-2.98,31.24
nov-25,-0.63,2.69,-0.02,0.83,-3.45,12.15,-8.31,-8.54,0.31,2.07,22.36,-12.69,8.66
dic-25,1.03,5.42,0.07,1.81,4.11,24.24,8.38,-2.83,3.46,2.16,62.48,4.89,23.66
ene-26,-1.55,2.66,-0.66,0.43,-6.85,12.17,-2.94,-3.83,-0.54,0.76,7.17,-3.11,16.51
