Periodo,IAT_Nivel,Mensual,Anual,IAT_construccion_Nivel,IAT_construccion_Mensual,IAT_construccion_Anual,IAT_comercio_Nivel,IAT_comercio_Mensual,IAT_comercio_Anual
jun-11,,,,48.12,,,57.63,,
jul-11,,,,49.99,1.88,,57.83,0.2,
ago-11,,,,53.48,3.49,,62.63,4.81,
sep-11,,,,51.44,-2.04,,63.7,1.07,
oct-11,,,,51.87,0.43,,62.58,-1.12,
nov-11,,,,52.0,0.13,,61.25,-1.33,
dic-11,,,,51.9,-0.1,,62.12,0.87,
ene-12,,,,51.95,0.05,,61.45,-0.67,
feb-12,,,,50.45,-1.5,,61.59,0.13,
mar-12,,,,52.55,2.1,,61.96,0.38,
abr-12,,,,52.46,-0.09,,57.89,-4.07,
may-12,,,,53.59,1.13,,62.72,4.83,
jun-12,,,,53.95,0.35,5.83,63.14,0.42,5.51
jul-12,,,,54.2,0.25,4.21,62.51,-0.63,4.68
ago-12,,,,51.85,-2.35,-1.63,61.26,-1.25,-1.38
sep-12,,,,52.35,0.5,0.91,61.72,0.46,-1.99
oct-12,,,,52.84,0.49,0.97,61.08,-0.64,-1.5
nov-12,,,,50.52,-2.33,-1.48,62.04,0.96,0.79
dic-12,,,,50.82,0.31,-1.07,58.55,-3.49,-3.57
ene-13,,,,49.83,-1.0,-2.12,61.18,2.63,-0.27
feb-13,,,,50.34,0.52,-0.11,61.46,0.28,-0.13
mar-13,,,,48.57,-1.77,-3.98,60.03,-1.43,-1.93
abr-13,,,,51.51,2.94,-0.95,59.93,-0.1,2.04
may-13,,,,50.22,-1.29,-3.37,60.63,0.7,-2.09
jun-13,,,,49.59,-0.63,-4.35,59.63,-1.0,-3.51
jul-13,,,,49.8,0.21,-4.4,60.36,0.72,-2.15
ago-13,,,,50.37,0.57,-1.48,60.84,0.48,-0.41
sep-13,,,,49.93,-0.44,-2.42,59.66,-1.18,-2.05
oct-13,,,,50.23,0.3,-2.61,61.03,1.37,-0.04
nov-13,,,,51.93,1.7,1.42,60.98,-0.06,-1.07
dic-13,,,,51.34,-0.59,0.52,61.48,0.5,2.93
ene-14,,,,50.38,-0.96,0.56,60.89,-0.59,-0.3
feb-14,,,,50.79,0.41,0.45,60.35,-0.53,-1.11
mar-14,,,,51.0,0.21,2.43,61.25,0.9,1.22
abr-14,,,,51.09,0.08,-0.43,61.5,0.24,1.56
may-14,,,,51.4,0.31,1.17,59.85,-1.64,-0.78
jun-14,,,,51.6,0.21,2.01,60.45,0.6,0.82
jul-14,,,,51.67,0.07,1.87,60.45,-0.0,0.09
ago-14,,,,52.18,0.51,1.81,60.46,0.01,-0.38
sep-14,,,,52.74,0.56,2.81,60.28,-0.18,0.62
oct-14,,,,52.93,0.19,2.7,60.52,0.24,-0.51
nov-14,,,,53.27,0.34,1.34,60.45,-0.07,-0.53
dic-14,,,,52.57,-0.7,1.23,59.69,-0.76,-1.79
ene-15,,,,52.82,0.24,2.44,61.07,1.38,0.19
feb-15,,,,52.19,-0.63,1.4,61.02,-0.05,0.67
mar-15,,,,52.23,0.04,1.22,60.6,-0.42,-0.65
abr-15,,,,52.39,0.16,1.3,62.0,1.4,0.5
may-15,,,,51.63,-0.75,0.24,61.09,-0.91,1.23
jun-15,,,,51.92,0.28,0.31,62.79,1.7,2.34
jul-15,,,,52.29,0.38,0.62,61.38,-1.41,0.93
ago-15,,,,51.36,-0.93,-0.82,61.09,-0.29,0.64
sep-15,,,,51.74,0.38,-1.0,61.53,0.44,1.25
oct-15,,,,51.99,0.26,-0.94,60.54,-1.0,0.01
nov-15,,,,51.86,-0.14,-1.42,60.63,0.1,0.18
dic-15,,,,52.81,0.95,0.23,61.51,0.88,1.82
ene-16,,,,52.54,-0.27,-0.28,61.15,-0.37,0.07
feb-16,,,,52.28,-0.25,0.09,62.07,0.93,1.05
mar-16,,,,50.71,-1.58,-1.52,60.24,-1.83,-0.36
abr-16,,,,50.15,-0.56,-2.24,60.89,0.65,-1.1
may-16,,,,51.42,1.27,-0.21,60.89,-0.0,-0.2
jun-16,,,,51.4,-0.02,-0.52,60.49,-0.4,-2.3
jul-16,,,,52.15,0.75,-0.15,60.6,0.11,-0.78
ago-16,,,,51.23,-0.92,-0.13,60.27,-0.33,-0.82
sep-16,,,,51.78,0.55,0.04,60.98,0.71,-0.55
oct-16,,,,50.97,-0.81,-1.02,60.35,-0.63,-0.18
nov-16,,,,51.25,0.28,-0.61,60.64,0.28,0.01
dic-16,,,,51.0,-0.25,-1.81,61.64,1.01,0.13
ene-17,54.32,,,52.06,1.06,-0.48,55.7,-5.94,-5.45
feb-17,54.2,-0.13,,52.29,0.24,0.01,53.52,-2.18,-8.55
mar-17,55.16,0.96,,52.19,-0.1,1.49,55.23,1.71,-5.01
abr-17,53.8,-1.35,,51.54,-0.66,1.39,49.95,-5.28,-10.94
may-17,54.87,1.07,,51.96,0.42,0.54,54.82,4.87,-6.07
jun-17,53.66,-1.21,,51.58,-0.37,0.18,52.71,-2.12,-7.78
jul-17,53.53,-0.13,,50.71,-0.88,-1.44,50.06,-2.65,-10.54
ago-17,56.28,2.75,,51.75,1.04,0.52,54.5,4.44,-5.77
sep-17,55.5,-0.78,,50.53,-1.22,-1.25,54.16,-0.34,-6.82
oct-17,55.32,-0.18,,51.17,0.64,0.2,55.79,1.63,-4.57
nov-17,56.99,1.67,,51.15,-0.02,-0.1,59.78,3.99,-0.86
dic-17,56.02,-0.97,,50.0,-1.15,-1.0,54.52,-5.26,-7.12
ene-18,55.0,-1.01,0.68,49.79,-0.21,-2.26,54.25,-0.27,-1.45
feb-18,55.03,0.03,0.84,49.64,-0.15,-2.65,55.25,1.0,1.73
mar-18,56.21,1.17,1.05,50.23,0.58,-1.97,57.0,1.75,1.77
abr-18,54.69,-1.52,0.89,49.39,-0.84,-2.15,54.84,-2.16,4.89
may-18,55.26,0.56,0.39,50.57,1.18,-1.39,55.36,0.52,0.54
jun-18,56.39,1.13,2.73,48.03,-2.54,-3.55,56.34,0.98,3.64
jul-18,55.32,-1.06,1.79,48.8,0.77,-1.91,56.37,0.03,6.32
ago-18,54.75,-0.57,-1.53,49.75,0.95,-2.0,56.3,-0.08,1.8
sep-18,55.04,0.29,-0.46,51.01,1.26,0.49,57.11,0.81,2.95
oct-18,54.65,-0.39,-0.68,49.58,-1.44,-1.59,55.82,-1.29,0.04
nov-18,54.75,0.1,-2.24,49.27,-0.31,-1.89,56.87,1.05,-2.91
dic-18,55.89,1.15,-0.12,47.67,-1.6,-2.33,53.71,-3.16,-0.81
ene-19,55.05,-0.85,0.04,49.49,1.82,-0.31,52.91,-0.81,-1.34
feb-19,55.13,0.08,0.09,49.67,0.18,0.02,54.07,1.17,-1.18
mar-19,53.99,-1.14,-2.22,49.27,-0.39,-0.95,54.53,0.46,-2.47
abr-19,58.13,4.14,3.43,49.99,0.72,0.61,59.36,4.83,4.52
may-19,53.98,-4.15,-1.28,49.17,-0.83,-1.4,55.04,-4.32,-0.32
jun-19,54.01,0.03,-2.38,49.25,0.08,1.22,54.28,-0.76,-2.06
jul-19,54.52,0.51,-0.81,48.7,-0.55,-0.1,55.38,1.09,-1.0
ago-19,54.04,-0.47,-0.71,48.25,-0.45,-1.5,56.73,1.35,0.43
sep-19,52.92,-1.13,-2.13,48.33,0.09,-2.68,54.57,-2.16,-2.54
oct-19,53.0,0.09,-1.64,47.83,-0.5,-1.75,53.7,-0.87,-2.12
nov-19,53.34,0.34,-1.41,46.99,-0.84,-2.28,54.23,0.53,-2.64
dic-19,52.83,-0.52,-3.07,46.3,-0.69,-1.37,54.61,0.38,0.9
ene-20,53.43,0.6,-1.61,46.43,0.13,-3.05,54.33,-0.28,1.42
feb-20,52.63,-0.8,-2.5,46.14,-0.29,-3.52,53.35,-0.98,-0.72
mar-20,45.57,-7.06,-8.42,44.69,-1.45,-4.59,51.32,-2.04,-3.21
abr-20,39.28,-6.29,-18.84,38.55,-6.14,-11.44,39.7,-11.61,-19.66
may-20,42.06,2.77,-11.93,36.46,-2.09,-12.71,42.94,3.24,-12.1
jun-20,52.12,10.07,-1.89,43.12,6.65,-6.13,54.02,11.07,-0.27
jul-20,51.96,-0.16,-2.56,47.07,3.95,-1.63,53.01,-1.0,-2.37
ago-20,52.73,0.77,-1.32,47.44,0.38,-0.8,50.47,-2.54,-6.26
sep-20,53.66,0.93,0.74,47.72,0.28,-0.61,50.41,-0.05,-4.15
oct-20,53.91,0.25,0.9,48.5,0.78,0.67,53.51,3.09,-0.2
nov-20,52.95,-0.96,-0.4,48.82,0.32,1.83,51.39,-2.11,-2.84
dic-20,53.4,0.45,0.57,49.62,0.8,3.33,53.34,1.95,-1.27
ene-21,50.16,-3.24,-3.27,50.05,0.43,3.62,53.44,0.1,-0.89
feb-21,53.79,3.63,1.16,50.47,0.42,4.33,55.4,1.96,2.05
mar-21,54.09,0.3,8.52,50.88,0.41,6.19,54.94,-0.46,3.62
abr-21,52.8,-1.29,13.51,51.16,0.28,12.61,52.49,-2.45,12.79
may-21,53.97,1.17,11.91,51.34,0.18,14.88,52.83,0.34,9.89
jun-21,54.22,0.25,2.09,52.02,0.68,8.91,52.76,-0.08,-1.26
jul-21,53.39,-0.83,1.43,51.93,-0.09,4.86,52.61,-0.14,-0.4
ago-21,52.87,-0.52,0.14,52.41,0.48,4.96,52.41,-0.2,1.94
sep-21,53.0,0.13,-0.65,52.16,-0.25,4.44,54.72,2.31,4.31
oct-21,53.49,0.49,-0.42,51.24,-0.92,2.74,52.77,-1.95,-0.73
nov-21,53.33,-0.15,0.39,51.1,-0.14,2.28,54.69,1.92,3.3
dic-21,53.39,0.06,-0.01,51.71,0.61,2.08,54.83,0.14,1.49
ene-22,51.29,-2.1,1.13,52.01,0.3,1.96,47.24,-7.59,-6.21
feb-22,52.91,1.63,-0.88,50.92,-1.09,0.45,51.4,4.16,-4.0
mar-22,53.82,0.9,-0.27,53.4,2.48,2.52,52.62,1.22,-2.31
abr-22,53.32,-0.49,0.52,54.1,0.71,2.94,53.91,1.28,1.42
may-22,53.53,0.21,-0.44,54.47,0.37,3.13,54.69,0.79,1.86
jun-22,53.28,-0.25,-0.94,52.75,-1.73,0.73,53.07,-1.62,0.31
jul-22,52.67,-0.61,-0.72,54.51,1.76,2.58,54.23,1.15,1.61
ago-22,52.67,-0.0,-0.2,54.32,-0.19,1.91,56.05,1.83,3.64
sep-22,53.03,0.36,0.03,52.26,-2.06,0.1,54.52,-1.53,-0.2
oct-22,54.15,1.12,0.66,55.41,3.15,4.17,58.63,4.11,5.86
nov-22,54.69,0.54,1.35,55.46,0.05,4.36,54.84,-3.79,0.15
dic-22,52.56,-2.12,-0.83,55.34,-0.12,3.63,54.05,-0.79,-0.78
ene-23,52.02,-0.54,0.74,47.58,-7.76,-4.43,52.55,-1.51,5.31
feb-23,53.65,1.63,0.74,54.2,6.62,3.28,51.68,-0.87,0.28
mar-23,51.98,-1.67,-1.84,54.14,-0.06,0.74,53.28,1.6,0.66
abr-23,53.92,1.94,0.6,54.71,0.57,0.61,52.67,-0.61,-1.23
may-23,52.0,-1.92,-1.53,48.56,-6.15,-5.92,52.67,-0.0,-2.02
jun-23,51.98,-0.02,-1.3,47.88,-0.68,-4.87,53.92,1.24,0.84
jul-23,52.01,0.03,-0.66,47.64,-0.24,-6.87,52.06,-1.86,-2.17
ago-23,53.01,1.0,0.34,48.77,1.13,-5.54,52.86,0.8,-3.19
sep-23,51.67,-1.34,-1.36,50.53,1.76,-1.73,55.43,2.57,0.91
oct-23,51.75,0.08,-2.4,54.1,3.57,-1.31,52.76,-2.67,-5.87
nov-23,51.8,0.04,-2.89,54.64,0.53,-0.82,51.89,-0.87,-2.95
dic-23,53.44,1.64,0.88,55.37,0.73,0.03,54.63,2.74,0.57
ene-24,52.75,-0.69,0.73,56.03,0.66,8.45,54.68,0.05,2.13
feb-24,53.3,0.55,-0.34,56.71,0.68,2.51,56.0,1.32,4.32
mar-24,52.39,-0.92,0.41,53.02,-3.69,-1.12,51.11,-4.89,-2.17
abr-24,50.58,-1.81,-3.34,51.89,-1.13,-2.82,52.94,1.83,0.26
may-24,51.59,1.01,-0.4,50.67,-1.22,2.11,51.46,-1.48,-1.21
jun-24,50.84,-0.76,-1.14,50.02,-0.66,2.14,46.26,-5.21,-7.66
jul-24,52.57,1.73,0.55,50.74,0.72,3.1,53.82,7.56,1.76
ago-24,54.28,1.71,1.27,49.76,-0.97,0.99,57.78,3.96,4.91
sep-24,51.38,-2.9,-0.29,51.56,1.8,1.03,49.92,-7.85,-5.51
oct-24,49.98,-1.4,-1.77,49.38,-2.18,-4.73,46.44,-3.48,-6.31
nov-24,51.73,1.74,-0.07,48.4,-0.97,-6.23,53.08,6.64,1.19
dic-24,50.83,-0.89,-2.6,44.68,-3.72,-10.69,50.57,-2.51,-4.05
ene-25,51.8,0.97,-0.95,45.57,0.88,-10.46,53.44,2.87,-1.23
feb-25,51.37,-0.43,-1.94,45.55,-0.02,-11.16,53.15,-0.29,-2.85
mar-25,50.88,-0.49,-1.51,45.12,-0.43,-7.9,52.6,-0.55,1.49
abr-25,51.35,0.47,0.77,44.81,-0.31,-7.09,53.76,1.16,0.82
may-25,51.3,-0.05,-0.29,45.05,0.25,-5.62,52.19,-1.56,0.73
jun-25,50.34,-0.96,-0.5,46.43,1.38,-3.58,50.82,-1.37,4.56
jul-25,50.67,0.34,-1.89,44.25,-2.18,-6.48,50.25,-0.57,-3.57
ago-25,50.01,-0.66,-4.27,42.58,-1.67,-7.18,50.23,-0.02,-7.54
sep-25,50.54,0.53,-0.84,48.93,6.36,-2.62,50.15,-0.09,0.22
oct-25,52.22,1.68,2.24,43.33,-5.6,-6.04,55.97,5.83,9.53
nov-25,50.64,-1.57,-1.08,44.19,0.86,-4.21,50.63,-5.34,-2.45
dic-25,49.89,-0.76,-0.95,44.45,0.25,-0.24,49.67,-0.96,-0.9
ene-26,50.48,0.59,-1.32,44.99,0.55,-0.57,50.43,0.76,-3.01
feb-26,49.79,-0.69,-1.58,45.25,0.26,-0.3,49.7,-0.74,-3.45
mar-26,51.71,1.92,0.83,46.04,0.79,0.92,53.68,3.98,1.08
abr-26,50.42,-1.29,-0.93,45.69,-0.35,0.89,50.75,-2.94,-3.01
