Periodo,IPM_Nivel,Mensual,Anual,Pedidos_esperados_Nivel,Pedidos_esperados_Mensual,Pedidos_esperados_Anual,Produccion_esperada_Nivel,Produccion_esperada_Mensual,Produccion_esperada_Anual,Personal_ocupado_Nivel,Personal_ocupado_Mensual,Personal_ocupado_Anual,Entrega_insumos_Nivel,Entrega_insumos_Mensual,Entrega_insumos_Anual,Inventarios_Nivel,Inventarios_Mensual,Inventarios_Anual
ene-04,54.12,,,54.74,,,57.78,,,50.31,,,47.63,,,,,
feb-04,53.43,-0.7,,55.22,0.48,,57.52,-0.26,,50.82,0.5,,47.34,-0.29,,,-1.46,
mar-04,53.68,0.25,,55.63,0.41,,55.22,-2.3,,50.92,0.1,,46.69,-0.65,,,-1.15,
abr-04,53.58,-0.1,,56.68,1.05,,55.75,0.53,,51.03,0.11,,46.4,-0.28,,,-0.92,
may-04,53.82,0.24,,57.32,0.64,,54.53,-1.22,,50.89,-0.14,,57.85,11.45,,,0.85,
jun-04,56.76,2.95,,59.8,2.48,,58.39,3.87,,52.03,1.15,,55.48,-2.37,,,0.88,
jul-04,56.81,0.04,,60.84,1.05,,59.16,0.77,,50.64,-1.39,,53.79,-1.69,,,0.28,
ago-04,55.57,-1.24,,58.82,-2.02,,56.97,-2.19,,50.23,-0.41,,60.06,6.28,,,-1.2,
sep-04,54.64,-0.93,,57.9,-0.92,,58.34,1.37,,50.12,-0.11,,48.06,-12.0,,,-0.55,
oct-04,52.98,-1.65,,56.67,-1.23,,54.23,-4.11,,50.01,-0.11,,48.58,0.52,,,-0.51,
nov-04,51.76,-1.23,,55.75,-0.92,,53.23,-1.01,,50.14,0.13,,46.54,-2.04,,,-1.67,
dic-04,56.82,5.06,,59.48,3.74,,58.67,5.44,,52.92,2.78,,51.08,4.54,,,0.61,
ene-05,52.46,-4.36,-1.67,51.24,-8.25,-3.5,55.86,-2.81,-1.92,51.06,-1.86,0.74,50.06,-1.02,2.43,,-0.28,-5.11
feb-05,53.87,1.41,0.44,57.85,6.62,2.63,59.86,4.01,2.34,51.25,0.19,0.43,44.9,-5.16,-2.44,,-1.41,-5.06
mar-05,54.24,0.37,0.56,58.03,0.18,2.4,56.89,-2.97,1.67,50.97,-0.28,0.05,41.98,-2.92,-4.7,,1.97,-1.94
abr-05,54.47,0.23,0.89,57.64,-0.39,0.95,59.07,2.18,3.32,51.32,0.35,0.29,46.15,4.17,-0.26,,0.6,-0.43
may-05,49.69,-4.78,-4.13,52.64,-5.0,-4.69,52.06,-7.01,-2.47,50.28,-1.04,-0.61,46.86,0.71,-10.99,,-2.93,-4.21
jun-05,53.02,3.32,-3.75,56.58,3.95,-3.21,56.25,4.19,-2.14,49.5,-0.78,-2.53,46.13,-0.73,-9.35,,1.33,-3.76
jul-05,52.73,-0.28,-4.07,55.18,-1.4,-5.66,54.79,-1.46,-4.37,50.75,1.25,0.11,47.02,0.9,-6.76,,0.34,-3.69
ago-05,50.48,-2.26,-5.09,49.85,-5.34,-8.97,56.21,1.41,-0.76,51.64,0.89,1.41,44.1,-2.92,-15.96,,-0.45,-2.95
sep-05,53.71,3.24,-0.92,56.32,6.48,-1.58,57.72,1.52,-0.62,50.96,-0.68,0.84,45.74,1.64,-2.33,,1.15,-1.25
oct-05,54.64,0.92,1.65,58.46,2.14,1.8,59.49,1.77,5.26,51.96,1.0,1.95,46.64,0.91,-1.93,,-2.34,-3.07
nov-05,54.42,-0.22,2.66,58.15,-0.32,2.4,58.81,-0.68,5.59,50.92,-1.04,0.78,46.83,0.19,0.3,,3.4,1.99
dic-05,53.3,-1.11,-3.51,55.84,-2.31,-3.64,55.14,-3.68,-3.53,51.67,0.75,-1.25,45.23,-1.6,-5.84,,-1.72,-0.33
ene-06,53.49,0.19,1.03,57.48,1.64,6.24,56.44,1.3,0.58,51.2,-0.47,0.15,45.28,0.05,-4.77,,-1.13,-1.18
feb-06,51.21,-2.28,-2.66,52.63,-4.84,-5.22,51.92,-4.53,-7.95,51.08,-0.12,-0.17,49.46,4.17,4.56,,3.15,3.38
mar-06,55.7,4.49,1.46,57.12,4.49,-0.91,57.38,5.47,0.49,51.4,0.32,0.43,51.4,1.94,9.42,,-0.76,0.65
abr-06,53.18,-2.52,-1.29,56.72,-0.4,-0.91,53.57,-3.82,-5.5,51.5,0.1,0.18,48.06,-3.34,1.91,,-0.78,-0.73
may-06,53.09,-0.09,3.4,55.16,-1.56,2.53,53.97,0.41,1.92,52.1,0.6,1.82,56.75,8.69,9.89,,1.81,4.01
jun-06,52.1,-0.99,-0.91,54.67,-0.49,-1.92,53.63,-0.35,-2.63,51.07,-1.03,1.57,46.25,-10.5,0.12,,-2.81,-0.12
jul-06,52.36,0.26,-0.37,55.26,0.59,0.07,54.26,0.64,-0.53,51.35,0.28,0.6,45.47,-0.78,-1.55,,-1.06,-1.53
ago-06,53.63,1.27,3.16,58.09,2.83,8.24,55.04,0.77,-1.17,50.59,-0.76,-1.05,48.76,3.29,4.66,,3.42,2.35
sep-06,53.62,-0.02,-0.1,57.38,-0.71,1.06,54.63,-0.4,-3.09,50.35,-0.24,-0.61,48.68,-0.08,2.95,,-1.58,-0.38
oct-06,54.5,0.89,-0.14,57.39,0.01,-1.07,56.13,1.5,-3.36,49.94,-0.41,-2.02,52.56,3.87,5.91,,3.03,4.98
nov-06,53.17,-1.33,-1.24,56.55,-0.84,-1.6,55.26,-0.88,-3.56,50.29,0.34,-0.63,46.79,-5.77,-0.04,,-1.47,0.12
dic-06,54.17,1.0,0.87,57.21,0.65,1.37,54.84,-0.41,-0.29,50.15,-0.13,-1.52,55.19,8.4,9.96,,-5.95,-4.12
ene-07,54.68,0.51,1.2,56.4,-0.8,-1.07,54.5,-0.34,-1.94,50.73,0.58,-0.47,59.39,4.2,14.11,,6.7,3.71
feb-07,54.26,-0.43,3.04,58.29,1.89,5.66,56.47,1.97,4.55,50.09,-0.65,-0.99,52.3,-7.1,2.84,,-1.03,-0.47
mar-07,52.76,-1.49,-2.94,56.48,-1.81,-0.64,53.92,-2.55,-3.47,51.03,0.95,-0.36,40.48,-11.81,-10.92,,-0.61,-0.32
abr-07,52.85,0.09,-0.33,52.47,-4.02,-4.25,55.27,1.35,1.7,50.16,-0.87,-1.34,53.27,12.78,5.21,,0.23,0.69
may-07,53.84,0.99,0.75,58.58,6.11,3.41,58.5,3.23,4.52,50.28,0.12,-1.82,48.41,-4.85,-8.33,,0.03,-1.1
jun-07,53.43,-0.41,1.33,57.44,-1.14,2.77,55.0,-3.5,1.37,50.45,0.17,-0.62,46.7,-1.72,0.45,,-0.37,1.33
jul-07,54.02,0.59,1.66,58.66,1.22,3.4,56.67,1.67,2.41,50.13,-0.32,-1.21,45.87,-0.83,0.4,,0.71,3.11
ago-07,52.0,-2.02,-1.63,54.88,-3.77,-3.21,54.63,-2.04,-0.41,50.19,0.06,-0.4,46.02,0.15,-2.74,,-2.41,-2.72
sep-07,52.78,0.78,-0.83,56.14,1.26,-1.24,53.94,-0.69,-0.69,50.9,0.71,0.55,45.91,-0.11,-2.77,,0.84,-0.3
oct-07,51.91,-0.87,-2.59,54.75,-1.39,-2.64,53.6,-0.34,-2.53,50.67,-0.23,0.73,45.33,-0.58,-7.23,,-0.85,-4.18
nov-07,53.56,1.66,0.39,57.06,2.31,0.51,57.0,3.4,1.75,50.79,0.12,0.51,45.33,0.0,-1.46,,1.03,-1.68
dic-07,53.96,0.39,-0.21,56.81,-0.25,-0.4,58.11,1.11,3.27,49.81,-0.98,-0.34,49.39,4.06,-5.8,,-0.57,3.7
ene-08,55.59,1.63,0.9,59.24,2.43,2.83,60.42,2.3,5.91,50.04,0.23,-0.69,46.28,-3.11,-13.11,,2.21,-0.79
feb-08,53.21,-2.37,-1.04,56.0,-3.24,-2.3,56.58,-3.84,0.11,49.97,-0.07,-0.12,46.26,-0.03,-6.04,,-0.15,0.09
mar-08,53.45,0.24,0.69,56.26,0.26,-0.22,55.98,-0.6,2.06,48.6,-1.37,-2.44,45.88,-0.38,5.4,,-0.15,0.56
abr-08,53.01,-0.44,0.15,56.17,-0.09,3.7,55.78,-0.2,0.51,48.37,-0.23,-1.79,46.12,0.24,-7.15,,0.18,0.5
may-08,52.85,-0.16,-0.99,57.06,0.9,-1.51,54.07,-1.7,-4.42,49.03,0.66,-1.25,45.72,-0.4,-2.7,,0.93,1.41
jun-08,53.43,0.58,-0.0,58.22,1.16,0.78,56.25,2.18,1.25,48.01,-1.02,-2.44,47.28,1.56,0.58,,0.61,2.39
jul-08,52.05,-1.38,-1.97,55.95,-2.28,-2.71,54.19,-2.06,-2.47,49.19,1.18,-0.95,46.79,-0.48,0.93,,-3.06,-1.38
ago-08,53.32,1.27,1.32,57.55,1.6,2.67,55.79,1.59,1.16,49.82,0.63,-0.37,47.73,0.94,1.71,,1.7,2.73
sep-08,51.82,-1.51,-0.97,56.1,-1.45,-0.04,52.82,-2.96,-1.12,48.41,-1.42,-2.5,46.54,-1.19,0.63,,0.36,2.25
oct-08,51.35,-0.46,-0.55,54.39,-1.71,-0.36,53.12,0.3,-0.48,47.36,-1.05,-3.32,47.48,0.94,2.15,,-0.56,2.53
nov-08,47.69,-3.66,-5.87,50.25,-4.15,-6.82,47.29,-5.83,-9.71,47.24,-0.11,-3.55,46.98,-0.5,1.65,,-3.22,-1.72
dic-08,47.31,-0.39,-6.65,49.34,-0.91,-7.47,48.28,0.99,-9.84,45.15,-2.09,-4.66,46.65,-0.33,-2.74,,-4.13,-5.29
ene-09,46.01,-1.3,-9.58,47.78,-1.56,-11.46,46.92,-1.36,-13.5,42.37,-2.78,-7.67,45.13,-1.52,-1.15,,1.02,-6.48
feb-09,47.47,1.46,-5.74,50.24,2.47,-5.75,47.81,0.89,-8.77,40.9,-1.47,-9.07,47.07,1.94,0.81,,2.99,-3.34
mar-09,49.07,1.59,-4.38,51.49,1.25,-4.77,51.29,3.48,-4.69,42.32,1.42,-6.27,46.92,-0.14,1.04,,-0.13,-3.32
abr-09,49.5,0.44,-3.5,51.49,-0.0,-4.68,51.94,0.65,-3.84,43.92,1.6,-4.45,46.97,0.05,0.85,,1.32,-2.17
may-09,49.19,-0.31,-3.66,51.14,-0.35,-5.93,50.98,-0.96,-3.1,43.62,-0.31,-5.42,48.29,1.32,2.58,,-1.12,-4.22
jun-09,50.09,0.9,-3.34,52.41,1.27,-5.81,52.59,1.61,-3.66,46.98,3.37,-1.03,46.54,-1.76,-0.74,,0.36,-4.47
jul-09,51.7,1.6,-0.36,54.66,2.25,-1.28,53.63,1.05,-0.56,48.57,1.59,-0.62,47.69,1.16,0.9,,2.97,1.56
ago-09,52.45,0.75,-0.88,55.58,0.92,-1.97,54.76,1.13,-1.02,50.52,1.95,0.7,46.06,-1.63,-1.67,,-0.0,-0.15
sep-09,54.41,1.96,2.59,58.58,3.0,2.48,57.6,2.83,4.77,52.07,1.55,3.67,46.73,0.68,0.2,,-0.14,-0.65
oct-09,54.75,0.34,3.39,59.3,0.72,4.9,58.19,0.6,5.07,50.9,-1.17,3.55,46.98,0.24,-0.51,,0.62,0.53
nov-09,53.29,-1.45,5.6,56.96,-2.34,6.72,55.48,-2.71,8.19,51.27,0.37,4.03,48.33,1.35,1.35,,0.39,4.14
dic-09,54.19,0.89,6.88,58.81,1.84,9.47,54.1,-1.38,5.83,51.26,-0.01,6.11,49.88,1.55,3.23,,-0.32,7.96
ene-10,54.8,0.61,8.79,58.64,-0.17,10.86,56.0,1.9,9.09,50.96,-0.3,8.59,50.59,0.71,5.46,,0.65,7.59
feb-10,55.85,1.06,8.38,60.44,1.8,10.2,59.62,3.62,11.81,51.66,0.7,10.76,47.45,-3.14,0.39,,-3.77,0.82
mar-10,54.74,-1.12,5.67,57.81,-2.63,6.32,56.09,-3.53,4.8,51.98,0.32,9.66,47.34,-0.12,0.41,,4.96,5.91
abr-10,55.72,0.98,6.22,60.27,2.46,8.78,58.28,2.2,6.35,52.92,0.93,9.0,47.42,0.08,0.45,,-1.36,3.23
may-10,56.5,0.78,7.31,60.81,0.55,9.68,60.29,2.0,9.31,52.75,-0.17,9.13,47.12,-0.29,-1.17,,0.63,4.98
jun-10,56.17,-0.33,6.07,60.23,-0.58,7.82,58.15,-2.14,5.56,53.46,0.71,6.48,49.81,2.69,3.27,,0.52,5.14
jul-10,55.07,-1.09,3.38,58.68,-1.55,4.02,56.45,-1.7,2.82,52.19,-1.28,3.62,51.45,1.64,3.76,,-0.67,1.51
ago-10,54.96,-0.11,2.51,58.96,0.28,3.37,58.0,1.55,3.24,53.01,0.82,2.49,48.44,-3.01,2.38,,-3.66,-2.14
sep-10,54.35,-0.61,-0.05,57.57,-1.39,-1.01,57.13,-0.87,-0.46,52.37,-0.64,0.3,48.63,0.19,1.9,,1.62,-0.38
oct-10,55.15,0.8,0.41,59.81,2.25,0.52,57.01,-0.12,-1.19,52.94,0.57,2.04,48.36,-0.27,1.38,,0.42,-0.58
nov-10,55.36,0.21,2.07,59.26,-0.56,2.3,58.48,1.47,3.0,52.62,-0.32,1.36,48.63,0.27,0.3,,2.15,1.19
dic-10,55.23,-0.14,1.04,58.98,-0.27,0.18,55.97,-2.51,1.86,53.26,0.63,1.99,48.43,-0.19,-1.44,,0.89,2.39
ene-11,55.8,0.57,1.0,61.67,2.69,3.03,56.61,0.64,0.61,51.66,-1.6,0.69,49.61,1.18,-0.98,,-0.42,1.32
feb-11,55.73,-0.06,-0.12,59.9,-1.77,-0.54,56.54,-0.07,-3.08,53.3,1.64,1.63,48.74,-0.87,1.29,,-0.6,4.5
mar-11,57.65,1.91,2.91,62.99,3.09,5.18,59.57,3.03,3.48,52.9,-0.4,0.92,49.25,0.52,1.92,,-1.2,-1.67
abr-11,54.56,-3.08,-1.16,57.29,-5.71,-2.98,56.78,-2.78,-1.5,52.36,-0.54,-0.56,49.11,-0.15,1.69,,1.17,0.86
may-11,55.97,1.41,-0.53,59.33,2.04,-1.48,58.25,1.47,-2.04,52.63,0.27,-0.12,50.07,0.96,2.95,,0.98,1.21
jun-11,56.5,0.54,0.34,60.66,1.33,0.43,60.05,1.8,1.9,51.86,-0.77,-1.6,49.84,-0.23,0.03,,-0.15,0.54
jul-11,56.99,0.48,1.91,61.09,0.44,2.41,61.97,1.92,5.52,52.35,0.49,0.16,49.02,-0.82,-2.43,,-0.34,0.86
ago-11,56.24,-0.74,1.28,60.27,-0.83,1.31,58.6,-3.37,0.6,52.9,0.55,-0.11,49.91,0.89,1.47,,0.27,4.79
sep-11,55.61,-0.63,1.25,59.4,-0.87,1.83,58.29,-0.31,1.16,52.1,-0.8,-0.27,49.67,-0.25,1.03,,-0.32,2.85
oct-11,55.78,0.17,0.62,59.64,0.25,-0.17,58.14,-0.15,1.13,52.43,0.33,-0.51,50.01,0.35,1.65,,-0.14,2.3
nov-11,55.11,-0.67,-0.26,59.39,-0.26,0.13,56.93,-1.21,-1.55,52.19,-0.24,-0.43,49.47,-0.54,0.85,,-1.65,-1.51
dic-11,55.35,0.24,0.12,59.42,0.04,0.44,59.31,2.38,3.34,51.38,-0.81,-1.88,47.69,-1.79,-0.75,,-1.07,-3.46
ene-12,55.1,-0.25,-0.69,58.21,-1.22,-3.47,58.81,-0.5,2.2,53.01,1.63,1.35,48.74,1.05,-0.87,,0.21,-2.83
feb-12,55.55,0.45,-0.19,58.54,0.34,-1.36,58.55,-0.26,2.01,52.88,-0.12,-0.42,49.55,0.81,0.81,,0.86,-1.37
mar-12,55.35,-0.2,-2.29,58.57,0.03,-4.42,55.74,-2.81,-3.83,52.92,0.03,0.02,50.1,0.55,0.85,,0.33,0.16
abr-12,55.38,0.02,0.81,58.78,0.21,1.5,57.77,2.03,0.98,52.67,-0.24,0.31,50.37,0.27,1.26,,-0.44,-1.45
may-12,55.22,-0.16,-0.75,58.81,0.03,-0.52,56.84,-0.93,-1.41,53.01,0.34,0.38,50.11,-0.25,0.05,,-0.24,-2.66
jun-12,55.68,0.46,-0.82,59.69,0.88,-0.96,57.38,0.55,-2.66,52.88,-0.13,1.02,50.53,0.41,0.69,,0.89,-1.63
jul-12,56.05,0.36,-0.94,59.97,0.27,-1.13,58.35,0.97,-3.62,53.47,0.59,1.12,50.67,0.14,1.65,,-0.56,-1.85
ago-12,56.4,0.35,0.16,59.91,-0.05,-0.35,58.66,0.31,0.05,53.67,0.19,0.77,50.72,0.05,0.81,,1.17,-0.95
sep-12,56.97,0.58,1.37,61.03,1.11,1.63,59.6,0.95,1.31,54.13,0.47,2.03,50.71,-0.01,1.04,,-0.13,-0.77
oct-12,56.17,-0.8,0.4,59.33,-1.7,-0.32,58.37,-1.24,0.23,54.07,-0.06,1.64,50.97,0.26,0.96,,0.24,-0.39
nov-12,56.62,0.45,1.52,60.49,1.16,1.1,59.33,0.96,2.4,54.38,0.31,2.19,49.48,-1.49,0.01,,-0.07,1.19
dic-12,56.34,-0.28,0.99,60.02,-0.47,0.6,59.58,0.25,0.27,54.08,-0.3,2.7,47.76,-1.73,0.07,,-0.42,1.84
ene-13,54.13,-2.21,-0.97,55.93,-4.09,-2.27,56.54,-3.04,-2.27,53.52,-0.56,0.51,46.8,-0.96,-1.94,,3.68,5.31
feb-13,55.31,1.18,-0.24,59.33,3.39,0.79,57.83,1.29,-0.73,52.15,-1.38,-0.74,47.29,0.49,-2.26,,-2.2,2.25
mar-13,56.31,1.0,0.96,59.51,0.18,0.93,59.91,2.09,4.17,52.94,0.79,0.02,46.26,-1.03,-3.84,,-0.2,1.71
abr-13,54.2,-2.11,-1.18,58.16,-1.35,-0.62,57.58,-2.33,-0.19,52.1,-0.84,-0.57,46.64,0.38,-3.73,,-4.64,-2.49
may-13,55.13,0.94,-0.08,59.72,1.56,0.91,57.97,0.39,1.14,52.85,0.75,-0.16,45.95,-0.69,-4.17,,2.48,0.22
jun-13,54.0,-1.13,-1.68,57.09,-2.63,-2.6,56.87,-1.1,-0.51,52.67,-0.18,-0.22,46.1,0.16,-4.43,,-0.1,-0.77
jul-13,53.89,-0.11,-2.15,57.44,0.35,-2.52,55.99,-0.88,-2.36,52.16,-0.51,-1.31,46.74,0.64,-3.93,,0.61,0.4
ago-13,53.25,-0.64,-3.15,57.45,0.01,-2.46,55.59,-0.39,-3.06,51.87,-0.29,-1.8,45.92,-0.82,-4.81,,-5.42,-6.18
sep-13,53.61,0.35,-3.37,56.21,-1.24,-4.82,55.93,0.34,-3.67,52.38,0.51,-1.76,46.05,0.14,-4.65,,6.35,0.31
oct-13,54.51,0.91,-1.66,58.33,2.12,-1.0,57.25,1.32,-1.12,52.13,-0.25,-1.94,46.17,0.12,-4.8,,0.12,0.19
nov-13,54.5,-0.01,-2.12,57.79,-0.54,-2.7,57.38,0.13,-1.95,52.14,0.01,-2.24,46.09,-0.09,-3.39,,0.67,0.94
dic-13,55.21,0.71,-1.13,58.94,1.15,-1.08,58.25,0.87,-1.33,52.08,-0.06,-2.0,46.37,0.28,-1.39,,0.29,1.65
ene-14,55.07,-0.14,0.94,59.07,0.13,3.14,59.03,0.78,2.49,52.5,0.42,-1.02,46.24,-0.13,-0.56,,-2.12,-4.16
feb-14,54.76,-0.31,-0.55,58.93,-0.14,-0.39,57.07,-1.96,-0.75,52.86,0.36,0.72,46.23,-0.01,-1.06,,-0.67,-2.63
mar-14,55.24,0.48,-1.07,59.11,0.18,-0.39,58.0,0.93,-1.91,52.86,-0.01,-0.08,46.7,0.48,0.45,,0.98,-1.45
abr-14,55.4,0.16,1.2,58.94,-0.18,0.78,58.51,0.51,0.93,53.32,0.47,1.22,46.21,-0.49,-0.42,,0.86,4.06
may-14,54.86,-0.54,-0.27,58.99,0.05,-0.73,57.28,-1.23,-0.69,52.29,-1.04,-0.56,46.79,0.58,0.84,,-0.57,1.01
jun-14,54.6,-0.27,0.59,58.75,-0.24,1.65,57.13,-0.15,0.26,52.02,-0.26,-0.65,45.79,-1.0,-0.31,,0.53,1.64
jul-14,54.48,-0.12,0.59,58.58,-0.16,1.14,56.42,-0.72,0.43,52.56,0.54,0.4,45.8,0.01,-0.94,,0.36,1.39
ago-14,54.96,0.48,1.71,58.59,0.0,1.13,57.81,1.39,2.21,52.22,-0.34,0.35,46.06,0.26,0.14,,0.64,7.45
sep-14,54.89,-0.07,1.29,59.62,1.03,3.41,57.29,-0.52,1.35,52.16,-0.06,-0.22,46.18,0.12,0.12,,-1.44,-0.34
oct-14,54.82,-0.07,0.31,58.78,-0.83,0.46,58.42,1.14,1.18,52.71,0.55,0.58,45.59,-0.59,-0.59,,-1.06,-1.53
nov-14,55.02,0.2,0.52,59.46,0.68,1.67,58.01,-0.41,0.64,52.5,-0.21,0.36,45.2,-0.39,-0.89,,1.37,-0.84
dic-14,54.97,-0.05,-0.24,59.19,-0.27,0.25,57.18,-0.83,-1.07,52.96,0.47,0.88,46.01,0.82,-0.35,,0.1,-1.03
ene-15,55.36,0.39,0.29,58.81,-0.38,-0.26,58.39,1.2,-0.64,53.61,0.65,1.11,46.44,0.43,0.2,,0.69,1.78
feb-15,55.26,-0.1,0.5,58.76,-0.05,-0.18,58.03,-0.36,0.96,52.65,-0.97,-0.22,46.16,-0.28,-0.07,,0.15,2.6
mar-15,54.4,-0.86,-0.83,58.33,-0.43,-0.78,55.73,-2.3,-2.27,53.11,0.46,0.25,46.32,0.17,-0.38,,-0.08,1.55
abr-15,55.37,0.97,-0.03,59.62,1.29,0.68,57.39,1.66,-1.12,53.05,-0.05,-0.27,46.08,-0.25,-0.13,,0.2,0.89
may-15,54.87,-0.5,0.0,58.41,-1.21,-0.57,57.19,-0.2,-0.09,52.92,-0.13,0.64,45.92,-0.16,-0.87,,0.84,2.3
jun-15,55.03,0.16,0.43,58.78,0.36,0.03,57.23,0.04,0.1,53.48,0.55,1.46,46.18,0.26,0.39,,-1.04,0.72
jul-15,55.35,0.32,0.86,59.29,0.52,0.71,57.86,0.63,1.44,53.05,-0.43,0.49,46.68,0.5,0.88,,-0.09,0.27
ago-15,54.73,-0.61,-0.23,57.75,-1.55,-0.84,57.4,-0.46,-0.41,52.93,-0.12,0.71,46.74,0.06,0.67,,-0.27,-0.64
sep-15,55.11,0.37,0.22,58.61,0.86,-1.01,58.1,0.7,0.81,53.1,0.17,0.94,46.79,0.05,0.61,,-0.36,0.44
oct-15,54.77,-0.33,-0.05,58.27,-0.34,-0.51,57.1,-0.99,-1.32,52.52,-0.58,-0.19,46.69,-0.1,1.1,,1.01,2.5
nov-15,54.79,0.02,-0.23,57.82,-0.46,-1.65,57.26,0.16,-0.75,53.2,0.68,0.7,47.44,0.75,2.25,,-1.66,-0.52
dic-15,54.41,-0.38,-0.56,57.77,-0.04,-1.42,56.9,-0.36,-0.29,52.68,-0.52,-0.28,46.48,-0.96,0.47,,0.08,-0.54
ene-16,54.8,0.39,-0.56,58.91,1.14,0.1,56.74,-0.16,-1.65,52.46,-0.22,-1.15,46.69,0.21,0.25,,0.08,-1.15
feb-16,54.56,-0.24,-0.7,58.12,-0.79,-0.64,56.22,-0.52,-1.8,52.44,-0.03,-0.21,47.01,0.32,0.85,,-0.54,-1.84
mar-16,54.25,-0.32,-0.16,57.73,-0.38,-0.6,57.19,0.96,1.46,52.58,0.14,-0.53,46.73,-0.28,0.4,,-0.73,-2.49
abr-16,54.07,-0.17,-1.3,57.37,-0.36,-2.25,55.92,-1.26,-1.47,52.71,0.14,-0.34,46.95,0.22,0.87,,0.6,-2.09
may-16,54.52,0.44,-0.35,58.06,0.68,-0.36,56.16,0.24,-1.03,52.55,-0.16,-0.37,49.41,2.46,3.49,,-0.42,-3.35
jun-16,54.37,-0.14,-0.65,57.75,-0.31,-1.03,56.66,0.5,-0.57,52.62,0.06,-0.86,47.39,-2.02,1.22,,-0.09,-2.4
jul-16,54.44,0.07,-0.9,58.03,0.29,-1.26,57.02,0.36,-0.84,52.12,-0.5,-0.93,47.06,-0.34,0.38,,-0.05,-2.36
ago-16,54.85,0.4,0.11,58.79,0.75,1.04,57.14,0.12,-0.26,53.37,1.25,0.44,47.51,0.46,0.78,,-0.9,-2.99
sep-16,54.68,-0.17,-0.43,58.29,-0.5,-0.32,57.81,0.67,-0.29,52.27,-1.11,-0.84,46.61,-0.9,-0.17,,2.05,-0.58
oct-16,54.85,0.17,0.07,58.74,0.45,0.47,57.1,-0.71,-0.0,52.56,0.29,0.04,47.33,0.72,0.64,,-0.68,-2.26
nov-16,54.24,-0.6,-0.55,58.62,-0.12,0.8,55.88,-1.22,-1.38,51.65,-0.91,-1.54,47.14,-0.19,-0.3,,-0.61,-1.21
dic-16,54.52,0.28,0.11,58.3,-0.31,0.53,56.67,0.79,-0.23,52.68,1.03,0.0,47.44,0.29,0.96,,0.26,-1.03
ene-17,53.83,-0.69,-0.97,56.16,-2.14,-2.75,56.63,-0.04,-0.11,51.8,-0.89,-0.66,46.87,-0.57,0.18,,0.82,-0.29
feb-17,53.96,0.13,-0.61,55.36,-0.8,-2.76,57.48,0.85,1.26,51.64,-0.16,-0.79,47.04,0.17,0.03,,0.03,0.27
mar-17,54.33,0.37,0.08,58.57,3.21,0.84,56.79,-0.7,-0.4,51.45,-0.19,-1.13,46.78,-0.26,0.05,,1.69,2.7
abr-17,54.72,0.39,0.64,59.0,0.43,1.63,56.97,0.19,1.05,51.81,0.36,-0.9,47.02,0.24,0.07,,-2.31,-0.21
may-17,54.54,-0.18,0.02,57.79,-1.21,-0.26,57.04,0.06,0.87,52.32,0.51,-0.23,48.31,1.29,-1.1,,0.72,0.92
jun-17,54.61,0.07,0.23,57.48,-0.31,-0.26,56.75,-0.28,0.09,52.26,-0.07,-0.36,47.11,-1.2,-0.29,,2.36,3.37
jul-17,54.02,-0.58,-0.42,57.13,-0.35,-0.91,56.73,-0.02,-0.29,52.56,0.31,0.44,46.79,-0.31,-0.26,,-3.11,0.31
ago-17,54.27,0.25,-0.58,58.01,0.89,-0.78,56.83,0.1,-0.31,52.24,-0.32,-1.13,46.1,-0.69,-1.41,,-0.09,1.12
sep-17,52.89,-1.38,-1.78,56.86,-1.16,-1.43,52.88,-3.95,-4.93,51.92,-0.32,-0.34,46.85,0.75,0.24,,-0.47,-1.4
oct-17,53.5,0.61,-1.35,56.12,-0.73,-2.62,55.43,2.55,-1.68,51.55,-0.37,-1.01,47.23,0.37,-0.1,,0.69,-0.02
nov-17,54.19,0.68,-0.06,57.16,1.04,-1.45,56.93,1.5,1.04,51.49,-0.07,-0.17,46.79,-0.44,-0.35,,1.59,2.17
dic-17,53.98,-0.21,-0.54,56.57,-0.59,-1.73,56.51,-0.42,-0.16,51.75,0.26,-0.94,47.99,1.2,0.56,,-1.45,0.45
ene-18,53.61,-0.37,-0.23,56.37,-0.2,0.22,55.22,-1.28,-1.41,51.74,-0.0,-0.06,48.02,0.02,1.15,,-0.27,-0.64
feb-18,54.1,0.5,0.15,56.9,0.53,1.54,55.98,0.76,-1.5,52.46,0.71,0.82,47.1,-0.92,0.06,,0.66,0.0
mar-18,54.3,0.19,-0.03,56.97,0.07,-1.6,59.2,3.22,2.41,52.23,-0.23,0.78,47.14,0.04,0.36,,-1.69,-3.38
abr-18,53.37,-0.92,-1.34,55.76,-1.22,-3.24,55.56,-3.64,-1.42,52.26,0.03,0.45,47.13,-0.01,0.11,,1.27,0.2
may-18,53.84,0.46,-0.7,56.17,0.41,-1.62,56.32,0.77,-0.71,52.2,-0.06,-0.12,48.11,0.98,-0.2,,0.13,-0.38
jun-18,54.12,0.29,-0.48,57.84,1.67,0.36,55.93,-0.4,-0.83,51.07,-1.13,-1.19,46.67,-1.45,-0.44,,-0.8,-3.54
jul-18,53.91,-0.21,-0.11,57.13,-0.71,0.0,57.0,1.07,0.27,52.26,1.19,-0.3,46.55,-0.11,-0.24,,1.06,0.63
ago-18,53.63,-0.28,-0.64,56.45,-0.67,-1.56,55.66,-1.33,-1.17,51.7,-0.56,-0.54,46.72,0.16,0.61,,0.55,1.27
sep-18,53.87,0.24,0.98,56.96,0.51,0.11,55.99,0.33,3.11,52.0,0.3,0.07,47.05,0.34,0.2,,-0.94,0.8
oct-18,53.68,-0.19,0.18,56.79,-0.17,0.67,55.63,-0.36,0.2,51.64,-0.36,0.08,46.6,-0.45,-0.63,,0.75,0.86
nov-18,53.37,-0.31,-0.82,55.44,-1.35,-1.72,56.06,0.43,-0.87,51.68,0.04,0.19,46.83,0.22,0.04,,-0.98,-1.71
dic-18,53.68,0.31,-0.3,56.97,1.52,0.39,56.06,0.0,-0.44,50.73,-0.95,-1.02,46.86,0.03,-1.14,,1.25,0.98
ene-19,53.86,0.18,0.25,56.22,-0.75,-0.16,56.73,0.66,1.5,51.95,1.23,0.21,46.65,-0.21,-1.36,,0.09,1.35
feb-19,54.13,0.27,0.02,56.46,0.24,-0.44,56.81,0.08,0.83,50.72,-1.23,-1.74,48.39,1.73,1.29,,1.12,1.8
mar-19,53.38,-0.75,-0.92,55.56,-0.9,-1.41,56.89,0.08,-2.31,51.28,0.57,-0.95,46.65,-1.74,-0.49,,0.45,3.94
abr-19,54.35,0.97,0.98,57.08,1.52,1.32,57.75,0.86,2.19,51.34,0.06,-0.92,46.9,0.25,-0.23,,-0.94,1.73
may-19,53.48,-0.87,-0.35,57.3,0.22,1.12,56.05,-1.69,-0.27,51.08,-0.26,-1.12,46.14,-0.76,-1.98,,-3.13,-1.53
jun-19,54.57,1.08,0.44,56.7,-0.59,-1.14,56.53,0.47,0.6,51.24,0.16,0.17,47.61,1.48,0.95,,3.49,2.77
jul-19,51.98,-2.58,-1.93,54.64,-2.07,-2.49,53.71,-2.81,-3.28,50.42,-0.81,-1.83,47.03,-0.59,0.47,,-1.32,0.38
ago-19,52.76,0.78,-0.87,54.9,0.26,-1.56,54.79,1.07,-0.88,50.7,0.28,-1.0,46.67,-0.36,-0.05,,0.12,-0.05
sep-19,52.68,-0.08,-1.2,55.55,0.65,-1.41,53.93,-0.85,-2.06,50.46,-0.24,-1.54,47.02,0.35,-0.04,,-0.24,0.66
oct-19,52.38,-0.29,-1.3,54.8,-0.75,-1.99,54.57,0.63,-1.06,50.71,0.25,-0.93,46.9,-0.12,0.3,,-2.34,-2.43
nov-19,52.26,-0.13,-1.11,54.62,-0.18,-0.83,52.9,-1.67,-3.16,50.4,-0.3,-1.28,47.7,0.8,0.87,,1.62,0.17
dic-19,51.94,-0.32,-1.74,53.74,-0.87,-3.22,54.2,1.3,-1.86,50.27,-0.13,-0.46,46.43,-1.27,-0.43,,-0.73,-1.8
ene-20,52.14,0.2,-1.72,54.39,0.64,-1.83,54.11,-0.09,-2.61,50.21,-0.06,-1.74,47.41,0.98,0.76,,-1.15,-3.04
feb-20,52.36,0.22,-1.77,54.96,0.58,-1.5,54.5,0.39,-2.31,50.02,-0.19,-0.7,47.55,0.14,-0.83,,0.06,-4.11
mar-20,48.81,-3.55,-4.57,48.37,-6.59,-7.19,49.5,-5.0,-7.38,49.54,-0.48,-1.75,48.38,0.83,1.74,,-0.56,-5.12
abr-20,42.47,-6.34,-11.88,36.85,-11.52,-20.23,39.04,-10.46,-18.71,46.18,-3.36,-5.16,51.54,3.15,4.64,,-4.13,-8.31
may-20,39.06,-3.42,-14.42,32.51,-4.34,-24.79,34.26,-4.78,-21.79,43.99,-2.19,-7.09,50.9,-0.64,4.76,,-1.66,-6.84
jun-20,51.91,12.85,-2.65,54.01,21.5,-2.69,54.87,20.61,-1.66,46.28,2.29,-4.96,46.76,-4.14,-0.85,,7.05,-3.27
jul-20,52.34,0.43,0.36,55.67,1.65,1.03,53.84,-1.02,0.13,49.19,2.91,-1.23,48.59,1.83,1.56,,0.59,-1.37
ago-20,52.72,0.38,-0.04,55.17,-0.49,0.28,54.5,0.66,-0.29,50.33,1.14,-0.37,47.69,-0.89,1.03,,0.08,-1.4
sep-20,52.42,-0.3,-0.26,54.47,-0.71,-1.09,54.1,-0.4,0.17,50.06,-0.27,-0.4,48.38,0.69,1.36,,0.02,-1.15
oct-20,53.02,0.6,0.64,55.02,0.55,0.22,55.69,1.59,1.12,50.99,0.93,0.28,47.7,-0.68,0.8,,0.88,2.07
nov-20,52.79,-0.23,0.53,55.2,0.19,0.58,54.78,-0.91,1.88,50.84,-0.15,0.44,47.03,-0.67,-0.67,,-0.91,-0.45
dic-20,53.87,1.08,1.93,58.01,2.8,4.26,54.65,-0.13,0.45,51.7,0.86,1.43,47.63,0.6,1.2,,1.73,2.0
ene-21,53.85,-0.03,1.71,56.22,-1.79,1.83,56.34,1.69,2.22,51.33,-0.37,1.12,47.27,-0.37,-0.15,,0.36,3.51
feb-21,52.52,-1.32,0.17,54.69,-1.53,-0.27,54.66,-1.68,0.16,50.06,-1.27,0.04,47.37,0.1,-0.18,,-1.19,2.26
mar-21,52.33,-0.19,3.52,54.43,-0.26,6.06,53.96,-0.7,4.46,50.57,0.51,1.03,46.8,-0.57,-1.58,,0.59,3.41
abr-21,53.02,0.69,10.55,55.25,0.82,18.4,55.78,1.82,16.75,51.12,0.55,4.95,47.33,0.53,-4.2,,0.33,7.87
may-21,51.24,-1.79,12.18,53.17,-2.08,20.66,50.47,-5.32,16.21,51.7,0.57,7.71,47.82,0.48,-3.08,,-1.03,8.5
jun-21,53.5,2.27,1.59,54.39,1.22,0.38,54.52,4.05,-0.35,52.27,0.58,5.99,48.07,0.25,1.31,,2.07,3.51
jul-21,54.1,0.59,1.76,55.37,0.97,-0.3,57.47,2.96,3.63,52.08,-0.19,2.89,47.66,-0.41,-0.92,,-0.54,2.38
ago-21,54.45,0.35,1.73,56.61,1.24,1.44,57.16,-0.31,2.66,51.52,-0.56,1.19,48.84,1.18,1.14,,-0.21,2.09
sep-21,55.15,0.7,2.73,57.33,0.72,2.86,57.57,0.4,3.47,51.54,0.02,1.48,51.24,2.4,2.86,,0.78,2.85
oct-21,54.28,-0.86,1.26,56.4,-0.93,1.38,55.68,-1.88,-0.01,50.79,-0.75,-0.2,52.48,1.24,4.78,,-0.45,1.52
nov-21,55.09,0.81,2.3,57.18,0.78,1.97,59.34,3.65,4.56,51.51,0.72,0.67,49.01,-3.47,1.98,,0.24,2.66
dic-21,55.71,0.62,1.84,61.97,4.8,3.97,57.99,-1.34,3.35,51.43,-0.07,-0.27,48.16,-0.85,0.53,,-2.78,-1.84
ene-22,53.25,-2.46,-0.6,54.75,-7.22,-1.47,55.43,-2.57,-0.91,50.95,-0.48,-0.38,49.2,1.04,1.93,,0.43,-1.77
feb-22,52.04,-1.21,-0.48,53.32,-1.44,-1.37,52.74,-2.68,-1.92,51.73,0.77,1.67,48.98,-0.22,1.61,,-0.93,-1.5
mar-22,53.53,1.49,1.2,55.18,1.86,0.75,55.78,3.04,1.82,51.46,-0.27,0.89,50.29,1.31,3.49,,-0.27,-2.36
abr-22,50.82,-2.71,-2.2,51.6,-3.58,-3.65,51.16,-4.62,-4.62,51.59,0.13,0.47,49.93,-0.37,2.59,,-1.02,-3.71
may-22,52.62,1.8,1.39,53.02,1.42,-0.15,55.38,4.22,4.92,51.36,-0.23,-0.34,50.14,0.21,2.32,,1.43,-1.25
jun-22,51.45,-1.17,-2.05,51.65,-1.37,-2.74,53.49,-1.89,-1.03,50.86,-0.5,-1.41,48.89,-1.24,0.82,,-2.33,-5.65
jul-22,52.24,0.79,-1.86,51.86,0.21,-3.51,54.02,0.53,-3.46,51.05,0.19,-1.03,50.25,1.36,2.59,,2.4,-2.71
ago-22,51.14,-1.09,-3.3,51.54,-0.32,-5.07,50.97,-3.04,-6.19,51.47,0.42,-0.05,49.05,-1.2,0.21,,-1.4,-3.91
sep-22,50.85,-0.29,-4.3,50.48,-1.06,-6.85,51.38,0.4,-6.19,51.16,-0.31,-0.38,48.98,-0.07,-2.26,,1.3,-3.39
oct-22,52.1,1.25,-2.18,53.27,2.79,-3.12,52.02,0.65,-3.66,51.45,0.29,0.66,50.8,1.82,-1.68,,0.65,-2.28
nov-22,51.97,-0.13,-3.12,53.3,0.03,-3.88,54.22,2.19,-5.12,51.13,-0.32,-0.37,49.71,-1.09,0.7,,-4.14,-6.66
dic-22,51.75,-0.22,-3.96,52.6,-0.7,-9.37,51.58,-2.64,-6.41,51.35,0.21,-0.09,49.55,-0.16,1.39,,4.59,0.7
ene-23,52.5,0.75,-0.75,55.35,2.74,0.59,51.63,0.05,-3.8,51.55,0.2,0.59,48.31,-1.24,-0.89,,0.81,1.08
feb-23,51.83,-0.67,-0.21,54.13,-1.22,0.81,51.89,0.26,-0.85,50.67,-0.88,-1.06,48.25,-0.06,-0.72,,-0.88,1.13
mar-23,51.51,-0.32,-2.02,51.5,-2.63,-3.68,53.06,1.17,-2.72,51.29,0.62,-0.17,48.0,-0.25,-2.29,,0.57,1.97
abr-23,52.59,1.08,1.77,55.25,3.75,3.65,54.4,1.34,3.24,51.49,0.2,-0.1,45.97,-2.03,-3.95,,1.12,4.11
may-23,52.44,-0.15,-0.18,55.29,0.04,2.27,53.46,-0.95,-1.93,50.91,-0.58,-0.45,48.2,2.22,-1.94,,-2.94,-0.26
jun-23,52.69,0.25,1.24,56.82,1.53,5.16,51.33,-2.13,-2.16,51.26,0.34,0.4,48.24,0.04,-0.66,,2.63,4.71
jul-23,50.87,-1.82,-1.37,54.36,-2.46,2.5,48.08,-3.25,-5.94,51.1,-0.15,0.05,48.42,0.18,-1.84,,-6.18,-3.87
ago-23,52.13,1.27,0.99,52.39,-1.97,0.84,52.98,4.9,2.01,51.2,0.09,-0.27,48.55,0.13,-0.5,,4.85,2.37
sep-23,52.04,-0.1,1.19,54.0,1.61,3.51,55.06,2.08,3.68,50.66,-0.53,-0.5,48.26,-0.29,-0.72,,-6.44,-5.36
oct-23,47.98,-4.06,-4.13,46.49,-7.5,-6.78,48.41,-6.65,-3.62,50.11,-0.55,-1.34,48.19,-0.07,-2.62,,-0.24,-6.26
nov-23,49.3,1.33,-2.67,47.87,1.38,-5.43,50.01,1.6,-4.21,50.34,0.23,-0.79,48.1,-0.08,-1.61,,5.18,3.07
dic-23,50.93,1.63,-0.82,51.14,3.27,-1.46,52.5,2.49,0.92,49.6,-0.74,-1.75,48.33,0.22,-1.23,,1.06,-0.46
ene-24,51.3,0.37,-1.2,54.61,3.47,-0.73,51.51,-0.99,-0.12,49.92,0.32,-1.62,48.65,0.32,0.33,,-3.69,-4.97
feb-24,52.61,1.31,0.78,54.82,0.21,0.69,55.58,4.08,3.69,50.4,0.47,-0.27,48.87,0.22,0.61,,-0.06,-4.15
mar-24,51.52,-1.09,0.01,55.12,0.3,3.61,49.6,-5.98,-3.46,50.44,0.05,-0.85,48.51,-0.36,0.51,,2.16,-2.57
abr-24,51.24,-0.28,-1.35,53.79,-1.33,-1.47,52.1,2.5,-2.3,50.18,-0.27,-1.31,48.12,-0.39,2.14,,-0.19,-3.87
may-24,51.52,0.28,-0.92,54.65,0.87,-0.63,51.27,-0.83,-2.19,50.38,0.2,-0.53,48.48,0.36,0.28,,-0.01,-0.94
jun-24,49.07,-2.45,-3.61,50.4,-4.25,-6.41,46.16,-5.11,-5.18,50.42,0.04,-0.83,48.75,0.27,0.51,,0.32,-3.25
jul-24,48.93,-0.14,-1.94,45.29,-5.11,-9.07,52.3,6.15,4.22,50.09,-0.33,-1.01,48.12,-0.63,-0.29,,-0.85,2.08
ago-24,53.39,4.45,1.25,55.15,9.86,2.76,56.72,4.42,3.74,49.74,-0.35,-1.45,48.16,0.03,-0.39,,-0.21,-2.97
sep-24,51.93,-1.46,-0.11,54.62,-0.52,0.63,52.26,-4.46,-2.8,49.96,0.22,-0.7,48.68,0.53,0.42,,0.7,4.17
oct-24,48.67,-3.26,0.69,48.06,-6.56,1.57,46.04,-6.22,-2.37,50.08,0.11,-0.04,48.59,-0.09,0.41,,1.52,5.93
nov-24,51.53,2.86,2.23,52.71,4.64,4.84,52.66,6.62,2.65,49.99,-0.09,-0.35,48.43,-0.16,0.33,,0.66,1.41
dic-24,51.41,-0.12,0.48,54.05,1.35,2.91,53.22,0.57,0.72,49.99,-0.0,0.38,48.99,0.56,0.66,,-5.73,-5.37
ene-25,50.35,-1.06,-0.96,48.7,-5.36,-5.91,55.13,1.91,3.62,49.52,-0.47,-0.4,48.98,-0.0,0.34,,3.2,1.52
feb-25,51.03,0.69,-1.58,50.62,1.92,-4.2,53.18,-1.95,-2.4,49.53,0.01,-0.86,49.49,0.51,0.62,,2.27,3.86
mar-25,51.27,0.23,-0.25,52.02,1.41,-3.09,52.38,-0.8,2.78,49.55,0.02,-0.89,49.27,-0.23,0.75,,0.09,1.79
abr-25,50.72,-0.55,-0.52,50.75,-1.28,-3.04,52.69,0.31,0.59,49.99,0.44,-0.18,49.5,0.24,1.39,,-4.29,-2.31
may-25,50.21,-0.51,-1.31,50.76,0.02,-3.89,50.76,-1.92,-0.5,49.41,-0.58,-0.97,48.95,-0.55,0.47,,4.31,2.01
jun-25,50.79,0.58,1.72,52.54,1.78,2.14,52.6,1.83,6.44,48.56,-0.85,-1.86,48.44,-0.51,-0.31,,-4.73,-3.04
jul-25,49.48,-1.31,0.55,51.23,-1.31,5.94,48.45,-4.15,-3.85,49.02,0.45,-1.08,48.65,0.21,0.53,,0.63,-1.56
ago-25,49.42,-0.06,-3.97,50.08,-1.16,-5.07,46.57,-1.88,-10.15,49.18,0.16,-0.57,50.83,2.18,2.67,,2.03,0.68
sep-25,49.11,-0.3,-2.82,49.48,-0.59,-5.14,48.5,1.93,-3.75,49.35,0.17,-0.62,48.06,-2.76,-0.62,,-1.51,-1.53
oct-25,52.35,3.24,3.68,54.23,4.74,6.16,51.5,3.0,5.46,50.09,0.74,0.01,49.03,0.97,0.44,,4.15,1.1
nov-25,49.14,-3.21,-2.39,50.55,-3.68,-2.15,48.31,-3.19,-4.35,49.23,-0.86,-0.76,49.38,0.35,0.95,,-7.32,-6.89
dic-25,47.42,-1.73,-4.0,46.64,-3.91,-7.41,46.62,-1.69,-6.6,48.93,-0.3,-1.06,48.91,-0.47,-0.07,,1.18,0.02
ene-26,51.14,3.73,0.8,58.27,11.63,9.57,47.4,0.79,-7.73,49.51,0.59,-0.0,49.08,0.17,0.1,,5.17,1.99
feb-26,50.54,-0.61,-0.5,54.94,-3.33,4.33,46.95,-0.45,-6.22,49.51,-0.01,-0.03,48.72,-0.36,-0.77,,-1.24,-1.53
mar-26,51.15,0.61,-0.12,54.16,-0.78,2.14,51.29,4.34,-1.09,49.38,-0.13,-0.18,48.97,0.25,-0.29,,-3.78,-5.4
abr-26,50.55,-0.6,-0.17,54.48,0.31,3.73,47.64,-3.65,-5.05,49.34,-0.03,-0.65,49.01,0.03,-0.5,,2.26,1.15
