Periodo,Valor_producción,Personal_ocupado,Remuneraciones_por_persona,Horas_trabajadas,Edificacion_Anual,Agua_saneamiento_Anual,Electricidad_telecom_Anual,Transporte_urbanizacion_Anual,Petroleo_petroquimica_Anual,Otras_construcciones_Anual
feb-06,-1.0,2.47,0.05,0.37,,,,,,
mar-06,2.79,0.36,0.9,1.46,,,,,,
abr-06,-1.0,-0.1,-0.3,0.19,,,,,,
may-06,1.37,0.12,1.11,0.96,,,,,,
jun-06,-0.56,-0.06,-0.01,0.63,,,,,,
jul-06,1.65,0.09,-0.29,0.39,,,,,,
ago-06,0.21,2.31,0.39,0.03,,,,,,
sep-06,-0.06,0.33,-0.51,-0.16,,,,,,
oct-06,-0.16,-1.21,0.14,-1.3,,,,,,
nov-06,1.23,0.14,0.01,1.03,,,,,,
dic-06,1.21,-0.45,-0.15,-2.31,,,,,,
ene-07,-1.21,0.38,0.37,1.43,7.49,-22.76,-12.91,4.35,19.06,11.24
feb-07,0.3,0.67,-0.2,-0.33,9.57,-43.28,6.58,10.92,-0.64,16.38
mar-07,-0.08,0.51,0.15,-0.18,7.78,-33.03,-7.93,2.91,7.05,5.37
abr-07,-0.02,-1.18,0.66,0.93,5.27,-21.02,-5.97,1.54,5.72,9.77
may-07,-1.41,-0.23,0.39,-0.07,5.33,-34.56,-24.19,2.08,7.11,7.12
jun-07,-1.57,0.71,-0.28,0.03,2.43,-20.56,-25.96,8.75,-10.86,12.35
jul-07,0.1,-0.23,1.0,0.55,7.08,-19.97,-22.32,10.34,-22.87,-2.39
ago-07,2.46,1.44,0.4,-1.01,4.18,-7.9,-12.07,12.54,-22.27,1.41
sep-07,0.93,0.39,-0.5,0.13,5.86,-28.07,-0.1,17.33,-16.78,-9.77
oct-07,-1.59,-0.64,-0.2,0.21,7.58,-30.23,-24.09,2.41,12.86,-13.09
nov-07,1.22,1.46,-0.16,-0.83,7.17,-16.36,-21.89,2.74,5.04,-23.84
dic-07,-0.22,-0.85,0.44,-2.04,7.45,3.85,7.16,5.38,-21.89,-23.78
ene-08,0.29,-1.05,0.14,0.08,3.23,3.85,-0.76,11.79,-25.35,5.32
feb-08,-0.45,0.85,-2.24,3.38,4.95,31.62,1.45,1.09,-25.39,-9.76
mar-08,-5.62,-3.64,0.16,1.66,-2.63,10.98,6.6,4.49,-25.54,-10.93
abr-08,4.54,2.57,3.59,-1.46,4.73,12.92,3.53,5.17,-19.39,-13.01
may-08,-1.12,0.07,-0.88,0.25,5.33,25.03,13.63,3.8,-31.2,-14.48
jun-08,0.78,-0.24,0.84,-0.26,4.25,14.76,66.39,3.17,-17.74,-11.95
jul-08,-0.93,-0.19,-0.39,-0.64,2.19,10.71,24.54,8.18,-20.69,-15.05
ago-08,-3.21,-2.83,-0.22,0.27,-6.08,7.97,1.78,9.49,-23.97,-12.98
sep-08,-1.58,-1.37,-0.49,-0.97,-8.65,1.63,3.11,6.29,-27.86,-3.33
oct-08,0.7,-0.27,0.63,-2.2,-7.45,-3.06,19.3,4.38,-25.3,5.45
nov-08,-2.09,-1.4,0.16,0.33,-10.47,-17.06,25.88,9.0,-31.79,-0.48
dic-08,1.36,-0.17,0.6,-0.42,-12.32,-22.82,31.14,6.69,-16.46,3.95
ene-09,1.41,0.81,-0.49,-1.12,-15.2,-15.34,27.47,10.21,-13.06,-21.79
feb-09,1.01,-1.9,1.38,-0.23,-20.67,-7.87,17.1,24.41,8.83,-23.34
mar-09,-2.46,-0.57,-0.4,-0.31,-17.08,-6.82,16.47,24.26,0.78,-24.52
abr-09,0.72,1.0,-0.18,-1.15,-20.98,6.33,20.17,16.07,5.93,-28.28
may-09,-0.28,-1.21,-0.1,-0.8,-19.57,20.73,12.32,12.93,20.67,-26.41
jun-09,2.25,4.01,-0.82,0.5,-14.48,6.27,-11.74,16.25,7.09,-30.2
jul-09,-1.7,-3.66,0.32,-1.09,-16.96,11.62,16.22,9.91,1.02,-17.08
ago-09,-3.57,-2.54,-1.42,-0.23,-13.56,-4.71,28.56,1.04,20.11,-28.28
sep-09,-1.44,-0.92,0.4,-1.08,-12.98,16.65,29.02,-4.31,11.12,-22.55
oct-09,0.02,0.67,0.08,0.85,-13.95,25.07,26.85,2.25,16.05,-30.96
nov-09,1.01,-3.41,-0.56,-1.31,-11.2,27.26,25.88,-6.74,20.94,-11.22
dic-09,-2.22,0.51,-0.76,0.12,-8.14,17.57,12.54,-16.67,-2.28,-18.15
ene-10,1.95,3.58,1.57,0.93,-7.03,18.81,18.69,-8.7,2.95,-16.9
feb-10,0.41,0.12,-0.64,-0.16,-6.43,10.27,35.92,-12.7,-6.16,-0.94
mar-10,2.04,1.52,0.2,0.04,-6.97,21.46,36.86,-4.25,0.81,15.26
abr-10,0.59,-0.32,0.2,-0.05,-11.49,3.59,34.94,11.21,-11.23,9.06
may-10,0.29,-0.04,-0.77,-0.25,-13.41,-14.68,53.64,15.59,-9.03,10.39
jun-10,-2.39,-0.99,0.72,-0.17,-12.9,-8.31,25.02,3.06,-4.22,10.26
jul-10,1.14,1.14,-0.62,-0.55,-12.4,-12.55,-17.38,8.81,26.51,-0.17
ago-10,3.03,0.4,0.24,2.53,-8.12,3.38,1.89,18.35,5.64,20.95
sep-10,1.0,1.11,2.39,1.6,-7.4,-3.95,6.84,24.29,23.03,5.75
oct-10,0.57,0.3,-1.54,1.92,-6.03,0.04,9.04,22.24,10.95,20.76
nov-10,-1.69,-0.48,-0.6,-1.01,-7.37,-2.61,4.09,25.22,20.29,4.99
dic-10,1.27,0.8,-0.06,1.43,-7.03,4.24,4.07,29.95,25.87,24.14
ene-11,-0.58,-0.56,-0.45,-0.7,0.71,5.92,22.89,7.16,11.34,8.69
feb-11,-1.09,-0.02,0.22,-2.51,1.67,3.14,8.5,11.3,-13.72,1.9
mar-11,1.67,0.04,1.2,2.32,1.06,5.79,14.07,4.1,-12.08,-9.48
abr-11,-0.32,-0.46,-0.11,-0.66,7.8,2.25,8.91,-4.07,-8.28,-5.41
may-11,1.15,0.6,0.36,1.24,10.12,3.76,14.65,-8.83,-6.14,-6.91
jun-11,0.76,1.02,0.05,-2.69,6.64,11.31,16.22,0.88,-2.02,-2.73
jul-11,0.31,0.51,-0.62,2.2,8.03,18.36,58.49,-4.32,-18.23,3.71
ago-11,0.59,1.6,0.31,0.84,6.88,14.48,32.53,-6.1,-9.3,13.29
sep-11,1.15,0.65,0.86,0.51,10.98,21.21,19.82,-8.31,-8.18,15.98
oct-11,-0.22,-0.1,-0.97,0.6,8.38,7.44,20.25,-6.16,-8.99,14.88
nov-11,0.37,-0.24,0.44,0.1,8.04,16.41,31.45,-8.12,-10.89,18.01
dic-11,0.36,-0.32,-0.51,-0.17,5.34,15.67,22.73,-2.71,-2.13,14.94
ene-12,-4.18,0.18,0.18,-0.62,-0.4,14.1,3.32,-4.12,-0.31,29.25
feb-12,0.39,-1.62,-0.13,-0.44,1.49,9.68,0.22,-6.06,11.18,39.14
mar-12,0.47,-0.29,-0.6,0.49,2.73,6.86,-6.45,-6.83,24.91,38.03
abr-12,-0.17,0.24,-1.14,-0.89,6.41,2.03,-6.26,-6.62,22.3,46.26
may-12,1.42,0.99,0.26,0.78,5.46,17.31,-10.65,-1.63,20.45,48.08
jun-12,0.85,0.45,-0.95,-0.14,4.89,10.61,-0.09,-4.88,10.7,50.8
jul-12,1.14,-0.27,0.06,1.19,5.49,6.69,-1.04,-0.97,18.87,52.84
ago-12,0.77,2.09,0.51,0.2,-0.17,3.93,-0.64,2.43,21.86,31.37
sep-12,-0.12,0.69,0.22,2.36,-1.16,-3.27,-6.27,2.25,17.29,39.92
oct-12,-0.18,-2.55,-1.18,-2.46,-0.1,-1.28,-11.07,-0.82,18.64,39.62
nov-12,-1.02,-0.72,1.56,0.05,2.12,-14.27,-22.34,-1.88,12.28,32.18
dic-12,-3.75,-4.32,0.26,-1.42,-1.53,-21.47,-16.51,-2.08,5.69,17.07
ene-13,1.08,1.71,0.17,1.09,-4.49,-30.96,-7.75,2.79,5.18,32.87
feb-13,-0.28,1.15,-8.32,-1.76,-2.64,-18.79,-2.35,-6.02,16.33,35.53
mar-13,-1.07,-0.11,-0.88,0.28,-2.1,-34.07,8.54,-9.46,2.55,40.7
abr-13,1.59,0.61,0.33,0.14,-5.24,-6.94,7.25,-13.2,5.26,54.75
may-13,-1.94,0.76,1.43,-0.59,-10.09,-14.75,-2.84,-13.99,3.92,55.37
jun-13,-0.06,-1.42,1.43,1.03,-13.62,-7.17,2.49,-12.92,11.39,45.62
jul-13,-0.11,-1.4,0.67,-1.35,-12.72,-3.96,23.42,-17.37,5.82,33.7
ago-13,-1.12,-0.94,5.34,-0.97,-5.53,-9.97,23.22,-24.81,-15.93,27.96
sep-13,-2.71,-0.77,-6.1,-0.78,-13.11,-24.48,12.81,-16.42,-23.54,23.28
oct-13,1.45,0.27,0.59,-0.13,-8.18,-13.63,22.72,-15.68,-15.06,-0.47
nov-13,-0.73,0.26,3.4,-0.14,-11.16,-3.78,18.22,-11.06,-10.8,10.51
dic-13,3.2,0.23,-3.14,0.95,-4.82,13.37,17.16,-9.86,-11.47,24.22
ene-14,-0.09,-1.12,-0.19,-2.76,0.85,15.43,-3.17,-8.98,-15.48,13.85
feb-14,-0.17,1.04,1.36,0.87,-0.46,2.74,5.14,-4.64,-19.94,10.0
mar-14,-1.11,-1.5,0.1,-2.35,0.35,19.68,-16.41,-3.8,-23.02,9.27
abr-14,0.34,-1.83,1.63,-0.11,-3.33,-9.55,-8.71,3.44,-10.07,-5.51
may-14,0.69,5.07,-2.56,1.46,2.88,-1.1,-11.86,-3.72,-11.05,-1.44
jun-14,-0.45,-3.74,3.93,-3.05,10.1,-23.45,-8.98,-5.2,-24.11,-0.35
jul-14,-2.93,0.77,-0.19,0.69,4.87,-26.84,-21.28,-1.62,-18.43,-4.42
ago-14,2.78,-0.87,4.52,-3.16,2.98,-12.24,-24.39,9.32,-0.19,-2.81
sep-14,0.81,0.32,-4.75,4.31,8.59,11.63,-2.28,0.85,-1.91,2.09
oct-14,-0.25,-0.29,2.11,-0.78,5.61,-3.32,-15.05,-0.06,-2.48,9.2
nov-14,2.13,0.98,-0.7,2.02,8.77,4.44,2.68,1.19,-2.91,2.83
dic-14,-2.12,-0.73,0.14,-2.71,4.78,-9.23,-12.16,-0.2,-2.36,-4.53
ene-15,-0.8,-0.63,1.33,-0.74,-3.83,-5.71,9.91,-3.86,29.35,-3.29
feb-15,-0.7,-1.97,-0.25,-0.51,-1.64,-16.73,-7.92,-6.15,49.76,-10.92
mar-15,2.25,-0.46,0.1,0.35,1.49,-7.67,5.99,-10.99,54.1,-3.45
abr-15,-2.01,0.16,0.61,0.46,0.44,-9.77,0.65,-13.49,33.16,-3.69
may-15,1.49,-0.43,-3.26,-0.24,-0.05,-26.2,16.79,-0.87,15.9,-10.37
jun-15,-0.85,0.45,1.01,1.89,-5.28,8.11,-8.21,4.76,42.91,-11.3
jul-15,1.59,0.27,-2.62,-2.1,0.11,-0.22,8.28,4.97,36.3,-9.2
ago-15,-1.39,-0.9,4.51,-1.5,-2.9,-14.96,10.42,2.77,30.77,-16.39
sep-15,2.24,0.04,1.37,-0.49,2.13,-4.18,8.41,-5.21,50.23,-15.6
oct-15,-4.09,-1.19,-0.78,-0.32,-8.4,-7.58,5.22,-4.06,29.53,-3.37
nov-15,-0.57,-0.43,0.91,0.08,-8.58,-19.72,0.22,-9.5,23.57,-10.18
dic-15,-0.03,-0.09,-0.54,0.57,-6.56,-18.99,17.13,-12.22,44.33,-10.4
ene-16,0.92,6.0,-4.01,-1.64,1.79,-15.56,-12.46,-3.52,5.29,-14.34
feb-16,0.31,-6.69,2.09,0.28,-0.17,3.06,4.11,4.84,-14.31,-9.96
mar-16,-1.33,1.02,-0.59,-1.69,-6.49,-8.42,15.32,13.36,-18.59,-15.31
abr-16,-0.74,-1.04,1.56,1.11,-2.63,-3.97,30.47,9.95,-35.63,-14.27
may-16,-0.34,-1.43,1.75,-1.05,-4.34,26.36,23.1,-1.54,-22.29,-12.53
jun-16,0.67,0.33,0.58,-0.78,3.1,-3.11,42.8,-9.15,-32.03,-15.34
jul-16,-0.04,-0.85,0.06,0.36,1.65,0.18,22.86,-11.22,-44.33,-2.69
ago-16,-1.0,0.59,-0.06,-0.09,3.3,15.52,17.99,-15.42,-42.58,11.05
sep-16,0.03,4.23,-1.58,-1.06,-4.67,-13.54,9.97,-2.43,-44.24,2.44
oct-16,1.7,-5.48,0.43,0.72,10.95,5.09,6.64,-6.78,-43.15,0.04
nov-16,1.98,6.64,-1.66,4.18,16.43,16.97,6.36,-9.26,-47.51,8.96
dic-16,0.83,-2.3,0.81,-2.79,11.59,37.35,5.7,8.93,-58.13,11.16
ene-17,-1.57,-0.5,0.34,1.09,4.96,11.18,38.3,5.3,-53.8,2.37
feb-17,0.98,0.83,-0.45,-1.35,6.17,0.1,30.28,-2.6,-49.94,12.14
mar-17,-2.49,0.19,0.74,1.21,5.56,7.86,5.15,-0.88,-57.41,2.84
abr-17,1.55,-2.36,-0.81,-3.99,8.76,17.63,-10.61,-3.14,-44.68,26.88
may-17,-4.13,0.45,1.41,3.82,7.57,-14.49,-11.54,-1.12,-52.56,11.51
jun-17,-0.75,-0.86,-1.68,-0.39,1.87,-19.03,-14.15,-2.85,-49.27,27.88
jul-17,0.39,-1.07,0.92,-0.92,-0.65,3.13,-9.7,1.84,-36.76,16.02
ago-17,1.39,2.03,0.54,2.13,3.41,-8.48,-15.78,2.17,-37.33,22.79
sep-17,-1.4,-0.12,1.66,-1.31,8.91,-3.35,-20.27,-2.38,-43.41,10.61
oct-17,2.21,1.17,-0.7,1.91,2.11,-14.8,11.55,2.23,-36.2,10.45
nov-17,0.03,-0.38,-0.95,-1.87,-7.81,-17.4,-4.24,15.99,-20.44,9.82
dic-17,-0.84,-0.27,0.16,-1.94,-2.56,-33.25,-2.15,0.57,-3.08,4.59
ene-18,-2.9,3.57,-1.65,3.5,-2.35,16.43,-15.53,-6.39,-23.07,20.92
feb-18,-2.14,-2.24,-1.39,0.59,-8.97,17.09,-23.4,-1.9,-25.1,13.24
mar-18,1.11,0.29,3.07,1.19,-3.34,26.52,-14.02,-3.87,-2.57,19.82
abr-18,-3.54,0.45,-0.43,-0.61,-11.04,7.34,-17.13,-3.01,-2.37,-5.48
may-18,4.61,-0.22,0.16,-1.72,-3.18,33.29,-17.42,1.83,5.65,10.42
jun-18,-0.56,-0.64,-0.27,-0.95,-2.94,54.84,-19.41,9.62,-2.12,-1.97
jul-18,-0.96,0.06,0.23,0.21,-4.0,25.16,-18.3,3.61,9.6,-2.04
ago-18,-2.48,-0.72,-1.18,-1.29,-7.99,20.93,-8.91,0.38,-12.28,-11.71
sep-18,1.0,-1.37,0.51,0.36,-8.54,36.83,0.7,-5.15,5.37,3.49
oct-18,0.15,-1.14,-1.89,-1.94,-11.86,45.79,-9.96,-0.34,5.64,2.29
nov-18,-3.67,-0.76,2.6,-0.85,-8.73,24.41,-0.22,-11.1,-14.02,-10.07
dic-18,0.64,0.47,-0.6,0.83,-8.44,58.46,1.41,-14.39,-18.55,-10.55
ene-19,2.12,0.26,0.71,-0.93,-0.96,-11.03,2.19,-7.94,6.44,-12.0
feb-19,-0.63,-0.93,-1.78,2.06,5.21,4.16,3.38,-11.62,15.81,-20.25
mar-19,-2.43,-1.9,0.57,-3.72,-0.76,-20.01,7.44,-13.75,19.79,-21.15
abr-19,-1.38,-0.5,-0.35,-1.56,2.42,-15.86,10.27,-9.7,6.72,-17.18
may-19,1.06,-0.59,-0.53,0.11,-4.82,-16.15,4.39,-11.57,21.19,-21.18
jun-19,1.63,0.54,0.28,0.56,-2.66,-13.99,12.42,-11.79,25.86,-16.3
jul-19,-2.54,-0.72,-0.61,-1.64,-1.79,-15.38,5.8,-12.57,1.48,-18.65
ago-19,-1.34,-0.43,-0.57,-0.57,-6.41,-10.85,18.27,-8.48,29.75,-16.97
sep-19,-2.35,0.32,-0.29,1.6,-7.74,-20.34,4.4,-3.82,1.97,-21.97
oct-19,-3.97,-0.33,0.31,-1.31,-5.59,-27.09,-14.57,-14.27,-13.78,-23.7
nov-19,2.5,0.38,1.47,0.54,-3.24,-16.2,-16.87,-6.25,-5.8,-12.17
dic-19,-0.29,-0.5,0.08,0.04,-9.2,-38.92,-29.1,6.73,-15.25,-4.48
ene-20,-1.33,-5.61,1.42,-6.27,-14.02,-25.71,-23.08,-0.48,-10.74,-10.72
feb-20,-0.17,-0.19,-0.81,2.45,-16.52,-39.27,-23.04,7.28,-13.64,-1.14
mar-20,-4.4,-2.74,1.48,-4.62,-16.32,-35.78,-29.66,4.58,-27.02,-2.23
abr-20,-8.27,-9.05,0.69,-9.75,-30.7,-36.49,-36.84,21.11,-25.86,-22.9
may-20,-8.55,-3.16,-1.2,-2.37,-36.97,-36.86,-48.08,8.4,-42.59,-19.32
jun-20,1.67,2.08,0.75,1.71,-32.76,-40.3,-50.0,-0.21,-40.76,-19.54
jul-20,2.29,0.34,0.59,0.91,-29.35,-38.26,-42.71,4.69,-45.61,-15.89
ago-20,0.99,-0.16,-1.62,0.48,-26.97,-34.57,-47.22,6.88,-42.66,-13.72
sep-20,-0.61,-0.24,0.61,-1.06,-26.86,-27.56,-41.2,0.74,-18.11,-10.99
oct-20,2.14,0.88,0.72,1.05,-24.58,-24.63,-39.77,15.78,-30.44,-5.36
nov-20,-2.68,-0.13,-0.32,1.39,-24.01,-26.69,-36.26,-0.22,-35.25,-10.31
dic-20,0.01,0.71,1.13,-0.2,-20.54,-18.49,-43.67,-10.96,-21.01,-10.59
ene-21,-1.08,1.5,-1.25,2.02,-23.55,-10.5,-38.24,-10.25,-14.64,-7.32
feb-21,2.8,0.22,1.93,1.18,-22.34,9.44,-34.25,-11.07,-0.65,-5.92
mar-21,2.46,1.2,0.1,0.21,-20.16,13.45,-35.53,1.16,15.09,-1.14
abr-21,0.87,1.0,1.02,1.05,-1.39,42.05,-28.91,-18.03,43.73,22.21
may-21,-2.84,0.27,0.58,0.52,4.51,15.15,-8.86,-8.81,76.41,14.55
jun-21,-6.3,-0.4,-0.06,-0.99,-7.17,20.69,-15.9,-18.19,83.02,7.59
jul-21,6.52,-0.97,-0.43,-1.05,-8.19,21.25,-23.94,-7.14,133.31,6.03
ago-21,1.55,-0.35,3.73,-0.36,-3.59,11.99,-32.99,-7.99,116.92,5.57
sep-21,0.34,0.99,-1.25,1.14,-3.77,3.69,-46.49,1.69,68.05,9.71
oct-21,0.1,0.16,0.47,0.72,-5.16,-0.0,-36.03,-9.23,144.32,1.28
nov-21,-1.26,0.59,-0.51,-0.36,-7.29,1.3,-47.74,-1.07,203.04,-6.45
dic-21,-1.19,-0.14,-0.65,0.94,-7.13,19.59,-28.74,-8.61,152.52,-6.12
ene-22,5.44,2.43,0.33,6.43,5.7,14.16,-39.59,6.44,89.12,2.51
feb-22,-0.86,2.83,-0.8,0.77,10.43,-8.59,-38.91,-11.54,60.95,1.85
mar-22,2.24,1.93,-0.71,2.77,13.26,10.32,-24.35,-15.51,44.29,0.53
abr-22,-0.14,1.0,0.58,-1.86,9.6,-16.47,-10.65,-19.99,44.82,7.5
may-22,-1.19,-0.24,0.43,0.72,13.08,17.08,-1.78,-25.71,37.36,12.49
jun-22,-3.3,0.36,0.66,-0.59,14.64,16.67,5.14,-16.52,29.27,12.94
jul-22,2.37,0.93,1.22,0.34,9.57,27.77,-3.86,-24.13,29.63,11.1
ago-22,-3.59,0.28,-1.71,0.43,6.3,25.46,3.92,-25.49,29.7,-4.62
sep-22,2.04,0.0,2.32,0.26,6.82,12.63,25.78,-29.7,57.64,-3.91
oct-22,-0.12,-0.3,-1.23,0.49,7.95,43.69,17.54,-39.46,47.44,1.52
nov-22,4.26,-0.05,0.97,0.15,8.43,52.24,68.19,-21.66,32.79,7.82
dic-22,0.98,0.82,3.91,2.2,7.98,38.61,59.51,-14.31,26.71,12.92
ene-23,1.44,-3.13,-3.06,0.24,9.47,38.73,72.93,-25.16,39.95,1.86
feb-23,-0.17,2.57,-0.07,0.09,-0.96,61.2,83.84,-0.88,33.41,-6.21
mar-23,4.97,0.29,1.44,2.36,-2.6,92.26,47.9,3.86,39.71,-1.12
abr-23,5.49,-1.82,-3.77,1.11,-0.27,117.36,68.52,43.94,13.86,-5.21
may-23,9.13,1.8,-0.57,0.03,5.17,77.26,75.86,90.0,19.42,-3.93
jun-23,4.95,2.79,3.31,3.23,9.69,53.9,87.92,127.19,24.21,1.58
jul-23,7.74,-0.98,0.3,-0.54,13.24,36.36,119.01,160.74,9.9,12.81
ago-23,3.44,1.33,2.86,1.26,20.29,60.64,131.23,177.95,2.37,25.66
sep-23,2.04,0.01,1.11,-0.04,21.6,95.92,147.75,179.97,-8.65,22.18
oct-23,-1.49,1.77,0.37,0.82,20.21,35.22,124.11,223.35,-8.18,23.25
nov-23,-1.44,0.66,2.55,2.35,22.73,38.2,81.27,148.75,-17.33,24.58
dic-23,-3.12,0.05,0.44,-0.99,22.47,38.5,67.74,136.93,-11.48,11.88
ene-24,-6.43,-2.76,-0.99,-3.16,8.9,27.77,39.02,107.99,-2.49,2.82
feb-24,-3.1,1.8,1.09,2.62,11.26,2.22,49.51,69.63,-1.34,12.42
mar-24,-2.28,0.17,0.36,-1.51,10.45,-9.95,67.45,43.19,-1.85,-0.28
abr-24,-0.05,-1.05,0.48,-0.13,13.99,-13.38,17.25,12.09,-2.15,0.13
may-24,0.19,1.45,2.82,1.07,10.91,-0.41,-3.26,-15.05,-2.28,-3.18
jun-24,2.67,-1.01,-3.62,-1.99,8.78,21.74,-6.63,-18.69,-4.46,-1.35
jul-24,-2.11,-0.32,-1.46,1.21,12.08,23.83,-3.59,-40.12,-4.55,-15.41
ago-24,-1.14,-0.37,2.42,-1.16,6.1,7.45,-8.06,-46.7,2.48,-11.48
sep-24,-5.51,-1.83,-4.57,-2.62,3.56,-1.74,-15.17,-57.84,-3.66,-15.5
oct-24,-1.16,-3.03,1.92,-3.2,1.43,1.49,-10.66,-48.46,-24.1,-15.89
nov-24,-4.39,-3.08,-1.38,-1.68,-3.83,-0.36,-9.42,-53.77,-25.48,-11.63
dic-24,-0.58,-0.09,0.75,-2.24,-3.73,-6.75,1.77,-52.11,-23.63,-13.25
ene-25,-3.88,-0.23,1.15,-0.14,-1.87,-21.55,24.21,-51.64,-40.24,-0.78
feb-25,0.06,-0.59,0.46,-0.96,3.42,-3.4,-0.96,-45.99,-43.64,-2.73
mar-25,0.31,-0.12,0.19,-0.21,1.4,-23.55,-9.38,-39.25,-43.32,8.96
abr-25,-0.2,-0.2,0.62,-0.8,-0.46,-22.9,7.33,-36.26,-49.56,4.97
may-25,-2.2,-1.53,-0.1,-1.03,-3.23,-38.02,27.42,-34.37,-66.61,7.83
jun-25,1.1,-0.4,0.17,-0.36,-0.13,-50.64,22.85,-36.79,-67.73,2.11
jul-25,-1.58,-0.55,0.55,-0.22,-6.42,-49.41,10.2,-30.19,-60.41,8.25
ago-25,-2.49,-0.35,-0.64,-0.7,-7.31,-49.8,13.37,-28.13,-72.15,4.63
sep-25,-0.92,-0.05,0.56,-0.14,-6.08,-45.21,14.28,-10.84,-75.35,7.34
oct-25,0.59,0.34,0.63,1.29,-3.86,-29.08,19.05,-22.95,-67.07,0.72
nov-25,1.92,-0.35,-0.21,-0.57,-0.8,-43.17,26.09,1.33,-63.1,-4.91
dic-25,1.85,0.05,-0.21,-0.91,-2.15,-37.01,13.54,14.57,-60.49,-1.06
ene-26,0.62,-0.05,1.01,0.46,-4.8,-11.89,7.78,34.04,-40.09,-5.05
feb-26,0.36,0.22,-0.35,-0.19,-5.88,-14.07,20.98,29.79,-33.7,-7.03
mar-26,0.04,-0.32,0.27,0.38,-3.59,-20.88,27.24,29.2,-34.82,-14.09
