Periodo,Tasa_participacion_Total,Tasa_participacion_Hombres,Tasa_participacion_Mujeres,Tasa_subocupacion,Tasa_desocupacion_Total,Tasa_desocupacion_Hombres,Tasa_desocupacion_Mujeres,Tasa_informalidad,Tasa_ocupacion_Total,Tasa_ocupacion_parcial_Total,Tasa_participacion_urbana,Tasa_desocupacion_urbana,Tasa_subocupacion_urbana,Tasa_informalidad_urbana
ene-05,59.42,80.75,40.35,9.51,3.75,3.46,4.26,59.35,96.25,9.63,60.61,4.62,7.95,48.05
feb-05,59.29,80.66,40.43,9.22,3.6,3.31,4.09,59.14,96.4,9.31,60.65,4.82,7.83,48.32
mar-05,59.58,80.41,41.18,7.48,3.7,3.31,4.33,59.86,96.3,10.26,60.63,5.05,6.98,48.85
abr-05,58.29,79.26,39.73,7.0,3.62,3.37,4.03,59.42,96.38,9.01,60.64,4.65,6.82,48.21
may-05,59.22,80.2,41.03,8.07,3.84,3.78,3.95,59.26,96.16,9.39,60.63,5.14,7.65,47.53
jun-05,59.43,80.02,41.41,7.72,3.83,3.74,3.9,58.84,96.17,9.41,60.91,4.71,7.15,47.68
jul-05,59.35,80.05,41.4,7.42,3.65,3.29,4.45,60.31,96.35,9.48,60.8,4.79,7.14,48.49
ago-05,59.71,80.51,41.47,7.28,3.45,3.12,3.91,59.98,96.55,8.61,61.44,4.79,7.16,48.87
sep-05,59.85,80.36,42.05,7.19,3.45,3.46,3.53,59.97,96.55,9.78,61.28,4.35,6.66,48.85
oct-05,59.6,80.19,41.52,6.86,3.24,2.92,3.67,59.96,96.76,9.87,60.93,4.25,6.19,49.11
nov-05,58.97,79.96,41.11,6.41,3.03,2.91,3.28,59.56,96.97,8.19,61.21,4.04,5.68,48.74
dic-05,60.13,80.8,41.89,6.08,3.11,2.96,3.3,59.62,96.89,8.0,62.01,4.09,5.16,49.3
ene-06,60.03,80.9,41.81,6.12,3.25,3.1,3.49,59.38,96.75,8.74,61.31,4.31,4.93,48.19
feb-06,60.0,80.74,41.93,6.0,3.53,3.55,3.53,58.19,96.47,9.14,62.11,4.55,5.6,47.56
mar-06,60.1,80.85,41.94,6.52,3.29,3.19,3.47,58.88,96.71,9.1,62.1,4.23,5.5,47.55
abr-06,60.13,80.9,41.9,6.28,3.41,3.12,3.9,59.16,96.59,9.22,61.55,4.54,5.08,47.72
may-06,60.13,80.59,42.21,6.27,3.37,3.13,3.79,58.92,96.63,8.96,62.05,4.23,5.46,47.87
jun-06,59.36,80.71,40.88,5.88,3.56,3.36,3.8,58.72,96.44,8.93,61.75,4.77,4.87,47.61
jul-06,60.49,80.63,43.16,8.07,3.68,3.31,4.43,58.14,96.32,9.81,63.07,4.84,7.7,47.38
ago-06,60.4,80.66,42.5,7.84,3.65,3.49,3.83,57.86,96.35,9.2,61.86,4.49,6.36,45.48
sep-06,59.96,80.68,41.97,8.05,3.65,3.53,3.93,58.54,96.35,10.11,62.47,4.69,7.64,47.81
oct-06,60.48,80.66,42.75,7.52,3.72,3.34,4.19,57.39,96.28,10.33,62.42,4.66,6.69,45.75
nov-06,60.34,81.01,42.46,6.64,3.8,3.62,4.17,57.82,96.2,9.49,62.06,4.93,6.48,45.46
dic-06,59.78,80.19,41.9,7.5,3.84,3.61,4.28,57.96,96.16,9.18,62.24,4.77,6.79,46.91
ene-07,60.22,80.25,42.7,7.66,3.73,3.48,4.09,57.29,96.27,9.9,62.64,4.83,7.16,46.15
feb-07,60.0,80.22,42.07,7.68,3.88,3.58,4.47,57.73,96.12,10.13,61.8,4.9,6.49,46.19
mar-07,60.04,80.66,42.15,8.12,3.86,3.59,4.31,57.8,96.14,10.58,62.47,5.15,6.89,46.78
abr-07,59.95,80.19,42.17,7.28,3.75,3.64,3.96,57.38,96.25,10.03,62.02,4.78,6.61,45.67
may-07,60.11,80.55,42.02,6.78,3.61,3.42,3.93,58.04,96.39,9.3,61.88,4.72,6.13,46.21
jun-07,59.84,80.27,42.18,6.83,3.54,3.26,3.89,58.12,96.46,9.42,61.91,4.71,6.09,46.95
jul-07,60.02,80.21,42.59,7.05,3.5,3.38,3.81,57.22,96.5,9.86,62.26,4.34,6.22,45.96
ago-07,59.66,79.85,41.99,6.88,3.6,3.31,3.98,58.02,96.4,9.38,60.62,4.49,6.13,46.29
sep-07,59.35,79.66,41.8,6.49,3.52,3.24,4.0,57.61,96.48,9.59,61.54,4.8,5.86,46.38
oct-07,60.53,80.34,43.13,7.59,3.68,3.5,3.85,58.2,96.32,11.19,62.41,4.84,6.72,46.64
nov-07,60.6,81.09,42.96,7.44,3.51,3.15,4.15,58.12,96.49,10.0,62.53,4.58,6.57,47.36
dic-07,61.07,80.81,43.82,7.01,3.66,3.49,4.01,57.8,96.34,9.7,62.33,4.78,6.4,45.56
ene-08,60.46,80.5,42.71,6.75,3.89,3.8,4.01,57.83,96.11,10.33,61.96,4.94,5.83,45.89
feb-08,60.63,80.43,43.37,6.6,3.64,3.47,3.99,58.1,96.36,9.99,62.51,4.74,5.92,46.98
mar-08,60.41,80.12,43.13,6.6,3.7,3.54,4.0,57.62,96.3,10.31,62.14,4.62,6.25,45.77
abr-08,60.96,80.6,43.37,6.81,3.6,3.4,3.98,58.88,96.4,9.66,62.39,4.53,6.83,46.59
may-08,59.93,79.88,42.42,6.67,3.65,3.48,3.94,57.63,96.35,9.46,62.23,4.41,5.37,47.11
jun-08,60.19,80.28,42.57,7.02,3.65,3.33,4.06,57.91,96.35,9.62,62.18,4.4,6.4,46.67
jul-08,59.79,80.22,41.97,7.0,3.85,3.82,3.94,57.83,96.15,10.01,61.4,4.82,6.35,46.27
ago-08,60.01,80.01,42.36,6.15,3.81,3.87,3.65,58.56,96.19,9.31,61.24,4.87,5.07,47.12
sep-08,59.82,79.81,42.12,6.67,3.86,3.78,4.01,57.34,96.14,10.14,61.14,4.7,5.6,45.15
oct-08,59.24,79.47,41.34,6.63,3.96,4.11,3.59,57.8,96.04,10.3,61.08,4.92,5.91,46.28
nov-08,59.57,79.24,42.37,7.63,4.68,4.87,4.37,58.57,95.32,10.67,61.7,5.63,6.78,47.61
dic-08,59.28,78.61,41.85,8.01,4.51,4.31,5.0,58.41,95.49,9.82,60.62,5.91,7.13,46.38
ene-09,60.17,80.0,42.29,7.53,4.65,4.43,5.03,58.98,95.35,10.33,61.82,5.85,7.65,47.84
feb-09,59.73,79.43,42.41,7.98,5.0,5.12,4.85,59.29,95.0,10.98,61.21,6.12,7.25,47.4
mar-09,58.94,78.45,41.37,8.31,5.04,5.25,4.78,59.22,94.96,10.47,60.78,6.24,7.77,47.21
abr-09,59.23,78.59,41.78,11.36,5.33,5.63,4.93,59.27,94.67,11.7,61.47,6.89,13.79,47.88
may-09,59.6,79.01,42.4,13.23,5.66,5.9,5.27,59.45,94.34,11.6,61.12,7.23,14.33,47.21
jun-09,59.29,78.33,42.01,9.19,5.46,5.61,5.02,59.42,94.54,11.08,61.26,6.47,8.22,47.62
jul-09,59.68,78.82,42.63,7.94,5.62,5.57,5.71,60.11,94.38,11.42,61.66,6.9,8.07,48.51
ago-09,60.98,79.06,44.82,9.19,5.74,5.36,6.19,59.57,94.26,12.17,62.09,6.99,8.27,47.65
sep-09,60.68,79.11,44.14,9.09,5.9,5.63,6.28,59.97,94.1,12.97,62.11,7.37,8.31,47.51
oct-09,60.66,79.49,43.69,8.76,5.59,5.55,5.57,60.1,94.41,12.71,61.97,6.9,7.75,49.18
nov-09,60.36,79.22,43.47,8.9,5.36,5.4,5.3,59.52,94.64,12.19,61.43,6.29,8.12,47.96
dic-09,60.38,79.16,43.42,9.47,5.27,5.37,5.21,59.8,94.73,11.23,61.71,6.22,8.09,48.52
ene-10,60.2,79.09,43.37,9.71,5.52,5.72,5.22,59.6,94.48,12.02,61.97,6.97,9.41,48.27
feb-10,59.44,78.31,42.48,9.57,5.23,5.31,5.09,59.14,94.77,11.76,60.93,6.27,8.13,47.88
mar-10,60.24,79.45,43.25,8.7,5.27,5.19,5.42,59.66,94.73,11.03,61.66,6.32,7.26,48.34
abr-10,60.44,79.43,43.24,9.09,5.46,5.53,5.45,60.73,94.54,12.05,62.38,6.56,8.09,48.83
may-10,60.27,79.37,43.13,9.1,5.26,5.19,5.4,59.61,94.74,12.01,61.68,6.28,8.05,48.47
jun-10,59.96,79.4,42.71,8.48,5.19,5.37,4.82,58.68,94.81,11.04,61.81,6.6,7.3,47.22
jul-10,59.58,78.61,42.42,8.24,5.32,5.36,5.22,59.12,94.68,11.62,61.54,6.33,7.75,47.68
ago-10,60.26,78.75,43.38,8.65,4.97,4.81,5.14,58.81,95.03,11.27,61.41,5.66,7.53,47.47
sep-10,59.6,78.51,42.8,8.17,5.21,5.33,4.98,59.03,94.79,12.72,61.65,6.3,7.91,48.39
oct-10,59.03,78.34,41.78,8.34,5.42,5.59,5.08,59.3,94.58,11.84,60.62,6.38,7.09,47.82
nov-10,58.88,78.04,41.45,7.46,5.35,5.56,5.0,58.78,94.65,10.76,60.35,6.28,5.87,47.21
dic-10,58.63,77.77,41.42,7.45,5.47,5.68,5.26,59.07,94.53,10.45,59.89,6.77,5.68,48.25
ene-11,59.19,78.4,41.7,7.86,5.11,5.2,4.99,59.57,94.89,11.1,60.65,6.01,6.38,47.76
feb-11,59.19,78.18,42.01,8.06,5.28,5.38,5.12,58.86,94.72,11.01,61.72,5.96,6.77,47.68
mar-11,59.36,78.46,42.13,8.33,5.06,5.2,4.8,59.14,94.94,10.02,61.12,5.92,6.87,48.61
abr-11,59.43,78.31,42.34,8.3,5.17,5.13,5.27,59.19,94.83,11.27,60.47,5.37,7.03,46.53
may-11,59.39,78.25,42.27,8.13,5.35,5.42,5.23,58.88,94.65,11.12,61.48,6.16,6.49,47.92
jun-11,59.62,78.4,42.68,8.11,5.58,5.4,5.87,59.43,94.42,11.29,60.93,6.23,6.88,47.82
jul-11,59.85,78.71,42.89,8.53,5.27,5.25,5.29,58.88,94.73,11.09,61.26,6.14,6.8,47.37
ago-11,59.9,78.59,42.89,8.76,5.34,5.23,5.44,59.83,94.66,11.59,61.52,5.96,7.83,48.56
sep-11,60.24,78.8,43.27,8.75,5.24,5.06,5.42,59.81,94.76,12.18,61.53,5.86,7.62,48.49
oct-11,60.68,78.68,44.79,8.91,4.81,4.86,4.77,58.95,95.19,12.35,62.23,5.79,7.56,46.85
nov-11,60.45,79.06,43.76,9.4,5.06,5.01,5.2,59.67,94.94,11.7,62.06,5.92,7.11,48.03
dic-11,60.7,78.95,44.22,8.88,5.03,5.05,5.07,59.37,94.97,10.86,62.22,5.57,7.1,47.53
ene-12,60.36,78.84,43.65,8.59,4.67,4.57,4.91,59.62,95.33,11.09,61.92,5.56,6.88,48.22
feb-12,59.94,78.8,43.19,8.49,5.42,5.69,4.96,59.69,94.58,11.36,62.05,6.26,7.35,48.93
mar-12,60.37,78.68,43.87,8.54,5.12,5.19,4.93,59.05,94.88,10.78,62.02,5.91,6.78,47.46
abr-12,60.35,78.96,43.62,8.25,4.89,4.83,4.96,59.35,95.11,11.62,61.52,5.73,6.83,47.63
may-12,60.67,78.89,44.37,8.73,4.88,4.84,4.93,59.77,95.12,11.72,62.38,6.02,7.56,48.63
jun-12,61.07,79.32,44.78,9.67,4.85,4.89,4.88,59.69,95.15,11.62,62.56,5.63,7.65,48.94
jul-12,60.69,79.23,44.01,8.6,4.72,4.72,4.7,59.85,95.28,11.19,62.34,5.54,7.39,48.56
ago-12,61.16,79.36,44.85,8.09,4.94,4.96,4.85,59.39,95.06,11.6,62.31,5.85,6.06,48.23
sep-12,60.65,78.51,44.29,8.68,4.67,4.45,4.91,59.32,95.33,11.83,62.25,5.5,6.22,48.21
oct-12,60.19,78.47,43.97,8.31,4.84,4.78,4.98,59.93,95.16,11.46,61.78,5.7,7.5,48.11
nov-12,60.11,77.84,44.15,7.92,5.21,5.15,5.38,59.72,94.79,11.39,62.14,6.0,6.51,48.74
dic-12,59.73,77.93,43.23,8.33,4.98,4.96,5.0,58.84,95.02,10.52,61.79,6.04,7.16,47.96
ene-13,59.76,77.92,43.32,8.47,5.16,5.15,5.24,58.94,94.84,11.29,61.11,6.22,6.81,48.16
feb-13,60.24,78.23,44.06,8.24,4.96,4.81,5.17,59.4,95.04,10.72,61.57,5.76,6.32,47.67
mar-13,59.58,78.12,42.89,8.07,5.05,4.93,5.16,57.83,94.95,10.28,61.65,5.82,7.14,47.67
abr-13,60.21,78.29,43.93,8.26,5.12,5.19,4.97,59.24,94.88,11.33,61.92,6.34,6.79,48.28
may-13,60.6,78.46,44.54,8.39,4.96,5.02,4.86,59.32,95.04,11.85,61.86,5.47,6.87,47.23
jun-13,60.53,79.16,43.97,8.42,5.07,4.91,5.43,57.89,94.93,11.26,62.2,5.78,7.18,47.73
jul-13,60.54,78.73,44.16,8.35,4.9,4.85,4.93,59.06,95.1,11.15,61.84,5.6,6.81,48.38
ago-13,60.18,78.37,43.91,8.68,4.82,4.83,4.78,59.13,95.18,11.43,61.53,5.49,7.16,48.16
sep-13,60.3,78.3,43.96,8.14,4.98,4.88,5.07,57.59,95.02,12.02,61.19,5.73,7.24,47.38
oct-13,60.69,78.85,44.27,8.48,4.88,4.92,4.87,58.44,95.12,11.66,62.13,5.52,6.95,48.4
nov-13,60.66,78.97,44.15,8.51,4.61,4.65,4.63,58.13,95.39,11.18,62.09,5.1,6.86,47.63
dic-13,61.33,79.34,45.02,8.21,4.79,4.62,5.05,58.79,95.21,10.65,62.27,5.91,6.32,48.26
ene-14,60.69,78.81,44.17,8.2,4.91,4.85,5.04,58.22,95.09,11.2,61.85,6.43,6.9,47.38
feb-14,59.78,78.67,42.82,8.31,4.82,4.77,4.89,57.24,95.18,10.9,61.2,5.77,7.05,46.7
mar-14,60.53,78.46,44.44,8.69,5.29,5.05,5.56,58.4,94.71,11.21,61.46,6.14,6.98,47.7
abr-14,60.2,78.19,43.81,8.18,4.92,5.1,4.58,57.89,95.08,11.38,61.79,6.33,7.08,47.53
may-14,59.78,78.4,42.87,7.99,4.94,4.86,5.1,57.14,95.06,11.29,60.63,5.77,6.12,46.7
jun-14,59.42,77.99,42.73,7.75,4.83,4.91,4.8,57.63,95.17,11.12,60.27,5.89,5.61,46.82
jul-14,59.86,77.93,43.44,8.1,5.22,5.31,4.98,57.75,94.78,11.81,60.87,6.46,6.65,47.36
ago-14,59.29,78.05,42.48,7.55,4.84,4.79,4.92,57.16,95.16,10.93,60.66,5.82,6.49,46.66
sep-14,60.17,78.86,42.98,8.09,4.78,4.84,4.68,57.94,95.22,11.23,61.1,5.58,6.36,47.21
oct-14,59.1,77.42,42.55,8.07,4.65,4.62,4.71,57.41,95.35,11.04,60.31,5.72,7.14,46.74
nov-14,59.48,78.21,42.46,8.0,4.66,4.65,4.82,56.84,95.34,10.28,60.31,5.29,6.46,46.52
dic-14,60.03,78.47,43.36,8.31,4.17,4.09,4.3,58.43,95.83,9.83,60.75,4.93,6.41,47.57
ene-15,59.65,78.08,43.08,8.18,4.39,4.4,4.38,57.21,95.61,10.39,60.66,5.2,7.45,46.75
feb-15,59.66,78.02,42.98,8.3,4.45,4.45,4.39,57.57,95.55,10.67,61.03,5.36,7.19,47.52
mar-15,59.63,78.1,42.97,7.96,4.28,4.12,4.45,58.11,95.72,9.78,60.97,5.05,6.88,47.68
abr-15,59.61,78.12,42.85,8.43,4.35,4.21,4.58,57.8,95.65,10.58,60.71,5.04,6.87,47.12
may-15,59.52,77.82,42.9,7.41,4.39,4.27,4.56,57.61,95.61,10.72,60.89,5.33,7.16,47.93
jun-15,59.83,77.81,43.55,8.52,4.41,4.13,4.91,58.22,95.59,10.66,61.6,5.08,7.39,48.09
jul-15,59.44,77.69,43.01,8.24,4.49,4.29,4.72,57.73,95.51,10.79,60.8,5.17,7.4,46.86
ago-15,60.04,78.33,43.7,8.2,4.39,4.33,4.46,57.39,95.61,10.29,61.59,5.01,7.21,47.13
sep-15,59.75,77.56,43.31,8.65,4.2,4.11,4.37,57.8,95.8,10.94,61.05,5.12,8.0,47.37
oct-15,60.09,77.93,43.86,8.17,4.44,4.22,4.77,57.77,95.56,11.3,61.5,5.24,7.75,47.19
nov-15,61.29,79.01,45.28,9.54,4.06,4.03,4.28,58.02,95.94,10.86,62.32,4.42,8.57,47.84
dic-15,59.9,77.58,43.66,8.32,4.31,4.24,4.47,57.88,95.69,10.21,61.11,5.46,8.74,46.45
ene-16,59.86,77.89,43.55,8.31,4.17,4.11,4.24,57.66,95.83,10.7,61.21,4.82,6.97,46.69
feb-16,59.87,77.63,43.75,7.98,4.26,4.14,4.4,57.35,95.74,9.94,61.56,4.87,7.23,46.41
mar-16,59.31,76.97,43.17,7.72,4.14,4.19,4.01,56.89,95.86,10.02,60.31,4.77,6.04,44.81
abr-16,59.79,77.64,43.63,7.01,3.82,3.84,3.79,57.21,96.18,9.67,61.17,4.48,6.63,46.42
may-16,59.88,77.6,43.79,8.17,3.95,3.91,3.99,57.36,96.05,10.27,61.33,4.87,8.12,46.21
jun-16,59.07,77.43,42.51,7.71,3.92,3.86,4.04,56.88,96.08,9.76,60.65,4.6,6.63,45.33
jul-16,60.06,77.6,44.23,7.75,3.81,3.77,3.79,56.87,96.19,9.79,61.36,4.4,6.33,45.93
ago-16,59.93,77.84,43.85,8.03,3.76,3.67,3.87,57.87,96.24,10.21,61.06,4.46,6.84,46.15
sep-16,59.9,78.14,43.34,6.89,3.84,3.66,4.21,56.65,96.16,9.94,61.26,5.05,6.34,45.59
oct-16,59.58,77.51,43.37,7.67,3.59,3.6,3.53,57.12,96.41,9.75,61.08,4.3,6.64,46.49
nov-16,59.89,78.25,43.34,7.23,3.59,3.69,3.62,56.89,96.41,9.77,61.07,4.38,6.16,45.62
dic-16,59.59,77.79,43.2,6.54,3.64,3.54,3.84,56.55,96.36,8.74,60.56,4.49,5.83,44.63
ene-17,59.58,77.65,43.29,7.34,3.54,3.35,3.79,57.12,96.46,8.92,61.3,4.04,6.8,46.13
feb-17,59.67,77.7,43.55,7.4,3.47,3.45,3.41,57.1,96.53,9.0,60.69,3.64,6.04,45.7
mar-17,59.7,78.01,43.35,6.86,3.53,3.34,3.82,56.74,96.47,8.83,60.92,4.06,6.31,45.21
abr-17,59.24,77.52,42.7,7.09,3.48,3.32,3.79,56.02,96.52,9.37,60.46,4.11,6.86,44.93
may-17,59.24,77.41,43.02,6.72,3.51,3.36,3.73,56.72,96.49,9.64,60.7,3.94,5.71,44.73
jun-17,59.23,77.56,42.91,7.09,3.28,3.17,3.45,56.53,96.72,9.14,60.33,3.85,6.2,45.27
jul-17,59.42,77.56,42.95,6.22,3.26,3.27,3.18,57.02,96.74,9.04,61.03,3.96,5.87,45.82
ago-17,58.72,77.24,42.31,6.63,3.33,3.17,3.54,57.17,96.67,8.99,60.08,4.02,5.36,45.8
sep-17,59.34,77.44,43.11,7.69,3.34,3.31,3.45,56.82,96.66,9.96,60.67,4.21,6.31,45.76
oct-17,59.6,77.57,43.33,7.05,3.44,3.29,3.66,56.74,96.56,9.69,60.61,4.11,6.11,45.68
nov-17,59.33,77.27,43.25,6.77,3.5,3.17,4.19,56.65,96.5,9.24,60.18,4.01,5.44,44.89
dic-17,59.31,77.59,42.8,6.85,3.39,3.39,3.39,56.48,96.61,8.4,61.13,3.87,6.31,45.43
ene-18,59.58,77.51,43.42,6.88,3.28,3.28,3.23,56.72,96.72,9.05,60.71,3.99,5.67,46.36
feb-18,59.46,77.53,43.19,6.61,3.29,3.12,3.51,56.38,96.71,8.73,60.79,3.93,6.12,44.26
mar-18,59.34,77.36,43.07,7.23,3.27,3.21,3.33,56.61,96.73,8.6,61.14,3.95,6.06,45.85
abr-18,59.67,76.96,43.99,6.72,3.38,3.41,3.4,56.57,96.62,9.28,61.32,4.18,6.47,46.5
may-18,59.91,77.84,43.54,6.9,3.22,3.24,3.18,56.81,96.78,9.13,61.21,3.7,6.58,46.55
jun-18,59.61,77.72,43.38,6.69,3.36,3.4,3.27,56.6,96.64,9.01,61.61,4.06,5.99,46.36
jul-18,59.4,77.57,42.87,6.83,3.29,3.15,3.5,56.57,96.71,9.03,61.16,3.8,5.88,46.61
ago-18,59.7,77.38,43.79,7.17,3.27,3.08,3.52,56.61,96.73,8.94,61.31,4.08,6.49,46.32
sep-18,59.78,77.51,43.84,6.63,3.33,3.14,3.7,56.32,96.67,9.43,61.21,3.76,6.03,46.29
oct-18,59.38,76.99,43.35,6.79,3.2,3.0,3.51,55.49,96.8,9.07,60.68,3.66,5.46,45.6
nov-18,59.71,77.28,43.76,6.89,3.34,3.29,3.56,56.9,96.66,9.41,60.98,3.82,6.27,46.65
dic-18,59.74,77.19,44.06,7.0,3.66,3.61,3.66,56.62,96.34,8.7,60.82,4.55,5.77,46.55
ene-19,59.84,77.29,44.06,6.78,3.45,3.32,3.6,56.35,96.55,8.99,61.21,3.98,6.55,46.15
feb-19,59.58,77.08,43.78,6.66,3.39,3.28,3.48,57.51,96.61,8.99,61.05,4.12,6.01,46.67
mar-19,60.26,77.39,44.81,7.15,3.61,3.51,3.74,56.61,96.39,8.94,61.17,4.21,6.36,46.9
abr-19,59.83,76.95,44.37,7.35,3.49,3.46,3.64,56.38,96.51,9.62,61.22,3.93,5.66,45.81
may-19,60.04,77.04,44.62,7.49,3.54,3.44,3.7,56.19,96.46,10.0,61.2,4.31,6.35,46.02
jun-19,60.38,77.21,45.24,7.48,3.54,3.47,3.64,56.49,96.46,9.62,61.17,4.14,6.3,46.51
jul-19,60.19,76.95,44.98,7.45,3.52,3.43,3.67,55.99,96.48,9.39,60.86,4.17,6.56,45.81
ago-19,60.14,77.7,44.6,7.19,3.48,3.65,3.2,56.16,96.52,9.36,61.33,4.05,6.24,45.72
sep-19,60.39,77.25,45.14,7.79,3.52,3.53,3.55,56.55,96.48,9.95,61.24,4.09,6.5,46.17
oct-19,60.19,76.85,45.26,7.71,3.61,3.64,3.59,55.8,96.39,10.11,61.2,4.29,6.62,45.86
nov-19,60.26,77.24,45.11,8.16,3.53,3.45,3.75,55.77,96.47,9.79,61.38,4.37,6.62,45.52
dic-19,60.45,77.08,45.27,7.4,3.2,3.21,3.08,56.04,96.8,8.41,61.24,3.91,6.57,45.48
ene-20,60.36,76.75,45.63,7.45,3.65,3.51,3.78,56.13,96.35,9.15,61.26,4.25,6.61,45.68
feb-20,60.48,76.88,45.78,9.07,3.57,3.53,3.55,56.1,96.43,9.56,61.37,4.68,7.96,45.4
mar-20,59.96,76.44,45.16,9.54,3.32,3.24,3.41,55.56,96.68,8.81,60.69,4.1,8.44,44.79
abr-20,47.17,61.19,34.61,24.16,4.67,5.02,4.3,48.02,95.33,15.04,45.23,5.16,24.99,37.05
may-20,47.35,60.98,35.13,29.31,4.28,5.26,2.78,51.97,95.72,13.6,45.3,5.39,27.58,38.54
jun-20,52.98,68.01,39.52,20.05,5.45,5.79,4.94,53.18,94.55,13.97,49.1,6.39,22.79,38.35
jul-20,54.67,71.66,39.11,17.36,5.01,4.62,5.71,54.86,94.99,12.23,53.44,6.28,19.29,43.13
ago-20,54.84,72.4,39.04,16.34,4.9,5.06,4.6,54.86,95.1,11.97,54.47,6.18,18.46,43.41
sep-20,55.93,73.34,40.31,15.38,4.79,5.13,4.26,54.85,95.21,11.79,55.58,6.12,15.2,43.46
oct-20,57.29,74.19,41.98,15.05,4.59,4.68,4.51,55.67,95.41,11.32,57.23,5.93,16.57,44.61
nov-20,56.54,73.41,41.29,15.65,4.51,4.91,3.97,56.06,95.49,11.63,56.7,5.88,17.81,45.27
dic-20,56.79,73.56,41.48,14.9,4.17,4.08,4.22,55.79,95.83,10.71,56.53,5.23,17.51,45.28
ene-21,56.72,74.0,41.25,15.13,4.53,4.53,4.44,55.72,95.47,11.61,55.94,6.36,17.77,44.94
feb-21,57.04,74.33,41.45,14.42,4.44,4.52,4.15,55.31,95.56,10.6,57.51,5.64,16.31,44.27
mar-21,57.44,74.56,41.93,13.86,4.47,4.5,4.36,56.66,95.53,10.56,57.68,5.74,15.28,45.76
abr-21,58.98,76.14,43.49,13.07,4.67,5.05,4.25,55.73,95.33,11.21,58.77,5.82,14.2,45.56
may-21,58.63,75.34,43.77,12.66,4.08,4.15,3.95,55.62,95.92,10.6,59.0,5.24,12.95,45.39
jun-21,58.41,75.33,43.18,12.38,3.98,4.01,3.99,55.45,96.02,10.56,58.48,5.14,12.68,45.54
jul-21,59.52,75.96,44.59,12.51,4.09,3.96,4.33,56.23,95.91,11.07,60.47,5.34,12.65,45.84
ago-21,59.12,75.93,44.26,12.61,4.0,4.0,3.94,56.21,96.0,10.47,60.35,5.23,13.66,45.94
sep-21,58.61,75.73,43.25,12.02,3.92,3.83,4.05,56.1,96.08,10.25,59.81,5.18,12.42,46.42
oct-21,59.19,76.19,43.83,11.18,3.85,3.89,3.86,55.42,96.15,10.19,60.4,5.0,11.32,44.98
nov-21,59.12,76.15,44.12,10.27,3.8,3.66,4.0,55.52,96.2,9.89,60.0,4.81,10.53,45.18
dic-21,59.86,76.46,44.57,10.53,3.81,3.49,4.35,56.72,96.19,9.48,60.84,4.85,10.39,46.0
ene-22,58.83,75.89,43.77,9.36,3.57,3.65,3.4,55.14,96.43,9.04,59.96,4.81,9.78,43.35
feb-22,59.01,76.09,44.09,9.59,3.81,3.72,3.8,54.57,96.19,9.21,60.27,5.38,9.49,44.18
mar-22,58.96,75.33,44.23,9.09,3.48,3.52,3.39,55.81,96.52,8.46,60.17,4.39,8.98,44.47
abr-22,59.98,76.3,45.54,8.63,3.06,3.12,3.09,55.66,96.94,9.27,61.23,3.95,9.18,45.0
may-22,59.61,76.47,44.7,8.38,3.32,3.27,3.32,55.64,96.68,9.12,60.6,4.2,9.11,45.12
jun-22,59.81,76.36,45.15,8.89,3.31,3.39,3.28,55.88,96.69,9.42,60.99,4.24,8.73,45.07
jul-22,59.54,76.1,44.73,7.83,3.19,3.18,3.26,55.15,96.81,8.7,60.48,4.01,8.23,44.63
ago-22,59.77,76.36,45.17,7.66,3.24,3.21,3.25,55.29,96.76,8.99,60.38,4.02,7.73,45.08
sep-22,59.86,76.24,45.36,7.62,3.12,3.08,3.16,55.48,96.88,9.32,60.94,3.88,7.44,44.66
oct-22,60.36,76.42,46.03,7.44,3.23,3.08,3.54,55.17,96.77,9.3,61.19,4.23,7.67,44.34
nov-22,60.37,76.72,45.95,7.37,2.94,2.85,3.04,55.1,97.06,9.13,60.89,3.78,6.63,44.26
dic-22,60.06,75.79,45.73,7.66,2.97,3.08,2.84,55.28,97.03,8.43,61.12,3.89,7.64,44.41
ene-23,60.78,76.77,46.57,7.99,2.91,2.95,2.81,55.17,97.09,8.57,61.32,3.58,7.25,44.19
feb-23,60.49,76.61,46.34,7.65,2.83,2.54,3.11,55.46,97.17,8.56,61.07,3.48,7.23,44.98
mar-23,60.62,76.39,46.54,7.42,2.82,2.93,2.66,55.03,97.18,8.14,61.36,3.38,6.57,44.95
abr-23,60.28,76.07,46.37,8.07,2.87,2.94,2.84,54.77,97.13,9.53,60.85,3.63,7.3,42.92
may-23,60.02,75.99,45.83,8.04,2.93,2.85,2.93,55.12,97.07,9.49,61.02,3.4,8.12,44.91
jun-23,60.16,76.31,46.08,7.84,2.61,2.63,2.67,55.49,97.39,8.45,61.05,3.14,7.82,45.56
jul-23,60.33,76.21,46.29,7.69,2.91,3.06,2.74,55.39,97.09,9.61,61.37,3.42,7.93,45.26
ago-23,60.36,76.35,46.37,7.69,2.69,2.65,2.73,55.11,97.31,8.94,61.31,3.31,8.13,44.49
sep-23,60.5,76.48,46.42,7.86,2.67,2.64,2.71,54.23,97.33,9.02,61.56,3.32,7.76,44.61
oct-23,60.09,76.77,45.26,7.68,2.7,2.72,2.74,55.18,97.3,9.08,60.82,3.39,7.47,44.52
nov-23,60.58,76.4,46.55,7.91,2.78,2.81,2.73,54.68,97.22,9.75,61.56,3.37,7.78,44.08
dic-23,60.24,75.61,46.29,8.13,2.8,2.73,2.93,54.06,97.2,8.82,60.41,3.37,7.47,42.82
ene-24,60.22,76.19,46.13,7.41,2.78,2.73,2.85,54.45,97.22,8.45,61.55,3.35,6.61,43.49
feb-24,60.51,75.92,47.15,6.74,2.59,2.46,2.66,54.46,97.41,8.48,61.55,3.29,6.78,43.9
mar-24,60.35,76.08,46.35,7.12,2.69,2.56,2.87,54.39,97.31,8.23,61.26,3.4,5.94,42.89
abr-24,60.45,76.34,46.51,7.47,2.67,2.65,2.73,54.61,97.33,9.07,61.78,3.11,6.91,43.29
may-24,60.55,76.17,46.87,7.39,2.6,2.7,2.37,54.36,97.4,8.78,62.03,3.29,6.96,43.6
jun-24,59.89,75.96,45.86,7.45,2.73,2.77,2.78,53.81,97.27,9.07,61.38,3.44,7.09,42.36
jul-24,60.43,76.36,46.3,7.71,2.72,2.83,2.62,54.14,97.28,9.48,61.92,3.3,6.92,42.59
ago-24,60.07,75.94,46.29,7.81,2.76,2.67,2.87,54.2,97.24,9.17,61.68,3.2,6.87,42.93
sep-24,60.01,75.73,46.44,7.82,2.7,2.67,2.74,54.19,97.3,9.64,60.68,3.18,6.71,42.48
oct-24,59.86,75.42,46.09,9.0,2.48,2.4,2.68,53.88,97.52,9.35,61.67,2.89,8.04,43.0
nov-24,59.75,75.11,46.04,8.47,2.68,2.64,2.74,54.63,97.32,9.7,61.32,3.05,7.11,43.7
dic-24,59.65,75.04,45.99,7.37,2.64,2.69,2.48,54.13,97.36,8.54,61.16,3.07,6.03,43.17
ene-25,59.79,75.28,46.13,7.33,2.64,2.48,2.88,54.43,97.36,9.16,60.83,3.14,6.69,43.53
feb-25,59.04,74.55,45.49,6.53,2.65,2.62,2.63,54.52,97.35,8.58,60.78,3.14,5.68,43.35
mar-25,59.58,75.28,45.81,7.21,2.6,2.56,2.63,54.45,97.4,8.19,61.12,2.86,6.24,43.29
abr-25,59.37,75.14,45.53,6.92,2.61,2.5,2.77,54.67,97.39,9.09,60.97,3.16,6.24,43.57
may-25,59.44,75.05,45.68,7.07,2.71,2.64,2.74,54.8,97.29,9.24,60.67,3.16,5.5,43.21
jun-25,59.86,75.11,46.62,7.28,2.64,2.59,2.8,54.75,97.36,8.97,61.48,3.13,5.89,43.25
jul-25,59.53,74.88,46.06,7.04,2.58,2.56,2.68,55.73,97.42,9.31,60.37,2.87,6.12,44.96
ago-25,58.75,73.99,45.5,6.91,2.66,2.66,2.66,54.76,97.34,9.16,59.84,3.18,5.86,43.74
sep-25,59.53,75.62,45.48,6.97,2.74,2.68,2.83,54.87,97.26,9.45,60.76,3.47,6.07,43.83
oct-25,59.54,74.66,46.1,7.14,2.61,2.63,2.63,55.39,97.39,9.29,60.72,3.06,6.06,45.1
nov-25,58.74,74.69,44.52,6.84,2.7,2.61,2.83,54.78,97.3,8.67,60.51,3.2,6.66,43.93
dic-25,59.39,74.74,45.62,6.73,2.62,2.32,2.93,55.1,97.38,8.81,60.75,2.96,5.44,43.8
ene-26,58.91,74.05,45.54,6.46,2.65,2.62,2.69,55.09,97.35,8.78,60.83,3.1,5.79,44.46
feb-26,59.36,74.69,45.82,7.31,2.72,2.63,2.82,54.82,97.28,9.18,60.62,3.14,6.07,43.73
mar-26,58.83,73.99,45.35,7.33,2.8,2.64,2.99,54.99,97.2,8.51,60.62,3.36,6.12,44.1
