Periodo,Total_Mensual,Total_Anual,Maquinaria_y_equipo_Mensual,Maquinaria_y_equipo_Anual,Construcción_Mensual,Construcción_Anual,Construccion_residencial_Anual,Construccion_no_residencial_Anual,Maquinaria_nacional_Anual,Maquinaria_importada_Anual
feb-93,2.18,,-0.85,,3.27,,,,,
mar-93,1.37,,-0.42,,2.05,,,,,
abr-93,-0.86,,3.34,,-2.95,,,,,
may-93,1.92,,-0.99,,2.83,,,,,
jun-93,-3.84,,-5.95,,-2.22,,,,,
jul-93,1.75,,3.27,,1.98,,,,,
ago-93,2.61,,2.64,,0.81,,,,,
sep-93,1.12,,-0.44,,2.2,,,,,
oct-93,2.16,,4.03,,1.39,,,,,
nov-93,3.55,,0.8,,3.85,,,,,
dic-93,-0.53,,19.22,,-7.41,,,,,
ene-94,2.33,14.41,-14.5,7.19,11.4,17.33,-5.37,36.91,4.26,14.38
feb-94,2.51,14.77,-1.49,6.5,3.8,17.93,-3.93,37.39,1.3,17.83
mar-94,3.14,16.77,-0.23,6.71,4.79,21.1,-4.0,41.4,-3.53,33.84
abr-94,2.43,20.66,2.33,5.67,1.99,27.27,1.46,51.37,3.69,12.46
may-94,-2.31,15.65,-3.48,3.01,-1.45,21.96,-3.56,39.6,-0.41,11.05
jun-94,0.46,20.83,3.25,13.08,-0.82,23.71,-0.8,43.18,7.05,23.32
jul-94,-0.3,18.39,0.31,9.83,-0.51,20.69,0.39,37.58,2.7,24.68
ago-94,0.72,16.21,0.77,7.83,0.4,20.2,5.15,32.41,2.24,22.49
sep-94,-1.39,13.32,-0.19,8.1,-1.9,15.37,7.01,24.38,3.15,22.02
oct-94,1.42,12.5,-0.62,3.27,1.61,15.63,10.94,18.28,-8.23,31.57
nov-94,-2.05,6.42,2.63,5.14,-3.52,7.43,10.86,4.84,-5.0,36.34
dic-94,-10.83,-4.6,-4.16,-15.48,-12.35,1.7,16.34,-7.87,-21.77,3.27
ene-95,-11.91,-17.88,-26.84,-27.68,-5.45,-13.69,7.32,-26.68,-26.36,-29.43
feb-95,-17.38,-33.81,-10.87,-34.57,-20.11,-33.58,-10.06,-47.96,-30.6,-44.22
mar-95,0.11,-35.75,2.71,-32.65,-0.25,-36.77,-9.72,-50.8,-31.77,-33.54
abr-95,-2.03,-38.55,-12.95,-42.7,0.03,-37.98,-11.39,-54.09,-42.63,-42.17
may-95,-7.47,-41.8,8.65,-35.5,-10.59,-43.73,-12.29,-59.54,-36.72,-33.37
jun-95,4.46,-39.48,0.48,-37.23,5.21,-40.31,-9.48,-58.37,-41.12,-31.13
jul-95,0.54,-38.97,1.92,-36.22,-0.82,-40.5,-10.65,-57.75,-37.73,-32.65
ago-95,0.97,-38.81,-1.71,-37.79,2.81,-39.07,-8.75,-58.51,-40.87,-31.79
sep-95,4.91,-34.91,1.62,-36.66,5.71,-34.34,-11.61,-53.55,-39.68,-31.25
oct-95,0.32,-35.61,-1.29,-37.09,0.61,-34.99,-9.67,-50.99,-37.07,-36.85
nov-95,3.81,-31.76,-2.43,-40.19,7.34,-27.67,-5.03,-42.46,-39.79,-42.0
dic-95,3.81,-20.56,2.06,-36.31,4.08,-14.11,-2.34,-24.15,-39.26,-30.03
ene-96,1.8,-8.2,6.19,-7.55,1.64,-7.66,-1.19,-13.81,-12.21,5.05
feb-96,-2.68,8.13,0.15,3.88,-4.48,10.41,8.28,12.55,0.61,19.43
mar-96,1.23,9.35,-0.05,1.09,0.88,11.65,4.26,20.3,0.2,1.75
abr-96,3.92,15.99,4.11,20.9,2.83,14.77,4.0,28.03,17.54,32.95
may-96,1.86,27.69,6.26,18.24,2.09,31.04,7.7,56.42,22.39,12.05
jun-96,3.49,26.5,0.57,18.35,3.3,28.66,6.27,56.93,27.98,1.21
jul-96,2.6,29.1,0.41,16.59,3.97,34.88,8.52,67.59,25.9,3.11
ago-96,0.03,27.9,2.37,21.43,-0.95,29.94,0.22,70.47,28.65,7.99
sep-96,0.99,23.13,2.09,21.99,-0.11,22.8,2.18,55.76,27.16,12.09
oct-96,2.98,26.39,4.18,28.74,3.8,26.7,1.33,55.93,33.01,20.89
nov-96,-0.58,21.05,-0.7,31.03,-0.31,17.67,-3.99,41.26,32.17,26.89
dic-96,2.73,19.78,6.32,36.51,1.57,14.82,-4.84,34.59,39.24,32.13
ene-97,-3.14,13.98,0.75,29.52,-3.62,8.88,-6.54,24.99,28.71,29.77
feb-97,1.26,18.59,0.22,29.6,-0.15,13.82,-0.81,29.07,23.84,37.21
mar-97,0.28,17.47,0.54,30.36,-0.84,11.88,0.74,21.45,25.72,39.42
abr-97,4.9,18.58,2.76,28.67,6.48,15.85,8.49,23.14,24.83,33.36
may-97,1.8,18.51,1.84,23.32,1.95,15.7,10.59,20.07,16.09,39.08
jun-97,1.7,16.46,8.17,32.63,-1.0,10.89,7.23,14.28,24.19,52.03
jul-97,0.36,13.91,1.1,33.54,0.84,7.55,5.38,8.6,28.67,43.91
ago-97,2.77,17.03,1.49,32.4,2.81,11.64,12.93,10.16,22.52,53.06
sep-97,-0.78,14.97,2.61,33.07,-1.73,9.82,9.95,9.15,29.66,41.78
oct-97,0.48,12.18,1.21,29.27,0.14,5.95,7.45,5.35,23.88,40.28
nov-97,3.27,16.51,7.9,40.46,0.37,6.67,8.97,5.86,36.89,45.66
dic-97,-2.89,10.14,-2.19,29.22,-2.83,2.05,1.74,2.16,22.94,41.69
ene-98,-0.26,13.41,-0.71,27.35,1.92,7.92,5.47,10.02,20.04,40.73
feb-98,7.28,20.16,7.78,36.96,4.96,13.43,8.77,16.9,25.41,60.72
mar-98,1.45,21.56,0.43,36.81,2.16,16.86,11.59,20.44,32.29,47.98
abr-98,-2.68,12.77,-8.19,22.23,-1.44,8.17,2.58,12.33,20.22,21.55
may-98,3.78,14.96,11.12,33.37,0.73,6.87,0.7,11.48,24.23,49.88
jun-98,-3.97,8.55,-4.78,17.41,-2.22,5.55,-0.38,10.5,12.39,29.03
jul-98,1.58,9.88,0.65,16.89,2.17,6.94,1.56,10.98,5.36,38.86
ago-98,-0.54,6.34,-2.65,12.12,-0.03,3.99,-1.87,8.77,14.47,8.06
sep-98,2.21,9.54,1.29,10.69,3.25,9.27,5.17,12.96,7.7,15.67
oct-98,-1.08,7.84,-0.75,8.55,-1.51,7.46,2.87,11.31,9.13,7.97
nov-98,-2.0,2.34,0.63,1.24,-3.76,3.04,-1.52,6.79,-1.57,9.27
dic-98,1.5,6.97,1.32,4.86,1.17,7.28,3.03,10.59,6.55,1.42
ene-99,3.07,10.54,1.65,7.35,5.54,11.09,7.15,14.21,7.24,7.31
feb-99,0.4,3.45,0.1,-0.29,-0.71,5.09,2.21,7.25,0.91,-2.29
mar-99,1.23,3.23,2.97,2.22,1.23,4.14,1.98,5.34,-6.79,16.45
abr-99,-1.18,4.83,-2.84,8.18,-1.41,4.18,2.51,5.4,0.48,20.48
may-99,-0.2,0.82,0.96,-1.71,-0.76,2.63,0.0,4.13,-1.74,-2.56
jun-99,0.93,5.96,0.81,4.05,2.0,7.06,5.96,7.28,-0.36,10.66
jul-99,-2.19,2.02,-2.15,1.16,-2.26,2.42,1.67,3.02,0.52,2.61
ago-99,1.19,3.8,4.24,8.32,-0.58,1.85,1.2,2.56,0.26,24.66
sep-99,-0.23,1.32,-1.95,4.86,0.76,-0.62,-1.6,0.61,-3.68,20.85
oct-99,0.88,3.33,0.62,6.31,0.6,1.52,0.69,2.01,-4.94,25.75
nov-99,1.1,6.6,-2.18,3.34,3.56,9.24,7.94,9.89,-1.01,11.69
dic-99,2.44,7.59,4.97,7.07,-0.12,7.84,5.89,9.18,1.67,17.85
ene-00,0.53,4.94,3.26,8.76,0.15,2.34,2.11,2.33,1.59,22.01
feb-00,0.26,4.79,-3.01,5.38,2.04,5.17,5.81,4.72,5.95,7.21
mar-00,-0.86,2.62,1.59,3.97,-1.79,2.03,2.27,2.32,12.49,-6.28
abr-00,2.99,6.95,5.79,13.2,0.84,4.36,4.93,4.15,11.99,12.85
may-00,-0.69,6.42,-2.38,9.46,0.78,5.97,7.08,5.23,9.01,10.84
jun-00,0.06,5.51,2.63,11.44,-1.41,2.43,3.03,2.1,10.79,14.53
jul-00,0.29,8.19,3.64,18.03,-1.91,2.8,4.14,1.98,14.71,22.24
ago-00,0.35,7.28,1.43,14.84,0.79,4.22,6.65,2.46,10.1,21.89
sep-00,-1.78,5.61,-0.88,16.09,-2.57,0.78,3.21,-1.29,14.61,18.11
oct-00,1.21,5.96,2.78,18.58,0.03,0.21,4.03,-2.86,18.41,19.3
nov-00,-1.66,3.07,-2.23,18.52,-1.79,-4.97,0.12,-8.82,11.08,29.42
dic-00,-2.57,-1.97,-2.42,10.18,-3.18,-7.88,-0.19,-13.16,6.76,14.36
ene-01,-1.53,-3.98,-3.51,2.96,0.62,-7.45,-1.82,-11.45,6.43,-1.47
feb-01,-0.94,-5.13,0.73,6.94,-1.77,-10.9,-5.84,-14.35,1.56,12.55
mar-01,-0.27,-4.57,-1.05,4.16,0.56,-8.77,-2.43,-12.57,-3.99,16.23
abr-01,-2.04,-9.23,0.13,-1.42,-4.02,-13.16,-6.37,-17.92,-4.81,4.63
may-01,-0.72,-9.26,-3.06,-2.11,1.8,-12.28,-4.78,-17.2,-6.55,4.4
jun-01,0.71,-8.67,0.6,-4.05,0.03,-10.99,-3.11,-16.67,-5.57,-2.63
jul-01,2.25,-6.88,0.38,-7.07,2.58,-6.92,1.76,-12.93,-6.24,-7.27
ago-01,-0.55,-7.71,-2.27,-10.46,0.98,-6.75,1.91,-13.52,-7.18,-14.88
sep-01,0.19,-5.86,2.32,-7.56,-1.03,-5.28,2.87,-12.84,-6.11,-10.69
oct-01,-2.93,-9.71,-3.54,-13.25,-2.43,-7.6,0.47,-13.79,-10.86,-16.2
nov-01,1.57,-6.75,1.27,-10.14,1.66,-4.35,3.75,-10.52,-5.02,-18.11
dic-01,1.35,-3.0,1.4,-6.63,0.32,-0.9,7.04,-7.14,-8.8,-3.71
ene-02,-3.4,-4.84,-0.37,-3.6,-3.64,-5.09,3.02,-11.66,-7.26,0.73
feb-02,-0.78,-4.68,0.35,-3.96,-1.59,-4.92,4.03,-11.98,-4.92,-2.64
mar-02,-2.48,-6.79,-2.54,-5.41,-2.96,-8.24,-1.16,-13.53,-2.19,-10.48
abr-02,1.88,-3.06,-2.01,-7.42,4.67,0.07,4.95,-3.77,-5.39,-8.91
may-02,1.67,-0.72,3.42,-1.23,0.52,-1.18,4.74,-5.73,0.52,-1.28
jun-02,-0.92,-2.34,-3.01,-4.78,-0.07,-1.28,2.5,-4.54,-3.25,-6.39
jul-02,1.28,-3.27,0.86,-4.32,1.5,-2.33,0.52,-4.74,-3.88,-5.6
ago-02,0.27,-2.47,-1.53,-3.59,1.46,-1.86,1.95,-5.3,-3.64,-3.99
sep-02,1.99,-0.72,1.71,-4.17,1.74,0.89,3.07,-0.45,-2.75,-6.03
oct-02,-0.56,1.7,-0.57,-1.22,0.16,3.56,5.25,2.27,-3.3,1.41
nov-02,1.25,1.39,1.34,-1.15,1.22,3.12,4.35,2.14,-2.42,-0.19
dic-02,-0.79,-0.76,-3.66,-6.09,-0.67,2.1,2.52,1.75,-6.03,-6.02
ene-03,-0.46,2.26,1.52,-4.3,-0.16,5.78,6.87,4.5,-6.53,-1.53
feb-03,2.27,5.4,1.55,-3.16,2.11,9.75,10.75,8.72,-5.91,0.71
mar-03,-1.91,6.01,2.07,1.42,-3.88,8.71,7.23,9.34,-6.43,13.28
abr-03,1.03,5.13,1.11,4.65,1.27,5.18,6.36,3.73,-2.49,13.67
may-03,-1.4,1.95,0.12,1.31,-1.99,2.54,2.44,1.95,-5.75,10.72
jun-03,1.01,3.94,-0.58,3.85,1.08,3.72,4.6,2.69,-2.13,12.28
jul-03,-0.22,2.41,-0.63,2.31,0.48,2.68,4.36,1.29,-6.28,14.18
ago-03,0.01,2.15,1.94,5.91,-1.12,0.08,1.77,-1.22,-4.86,21.77
sep-03,-2.33,-2.18,-3.05,0.96,-1.66,-3.26,-1.02,-4.76,-7.36,14.53
oct-03,1.65,-0.0,1.34,2.89,1.77,-1.71,1.69,-4.17,-4.46,12.76
nov-03,-1.57,-2.78,0.32,1.87,-2.84,-5.66,-3.5,-7.12,-7.21,16.55
dic-03,2.14,0.09,1.86,7.7,1.73,-3.38,-0.44,-6.01,0.98,16.43
ene-04,5.24,5.82,-1.12,4.89,9.91,6.37,12.48,0.43,0.93,10.52
feb-04,-1.73,1.67,0.83,4.15,-3.56,0.47,1.37,-0.57,0.91,9.71
mar-04,2.22,5.96,1.51,3.58,3.08,7.74,13.0,2.36,4.73,2.55
abr-04,0.59,5.5,0.52,2.98,0.05,6.44,9.78,2.84,-0.32,8.1
may-04,-0.2,6.79,1.48,4.38,-1.28,7.22,11.13,4.07,-0.11,8.71
jun-04,0.58,6.33,0.94,5.97,1.4,7.56,11.82,3.62,-0.9,13.16
jul-04,-0.72,5.8,1.08,7.79,-2.05,4.85,6.52,2.83,3.18,13.07
ago-04,-1.39,4.32,-0.54,5.17,-2.15,3.75,2.43,5.53,8.43,1.93
sep-04,1.13,8.02,0.72,9.25,1.65,7.24,7.49,7.84,7.42,11.38
oct-04,1.52,7.88,2.17,10.15,0.83,6.25,4.93,7.69,8.85,12.06
nov-04,0.77,10.44,0.63,10.49,0.73,10.16,10.37,10.12,8.78,13.72
dic-04,-0.12,7.99,0.92,9.48,-0.47,7.78,5.19,10.25,11.18,6.92
ene-05,2.31,4.99,-0.94,9.68,3.99,1.98,-1.33,5.61,5.66,14.12
feb-05,-1.89,4.83,-0.11,8.66,-2.69,2.9,4.05,1.64,7.83,8.61
mar-05,2.07,4.67,0.61,7.7,2.9,2.72,2.8,1.45,3.53,13.06
abr-05,-1.99,1.98,0.31,7.47,-2.71,-0.12,0.02,0.01,10.53,4.04
may-05,1.07,3.29,-0.53,5.35,1.32,2.5,2.1,2.61,12.36,-2.71
jun-05,0.68,3.38,2.16,6.62,0.4,1.48,2.55,1.04,9.3,4.94
jul-05,-0.93,3.16,-0.87,4.57,-1.55,2.0,3.12,0.59,3.77,5.42
ago-05,1.62,6.31,4.63,10.0,-0.04,4.2,5.71,2.85,4.05,17.36
sep-05,0.88,6.05,0.6,9.87,0.89,3.42,4.23,2.59,9.97,9.83
oct-05,0.44,4.91,1.18,8.81,-0.02,2.55,3.74,1.19,12.49,5.96
nov-05,2.98,7.21,3.01,11.37,3.22,5.08,6.62,3.4,14.34,6.09
dic-05,1.35,8.79,2.53,13.15,1.85,7.53,9.08,6.48,9.24,16.5
ene-06,1.04,7.43,3.55,18.29,-1.31,2.04,3.19,1.19,18.17,18.96
feb-06,-1.12,8.28,-3.16,14.67,0.17,5.04,4.84,5.27,11.93,17.98
mar-06,2.47,8.71,0.15,14.13,4.02,6.19,6.25,6.38,11.42,17.23
abr-06,0.93,11.95,1.97,16.03,-0.17,8.97,10.82,7.07,7.62,26.57
may-06,0.33,11.13,0.05,16.7,0.43,8.02,10.54,5.7,9.57,26.58
jun-06,-0.21,10.16,0.32,14.6,0.01,7.6,7.4,7.98,11.68,17.96
jul-06,0.77,12.05,-1.91,13.4,1.2,10.61,13.7,7.76,14.4,12.85
ago-06,1.73,12.17,0.59,9.02,3.34,14.35,18.77,9.63,8.79,8.9
sep-06,1.02,12.31,2.97,11.58,-0.79,12.44,17.52,5.88,5.66,17.92
oct-06,-1.43,10.23,-2.48,7.55,-0.46,11.94,15.2,8.56,-0.62,16.84
nov-06,0.32,7.39,1.77,6.26,-0.34,8.08,10.62,5.63,0.86,13.38
dic-06,0.9,6.92,6.85,10.73,-0.29,5.81,10.34,2.01,0.11,20.12
ene-07,-2.41,3.26,-7.53,-1.12,-1.18,5.96,6.29,5.33,-6.44,5.4
feb-07,2.48,7.02,3.65,5.84,1.7,7.57,9.18,5.73,-0.33,13.54
mar-07,0.5,4.96,1.13,6.88,0.37,3.8,4.91,3.22,2.72,12.22
abr-07,1.54,5.59,3.01,7.97,0.01,3.99,3.44,4.5,1.08,14.95
may-07,0.22,5.47,2.74,10.87,-0.83,2.67,0.68,4.77,0.88,21.91
jun-07,-1.83,3.75,-1.17,9.21,-2.15,0.46,0.11,0.75,0.53,17.95
jul-07,3.76,6.83,1.43,12.94,3.3,2.55,-0.17,5.81,5.6,21.04
ago-07,1.24,6.31,0.83,13.21,2.78,1.98,0.46,3.36,6.46,20.24
sep-07,5.61,11.15,10.07,21.02,2.39,5.26,1.67,9.77,5.85,36.5
oct-07,-2.5,9.94,-6.97,15.44,1.2,7.02,5.45,8.64,4.26,26.42
nov-07,0.6,10.25,-0.34,13.06,1.05,8.5,7.28,10.04,3.32,23.99
dic-07,-0.43,8.79,0.49,6.33,2.1,11.1,9.24,13.21,4.21,8.83
ene-08,1.59,13.24,3.21,18.68,-1.82,10.38,5.38,14.53,14.42,24.6
feb-08,2.41,13.17,0.53,15.11,3.49,12.33,8.72,15.5,7.42,23.84
mar-08,-1.84,10.53,-1.59,12.02,-3.15,8.39,6.52,10.82,1.82,22.69
abr-08,0.56,9.46,3.88,12.97,0.12,8.51,5.4,11.46,7.35,16.13
may-08,2.29,11.72,0.23,10.21,2.88,12.58,11.06,14.21,1.93,17.91
jun-08,1.15,15.12,0.25,11.8,1.18,16.4,11.79,19.8,3.56,18.95
jul-08,1.55,12.67,2.22,12.67,-0.48,12.14,6.93,17.63,1.66,23.81
ago-08,-4.93,5.8,-3.51,7.83,-4.13,4.61,0.87,8.6,0.87,14.25
sep-08,-1.98,-1.8,-3.85,-5.81,-1.27,0.87,-3.25,5.73,-5.08,-6.84
oct-08,0.2,0.91,-0.82,0.42,1.38,1.06,0.25,2.45,-0.59,2.36
nov-08,-1.62,-1.31,-1.11,-0.36,-1.9,-1.89,-5.66,2.42,-0.91,-1.15
dic-08,-4.56,-5.4,-3.88,-4.7,0.03,-3.88,-10.11,2.06,-6.12,-4.63
ene-09,-4.69,-11.25,-17.15,-23.5,-2.12,-4.17,-13.04,3.45,-35.57,-10.22
feb-09,-0.8,-14.03,0.06,-23.86,-1.76,-9.03,-18.14,-0.72,-31.02,-17.55
mar-09,-0.35,-12.72,0.08,-22.56,-0.3,-6.36,-14.04,1.33,-31.85,-15.98
abr-09,-0.65,-13.76,-3.04,-27.72,0.23,-6.26,-15.05,2.5,-31.4,-23.61
may-09,0.13,-15.58,-2.22,-29.49,1.55,-7.48,-12.09,-3.37,-29.99,-30.07
jun-09,1.46,-15.32,6.24,-25.28,-0.45,-8.97,-14.56,-4.06,-28.15,-23.58
jul-09,1.91,-15.02,0.21,-26.75,0.31,-8.25,-9.93,-6.95,-26.08,-26.29
ago-09,-2.31,-12.68,0.2,-23.94,-1.34,-5.58,-8.95,-2.08,-29.19,-19.24
sep-09,1.09,-9.94,2.15,-19.19,0.54,-3.85,-4.25,-3.64,-22.25,-17.15
oct-09,-0.57,-10.63,3.87,-15.37,-2.93,-7.94,-14.72,-1.4,-10.88,-17.66
nov-09,-0.24,-9.39,-0.55,-14.9,-0.2,-6.34,-10.34,-2.9,-21.68,-8.67
dic-09,2.26,-2.91,3.66,-8.22,0.48,-5.91,-3.18,-7.92,-10.33,-1.27
ene-10,1.38,3.28,-3.72,6.66,5.86,1.75,13.0,-6.3,22.83,-5.43
feb-10,-0.59,3.5,5.47,12.42,-3.75,-0.31,6.51,-5.27,17.83,6.75
mar-10,2.69,6.66,5.85,18.9,1.4,1.39,2.74,-0.14,37.21,6.14
abr-10,1.28,8.72,-2.27,19.85,2.75,3.95,10.33,-1.5,28.64,12.57
may-10,-2.08,6.32,3.72,27.13,-4.67,-2.42,-10.16,2.88,30.59,25.23
jun-10,0.68,5.5,-0.47,19.1,1.15,-0.84,-2.8,0.86,26.68,12.97
jul-10,-2.01,1.44,-4.82,13.12,-2.09,-3.22,-6.17,-1.16,17.57,11.23
ago-10,2.22,6.14,9.99,24.17,-0.6,-2.5,-7.12,1.78,28.16,19.26
sep-10,1.17,6.22,1.85,23.81,0.66,-2.39,-6.57,1.84,25.31,22.97
oct-10,1.31,8.23,2.35,22.0,0.51,1.08,-0.05,1.89,13.64,26.5
nov-10,0.24,8.76,1.94,25.06,-1.23,0.03,-2.99,2.23,26.7,22.87
dic-10,1.11,7.53,1.08,21.95,0.44,-0.0,-4.81,3.91,22.71,19.61
ene-11,2.02,8.2,3.83,31.51,1.98,-3.67,-9.8,2.84,22.43,40.76
feb-11,-2.52,6.11,-4.22,19.43,-1.18,-1.1,-4.49,2.45,23.07,15.9
mar-11,-0.56,2.75,-0.31,12.47,-0.48,-2.94,-7.36,0.51,12.01,12.96
abr-11,1.46,2.93,1.29,16.57,1.33,-4.28,-5.86,-2.5,11.92,21.29
may-11,2.79,8.06,5.48,18.54,1.12,1.53,7.98,-2.46,15.44,20.48
jun-11,3.95,11.56,1.25,20.6,5.12,5.52,13.62,0.16,17.75,24.0
jul-11,-1.32,12.35,-0.52,26.05,-2.61,4.97,6.28,3.9,23.74,27.0
ago-11,2.24,12.37,2.99,18.03,2.56,8.31,11.48,5.38,23.14,14.45
sep-11,-2.2,8.63,-2.37,13.14,-2.0,5.45,3.99,6.29,15.57,11.49
oct-11,2.08,9.45,1.21,11.88,2.47,7.51,8.47,6.33,14.44,9.88
nov-11,0.81,10.07,-0.42,9.28,2.18,11.22,15.77,7.15,12.2,7.03
dic-11,1.56,10.57,4.01,12.45,-0.21,10.5,13.15,7.98,9.59,15.58
ene-12,-2.04,6.17,1.02,9.4,-4.13,3.88,7.51,1.15,15.0,3.18
feb-12,0.28,9.21,-1.39,12.64,1.57,6.77,7.73,6.12,10.95,14.23
mar-12,-0.82,8.92,-1.7,11.07,-0.25,7.02,10.54,4.79,4.79,17.06
abr-12,2.45,9.99,3.92,13.95,1.57,7.27,4.27,10.14,12.31,14.81
may-12,-0.63,6.33,-2.24,5.62,0.22,6.32,4.3,8.84,10.47,2.61
jun-12,-1.54,0.71,-1.34,2.92,-1.99,-0.88,-8.14,5.53,4.12,3.29
jul-12,3.1,5.22,1.52,5.03,3.64,5.47,8.48,3.39,9.18,0.42
ago-12,-2.28,0.57,-0.59,1.38,-2.68,0.08,0.14,-0.2,-1.01,4.09
sep-12,2.35,5.25,4.31,8.31,1.26,3.41,5.75,0.77,13.76,3.8
oct-12,-2.55,0.48,-3.77,2.98,-1.94,-1.04,-3.36,0.44,-0.15,4.32
nov-12,1.11,0.78,2.46,5.96,0.11,-3.05,-2.55,-3.64,7.55,5.64
dic-12,-3.91,-4.65,-4.97,-3.19,-3.04,-5.8,-14.0,0.29,-3.88,-2.43
ene-13,0.39,-2.28,0.19,-3.98,0.94,-0.81,-3.29,1.26,-8.77,-1.47
feb-13,2.45,-0.16,4.86,2.11,0.58,-1.78,0.83,-4.34,-0.25,4.4
mar-13,-0.69,-0.03,0.79,4.69,-1.84,-3.34,-0.43,-5.63,7.74,2.52
abr-13,-2.99,-5.34,-2.05,-1.32,-3.53,-8.2,-8.57,-7.82,-2.45,-0.98
may-13,1.77,-3.05,-2.35,-1.44,4.04,-4.7,1.4,-8.62,-6.78,2.58
jun-13,-3.44,-4.92,-0.6,-0.7,-4.91,-7.54,-5.22,-9.15,-3.91,1.93
jul-13,2.08,-5.87,1.22,-0.99,2.01,-9.0,-15.55,-2.9,-10.31,5.04
ago-13,-2.08,-5.67,-4.73,-5.12,0.54,-5.99,-7.54,-4.81,-7.67,-2.24
sep-13,-0.2,-8.03,1.37,-7.79,-1.66,-8.7,-9.23,-8.28,-13.5,-1.85
oct-13,0.39,-5.25,-1.29,-5.4,2.34,-4.72,-4.4,-5.12,-8.78,-2.06
nov-13,-1.05,-7.28,-2.05,-9.56,-0.56,-5.36,-9.85,-1.78,-15.66,-3.54
dic-13,3.19,-0.43,5.42,0.32,1.68,-0.76,5.88,-5.34,-3.92,4.24
ene-14,-2.29,-3.08,-1.94,-1.82,-2.87,-4.5,-4.77,-4.24,-2.56,-2.17
feb-14,3.18,-2.4,3.06,-3.51,3.39,-1.83,-1.67,-1.92,-7.6,-0.14
mar-14,0.98,-0.75,1.68,-2.66,0.28,0.28,2.52,-1.48,-5.89,-0.11
abr-14,-0.1,2.21,0.53,-0.1,0.36,4.33,10.9,-1.8,-1.21,0.47
may-14,-0.26,0.16,0.01,2.32,-1.11,-0.83,-1.19,-1.28,1.78,3.68
jun-14,0.53,4.28,-2.49,0.37,2.36,6.75,9.77,4.07,2.95,-1.68
jul-14,-1.52,0.61,1.13,0.28,-2.94,1.57,4.54,-0.78,-1.12,1.52
ago-14,1.26,4.03,0.78,6.07,1.65,2.7,2.09,3.46,5.24,6.01
sep-14,-0.98,3.22,-2.75,1.77,-0.07,4.35,0.98,8.09,0.43,2.52
oct-14,4.68,7.62,5.88,9.15,4.06,6.12,10.08,3.13,13.61,5.68
nov-14,-0.7,8.0,0.83,12.36,-1.39,5.24,3.16,6.36,17.33,8.03
dic-14,-0.33,4.32,-0.78,5.75,-0.77,2.7,2.2,3.09,16.51,-2.46
ene-15,1.25,8.1,3.94,12.09,-0.59,5.12,5.7,4.9,11.71,13.3
feb-15,-3.03,1.59,-4.0,4.41,-2.06,-0.42,-3.75,3.21,9.26,0.69
mar-15,1.05,1.66,1.8,4.54,0.27,-0.42,-6.61,5.32,-1.95,8.1
abr-15,3.74,5.57,2.2,6.28,5.13,4.3,3.87,5.29,4.57,8.58
may-15,-2.15,3.57,-0.53,5.7,-2.57,2.76,-3.19,7.29,3.53,6.81
jun-15,2.16,5.25,4.42,13.2,-0.73,-0.35,-1.38,0.81,6.54,16.36
jul-15,1.94,8.95,-1.84,9.87,4.96,7.77,14.57,2.26,16.28,6.23
ago-15,-0.49,7.07,0.68,9.76,-1.13,4.82,12.34,-1.49,12.98,7.7
sep-15,1.07,9.29,1.76,14.85,0.7,5.63,17.9,-5.16,17.86,11.85
oct-15,-3.46,0.79,0.2,8.69,-6.64,-5.23,-3.98,-6.37,11.32,6.88
nov-15,1.24,2.76,2.05,10.01,0.71,-3.22,5.23,-9.55,15.39,5.02
dic-15,-2.26,0.77,-5.58,4.69,0.89,-1.6,4.38,-6.2,5.08,5.31
ene-16,0.73,0.25,0.66,1.39,0.63,-0.4,7.09,-6.27,11.94,-6.59
feb-16,1.91,5.36,1.59,7.3,1.52,3.24,9.93,-2.08,17.19,0.09
mar-16,-1.58,2.62,-3.33,1.89,0.53,3.51,12.02,-3.9,15.89,-6.5
abr-16,0.07,-1.01,2.04,1.73,-1.91,-3.42,1.05,-7.53,15.51,-8.47
may-16,-1.12,0.03,-2.43,-0.21,0.63,-0.24,10.63,-8.83,7.79,-6.1
jun-16,0.67,-1.43,2.42,-2.12,-1.05,-0.56,7.2,-7.33,3.38,-5.5
jul-16,-1.86,-5.11,-2.18,-2.46,-1.37,-6.56,-2.02,-11.31,-1.47,-3.13
ago-16,3.32,-1.47,6.6,3.28,0.1,-5.4,-1.64,-8.92,9.75,-2.61
sep-16,-0.23,-2.74,0.04,1.54,-0.24,-6.28,-5.35,-6.85,2.14,1.63
oct-16,1.28,2.03,0.4,1.74,1.72,2.12,7.37,-2.44,3.45,-0.11
nov-16,1.3,2.09,-1.44,-1.75,4.67,6.13,11.85,1.28,-2.31,-2.0
dic-16,-0.22,4.22,4.38,8.62,-4.68,0.28,-1.8,1.8,12.24,6.58
ene-17,-1.95,1.45,-3.58,4.03,-0.36,-0.71,-1.19,-0.33,3.59,3.78
feb-17,-1.39,-1.84,-1.67,0.69,-0.97,-3.15,-0.72,-5.36,-5.58,5.41
mar-17,0.99,0.72,1.12,5.33,0.37,-3.3,2.81,-8.64,4.73,4.99
abr-17,-3.13,-2.5,-2.57,0.57,-3.63,-4.99,-5.16,-4.32,-6.38,8.44
may-17,2.43,1.0,4.88,8.11,0.71,-4.93,-1.41,-8.5,3.12,11.99
jun-17,0.84,1.17,-0.46,5.06,1.91,-2.08,3.7,-7.95,3.77,6.2
jul-17,-1.26,1.78,-0.47,6.9,-1.51,-2.22,0.5,-5.14,3.94,9.38
ago-17,0.89,-0.61,-0.21,0.07,1.86,-0.51,4.9,-5.95,-9.78,9.36
sep-17,-0.13,-0.51,-3.12,-3.09,2.22,1.94,7.28,-3.62,-6.6,-0.35
oct-17,-0.53,-2.29,-1.08,-4.52,-0.69,-0.48,3.31,-4.11,-11.33,1.09
nov-17,0.08,-3.47,2.32,-0.87,-1.16,-6.02,-3.08,-8.15,-7.23,6.0
dic-17,3.15,-0.2,1.71,-3.41,4.54,3.07,13.59,-5.76,-10.11,2.78
ene-18,-2.18,-0.44,0.19,0.37,-4.52,-1.23,5.28,-7.58,-10.9,8.86
feb-18,1.11,2.09,1.51,3.61,1.13,0.87,10.65,-9.34,-1.71,7.7
mar-18,0.49,1.59,2.38,4.91,-1.22,-0.73,0.87,-2.48,-0.78,10.74
abr-18,-1.83,2.95,-3.62,3.77,-1.34,1.63,8.23,-5.72,-1.6,7.1
may-18,2.1,2.62,2.94,1.86,2.48,3.42,4.15,2.95,4.45,0.34
jun-18,-0.31,1.45,-0.26,2.06,-0.1,1.38,0.83,1.23,1.28,4.05
jul-18,0.57,3.33,1.72,4.31,-0.44,2.48,5.4,-0.69,0.41,6.35
ago-18,-3.68,-1.36,-4.1,0.24,-3.54,-2.95,-6.06,0.86,-0.96,1.55
sep-18,3.0,1.73,3.79,7.39,3.17,-2.05,-2.02,-1.57,4.08,9.93
oct-18,0.29,2.57,-1.77,6.64,-0.1,-1.47,0.38,-3.34,3.3,8.84
nov-18,-5.99,-3.65,-4.73,-0.71,-6.19,-6.47,-6.69,-5.62,-4.32,2.0
dic-18,-1.11,-7.63,-7.23,-9.44,3.84,-7.1,-5.4,-9.1,-9.66,-9.15
ene-19,4.59,-1.24,7.41,-2.91,3.47,0.67,4.89,-4.36,-1.73,-3.64
feb-19,-0.78,-3.09,-0.4,-4.75,-1.44,-1.9,-4.19,0.72,-2.4,-6.8
mar-19,-1.76,-5.26,-1.31,-8.18,-1.92,-2.6,-1.31,-4.06,-6.96,-10.28
abr-19,1.39,-2.15,0.56,-4.2,1.68,0.38,2.32,-2.1,0.09,-8.22
may-19,-3.02,-7.05,-1.81,-8.62,-3.8,-5.77,-5.11,-6.53,-11.64,-5.85
jun-19,0.61,-6.2,-2.76,-10.9,4.34,-1.58,-0.33,-2.83,-8.13,-11.9
jul-19,-1.31,-7.95,0.6,-11.88,-3.79,-4.89,-4.68,-5.12,-6.43,-15.06
ago-19,0.63,-3.83,2.24,-6.06,-0.26,-1.66,2.05,-5.27,-1.22,-8.41
sep-19,-1.21,-7.76,-0.24,-9.71,-2.27,-6.84,-5.59,-8.04,-3.81,-14.18
oct-19,0.28,-7.77,1.91,-6.32,-1.88,-8.49,-4.65,-12.35,-1.96,-9.24
nov-19,0.32,-1.59,-1.66,-3.3,2.65,0.12,8.61,-8.9,6.66,-11.05
dic-19,-1.73,-2.2,-2.92,1.2,-1.37,-4.9,-0.03,-10.38,3.64,-2.64
ene-20,-0.89,-7.32,-0.55,-6.3,-0.63,-8.67,-6.87,-9.7,0.22,-10.73
feb-20,-2.65,-9.07,-3.4,-9.12,-2.03,-9.21,-7.81,-10.9,-2.25,-13.82
mar-20,-3.01,-10.22,-6.53,-13.93,0.11,-7.33,-4.1,-12.35,-8.44,-18.33
abr-20,-29.95,-37.97,-29.06,-39.28,-30.43,-36.59,-50.36,-19.3,-48.99,-31.53
may-20,-1.57,-37.04,-4.82,-41.14,0.99,-33.43,-41.09,-23.54,-44.97,-38.13
jun-20,22.19,-23.54,28.54,-22.21,17.82,-24.83,-25.78,-23.19,-23.09,-21.3
jul-20,2.43,-20.64,4.65,-19.07,0.02,-21.85,-24.31,-19.18,-16.15,-21.01
ago-20,3.53,-18.35,-0.77,-21.45,7.23,-15.99,-10.37,-22.27,-16.97,-24.59
sep-20,2.86,-14.98,8.99,-14.18,-1.52,-15.35,-12.37,-18.34,-7.81,-19.79
oct-20,1.05,-14.33,-2.69,-18.05,3.58,-10.64,-8.57,-12.85,-12.18,-22.22
nov-20,6.15,-9.34,6.48,-11.27,5.8,-7.89,-5.7,-11.6,-12.97,-9.64
dic-20,-3.2,-10.7,-0.97,-9.49,-5.61,-11.85,-11.42,-12.13,-10.69,-8.85
ene-21,0.99,-9.01,2.59,-6.63,0.71,-10.65,-10.35,-9.76,-9.97,-3.4
feb-21,2.52,-4.17,-0.04,-3.38,4.44,-4.76,-2.67,-7.02,-11.13,3.18
mar-21,2.03,0.8,5.23,8.78,-1.09,-5.9,-10.34,-0.91,0.89,15.97
abr-21,-0.02,43.86,-1.09,51.68,1.76,37.64,71.98,10.47,81.45,33.28
may-21,-0.58,45.31,-2.66,55.13,0.86,37.46,57.78,17.22,68.27,47.13
jun-21,-3.05,15.3,-0.27,20.36,-4.38,11.56,13.2,10.86,16.92,21.83
jul-21,3.36,16.35,3.33,18.85,3.19,15.09,17.52,12.11,9.88,26.58
ago-21,1.32,13.87,-3.42,15.67,4.65,12.32,5.24,21.24,4.54,23.92
sep-21,-0.55,10.1,0.03,6.15,-0.95,12.97,8.45,18.11,-5.97,18.42
oct-21,0.05,9.0,2.96,12.32,-2.15,6.72,-3.21,18.17,3.11,19.75
nov-21,0.8,3.51,0.7,6.22,0.32,1.19,-8.89,14.01,-2.03,12.99
dic-21,0.14,7.08,1.13,8.47,-1.26,5.85,-2.73,17.03,-2.17,16.81
ene-22,3.08,9.29,1.12,6.9,5.44,10.82,-4.5,30.78,4.41,10.1
feb-22,-0.2,6.39,2.31,9.41,-1.97,4.02,-4.6,14.68,6.73,11.77
mar-22,3.49,7.91,2.54,6.61,4.38,9.78,2.29,18.13,2.37,10.33
abr-22,0.1,8.04,0.33,8.13,-0.0,7.87,3.49,12.87,-2.46,18.08
may-22,-0.98,7.62,3.31,14.76,-5.01,1.59,-5.64,9.31,8.39,18.73
jun-22,-0.31,10.65,-0.35,14.67,0.31,6.58,-0.09,13.66,10.09,17.12
jul-22,-1.32,5.64,-2.33,8.38,-0.01,3.28,-4.02,11.6,1.66,13.05
ago-22,2.36,6.72,4.22,16.96,-0.46,-1.76,-6.98,4.43,12.7,19.14
sep-22,-0.6,6.67,-0.3,16.58,-0.66,-1.47,-10.0,7.64,8.94,21.97
oct-22,0.89,7.56,2.43,15.98,-0.58,0.11,-6.33,6.43,9.52,21.75
nov-22,1.97,8.82,-0.81,14.23,4.9,4.68,-4.02,14.12,12.82,14.85
dic-22,3.69,12.68,6.57,20.37,0.49,6.54,-0.23,13.35,25.74,17.21
ene-23,0.49,9.84,0.37,19.48,1.21,2.27,1.19,2.15,20.66,18.17
feb-23,1.78,12.02,1.66,18.73,1.87,6.27,-3.16,15.78,17.1,20.18
mar-23,0.33,8.59,-0.13,15.64,-0.14,1.66,-0.16,5.02,15.03,16.13
abr-23,0.35,8.86,2.75,18.43,-0.29,1.37,-7.11,11.04,22.64,16.4
may-23,3.25,13.51,0.67,15.41,4.11,11.1,0.3,23.2,13.36,16.4
jun-23,2.38,16.58,1.35,17.38,4.12,15.31,1.92,26.79,10.85,21.0
jul-23,-2.01,15.76,-2.72,16.91,-1.17,13.97,2.9,24.8,18.92,16.28
ago-23,1.79,15.11,0.39,12.61,2.97,17.89,1.61,33.31,11.61,13.04
sep-23,2.73,18.96,2.76,16.06,2.79,21.98,8.03,34.12,18.58,14.85
oct-23,1.55,19.74,-1.6,11.5,4.26,27.92,17.25,37.54,11.8,10.65
nov-23,-2.66,14.3,-1.3,10.95,-3.94,17.14,3.75,29.47,8.19,13.89
dic-23,1.21,11.56,0.67,4.82,2.39,19.35,0.26,34.53,0.11,8.11
ene-24,0.42,11.49,1.57,6.08,-1.24,16.46,8.21,22.48,-0.51,10.82
feb-24,-0.09,9.45,2.88,7.35,-3.07,10.81,0.67,19.12,2.27,11.47
mar-24,-0.78,8.24,0.1,7.59,-0.34,10.58,-2.48,24.07,3.27,11.52
abr-24,1.33,9.3,-0.93,3.74,1.79,12.89,7.92,17.4,-2.26,6.71
may-24,-0.44,5.39,-1.46,1.55,0.77,9.28,9.61,10.16,-3.66,5.09
jun-24,-1.02,1.88,1.65,1.85,-1.98,2.88,-0.49,5.09,4.98,0.14
jul-24,2.22,6.29,-1.08,3.57,3.22,7.45,7.02,8.49,4.27,1.78
ago-24,-0.94,3.44,2.4,5.64,-2.87,1.35,-0.31,2.01,5.32,6.44
sep-24,-1.37,-0.68,-3.94,-1.24,1.08,-0.33,6.53,-5.17,0.3,-2.28
oct-24,-1.75,-3.91,1.87,2.24,-4.82,-9.01,-6.24,-10.8,0.01,4.14
nov-24,0.28,-1.01,0.94,4.56,-0.28,-5.55,4.63,-12.83,5.88,3.44
dic-24,-3.65,-5.76,-4.74,-1.06,-2.31,-9.88,0.95,-16.53,-2.13,-0.37
ene-25,-0.64,-6.75,-0.99,-3.56,-0.63,-9.32,-2.0,-15.94,-5.63,-2.09
feb-25,0.43,-6.27,-1.3,-7.47,2.26,-4.33,13.64,-16.6,-5.4,-8.82
mar-25,0.1,-5.44,-1.36,-8.81,1.06,-2.99,15.1,-17.28,-9.73,-8.4
abr-25,-1.57,-8.14,-1.48,-9.32,-1.71,-6.32,1.4,-13.28,-8.74,-9.02
may-25,1.4,-6.45,0.25,-7.76,1.86,-5.32,8.24,-18.01,-3.27,-10.24
jun-25,-1.46,-6.86,-1.1,-10.26,-1.23,-4.59,12.9,-16.58,-11.14,-9.33
jul-25,1.51,-7.51,3.7,-5.91,-0.96,-8.45,4.94,-19.21,-11.3,-2.89
ago-25,-3.07,-9.5,-4.18,-11.96,-1.09,-6.77,11.58,-19.22,-12.9,-11.97
sep-25,-0.18,-8.41,1.38,-7.09,-2.14,-9.74,-1.6,-16.19,-12.15,-3.65
oct-25,0.98,-5.87,-2.41,-10.99,4.31,-1.08,12.25,-11.86,-13.13,-9.46
nov-25,0.44,-5.72,-0.21,-12.01,1.52,0.7,9.01,-6.6,-15.92,-9.18
dic-25,0.35,-1.8,-0.39,-7.99,0.91,4.01,14.21,-3.01,-11.97,-5.01
ene-26,-1.22,-2.38,-1.19,-8.19,-0.92,3.7,7.96,-0.21,-11.26,-5.45
feb-26,-0.8,-3.58,-2.28,-9.1,0.11,1.52,1.84,0.96,-13.62,-5.67
