Periodo,Total_Mensual,Total_Anual,Primarias_Mensual,Primarias_Anual,Secundarias_Mensual,Secundarias_Anual,Terciarias_Mensual,Terciarias_Anual,Mineria_Anual,Energia_agua_gas_Anual,Construccion_Anual,Manufacturas_Anual,Comercio_mayoreo_Anual,Comercio_menudeo_Anual,Transportes_Anual,Servicios_financieros_Anual,Servicios_inmobiliarios_Anual,Servicios_profesionales_Anual,Actividades_gubernamentales_Anual
,2.1021589616514,,2.59818244763588,,3.94474153855144,,1.33581279494857,,,,,,,,,,,,
,0.303792295408578,,-5.73869509003312,,0.709546434121355,,0.204358151307549,,,,,,,,,,,,
,-0.986664659703973,,-1.14710126516321,,-1.24428665891364,,-0.218644227903197,,,,,,,,,,,,
,1.28248027242148,,4.93202530821457,,0.00919267835808313,,0.588025479520504,,,,,,,,,,,,
,-0.76571011021096,,-5.59334663214043,,-0.788543123531771,,-0.411949418729851,,,,,,,,,,,,
,1.50258768974916,,14.9369515706403,,0.935738402389541,,0.998493005705092,,,,,,,,,,,,
,-0.403485826411421,,-12.2803625537574,,0.21575972483483,,-0.463413536358503,,,,,,,,,,,,
,-0.415452076013845,,3.46990097473809,,-0.190709871040418,,-0.655259554439591,,,,,,,,,,,,
,-0.183481989026346,,-0.295858247471104,,0.397621967023465,,-0.036832662902897,,,,,,,,,,,,
,-0.259096264259617,,-4.42005772622972,,0.0580049925777093,,-1.2840344172003,,,,,,,,,,,,
,1.17764511229412,,4.75332830077833,,1.5446593287848,,1.98047296643644,,,,,,,,,,,,
,0.962238130764326,4.34569202203331,-7.2692447990503,-8.5433460567279,0.713868397787487,6.39242970790951,1.61513967266198,3.65681089559676,,,,,,,,,,,
,-0.355470109707001,1.83406044839854,11.5783268393237,-0.538389844073926,-0.529805079382872,1.81251657832826,-0.390781284174746,1.89067086062914,,,,,,,,,,,
,0.894181609904687,2.43345693944465,-2.32603187589817,3.06254670695264,1.09951428977004,2.20675535880196,0.732514104881798,2.42771501141806,,,,,,,,,,,
,2.1271138085343,5.65479163692804,-0.88899833547057,3.33164094280305,5.03950474440946,8.71013535532909,0.921971565093371,3.59858173775738,,,,,,,,,,,
,-0.0986514055578591,4.2140372313529,5.21864632469278,3.61389052175088,-3.81361693620401,4.5547358414739,0.97069396012901,3.99270332109489,,,,,,,,,,,
,0.173685790589895,5.20057363414036,3.65997840532444,13.7696684589071,-0.0451367933923197,5.33818016250015,0.157099478725997,4.58692052710426,,,,,,,,,,,
,-0.824618902874663,2.78858124969493,-16.6234763233293,-17.4702362788775,-0.200665532546374,4.15221051160769,-0.197016795877414,3.3489348415117,,,,,,,,,,,
,0.851199731811025,4.08347946490141,6.64270701932921,0.333262529496666,1.20007257104435,5.17518692818312,-0.140900978381164,3.68379994513011,,,,,,,,,,,
,0.688563104474182,5.23737074384739,0.768960042097233,-2.28580072579226,0.303141947048924,5.69558895904878,1.01723282636672,5.4293414266774,,,,,,,,,,,
,0.356666388718208,5.80685359316039,9.33992237074961,7.15766441960113,-0.617181852668391,4.62723409865723,0.903651864397426,6.42125341762986,,,,,,,,,,,
,0.356671111221663,6.46007013827622,-9.5801891034172,1.3724796483664,-0.322009990034811,4.22986542685784,0.566117223015272,8.4158188904183,,,,,,,,,,,
,-1.32405048859146,3.82776248929602,-0.49592552988349,-3.70735777302769,-0.263365395993631,2.37403002401388,-0.477448441634187,5.8027935290634,,,,,,,,,,,
,0.695231768246862,3.55317791486642,7.44793344636614,11.575122956321,1.40620120828094,3.07777520881928,-0.533241809229013,3.56587525997078,,,,,,,,,,,
,-6.48982955192071,-2.82180739955754,-13.7598714653139,-13.7623477820843,-8.92926737585391,-5.62631838586555,-4.06495072704113,-0.254238772742158,,,,,,,,,,,
,-0.455400969170283,-4.12168409915381,8.79198962898236,-3.94609796339174,-1.57814573363543,-8.12584211053426,-0.367146316949363,-1.3431271703139,,,,,,,,,,,
,-2.81802877439473,-8.76425084817295,8.53644229661534,5.18861297607263,-4.18605847979183,-16.1950999991919,-2.55856336473473,-4.74554476705949,,,,,,,,,,,
,-0.75096463802965,-9.35998140920689,-15.5712347010489,-15.5953338377548,-0.598670531311529,-13.3939939238,-0.598812058608222,-6.2261965773627,,,,,,,,,,,
,1.10527164043401,-8.51705586361693,13.9459110505674,-7.22005994280603,0.53912885686429,-12.8877562797982,0.89047767095447,-5.5395586576305,,,,,,,,,,,
,0.737849724240136,-7.07577851688096,-2.71313835343213,8.25912131962274,0.781106313572222,-12.0307931668366,0.7775939204685,-4.61711971394936,,,,,,,,,,,
,0.757644154086368,-7.16198055759625,14.0377268663277,15.7662296175406,0.186391347127546,-12.9119460255664,0.400124494930121,-4.10034589505698,,,,,,,,,,,
,0.873145405111475,-6.99178987568625,-6.0768404082383,7.90158055776737,1.61335041055093,-11.7743594737168,0.777754413937526,-4.32769222275768,,,,,,,,,,,
,-2.16197444519097,-9.32600726589478,-8.07449886686977,-9.28375792881419,-4.17774921644428,-14.9352009769273,-0.220679363294496,-5.3937325619504,,,,,,,,,,,
,3.24935841180976,-6.71241412483816,1.55435732538047,1.88729185742066,6.74222928867634,-8.90660735827204,0.226892539877732,-5.71285377275869,,,,,,,,,,,
,2.94484950023939,-2.67662448944689,13.2670039575892,15.9798566189207,6.76676494805462,-2.48571270611593,1.35211612325068,-3.97953384717064,,,,,,,,,,,
,0.397585863221139,-2.96430349544656,-5.38242274357734,2.13070360545568,-0.748390076683481,-4.55761196927226,1.55980977555077,-1.95900163612768,,,,,,,,,,,
,-0.800623794919153,2.93939703833533,0.445211156463476,18.9532096427959,-0.632082994297622,4.13786097235012,-1.18924001028181,0.979836169381633,,,,,,,,,,,
,0.829127881872416,4.26773254515403,-2.38027734401715,6.73744798647585,1.71786998624535,7.62529808027837,0.418024948024165,1.77562252670265,,,,,,,,,,,
,-0.497249896772411,6.7577247551969,-4.41277962334707,-5.99714024859867,-0.839594350073603,11.3842938356082,0.00290263278459602,4.45102228968361,,,,,,,,,,,
,1.3533993834691,9.02129451355837,4.73273131974459,16.6092648491386,1.61461569069405,13.8643946975572,0.443936325435401,5.54674495618224,,,,,,,,,,,
,0.823425818377777,8.71738161292265,2.74627544216195,5.14785071998371,1.66745431242683,15.1422662733333,0.249218744858992,4.87589083906509,,,,,,,,,,,
,0.038414882181903,7.96254393427879,3.28097461125412,11.6263009910927,-0.293990337432093,13.9139699250639,-0.141284257723551,3.91964487444601,,,,,,,,,,,
,0.0433945490572629,7.19722032027021,-10.2946617935267,-12.1915583701426,0.0599068695138705,13.7701544947931,0.926177343596768,4.4641384743657,,,,,,,,,,,
,0.793498594036235,7.11258018418292,4.85486351213973,-1.9715456514522,0.259580873196419,12.2544228631435,0.475730110962158,4.15106632077267,,,,,,,,,,,
,0.800886164416514,10.3563051349011,-2.90510636001804,3.54104390336293,1.87479731685829,19.3448962385069,0.575743598672229,4.98238387436872,,,,,,,,,,,
,1.2863581507859,8.25818598803524,15.8356441246447,18.1017125189042,1.08770916778647,13.0227674839996,0.274919049859057,5.03268911061058,,,,,,,,,,,
,0.275319311706346,5.45087219765262,-11.9504798667156,-8.19215878525164,2.67012556751773,8.68608536763609,0.729805688234131,4.38777965088211,,,,,,,,,,,
,-0.195325837470539,4.82811762206641,4.63029947741227,1.52322855024047,-2.47258630484452,6.79799369245569,1.0036496945923,3.8161330900032,,,,,,,,,,,
,0.482983470002041,6.18455894755941,-4.33117328282553,-3.30441791981771,0.777546796119299,8.31302629052259,0.0915358310963121,5.16178810997073,,,,,,,,,,,
,0.608110093471259,5.95180203619906,-0.737057083372195,-1.67675359885917,0.674322382041925,7.20181742324309,0.538972134082405,5.28844885996395,,,,,,,,,,,
,1.03583577582314,7.58425128527875,2.3683945490161,5.29852046404442,1.41222818565725,9.63625147746827,0.672454791147614,5.99338947997523,,,,,,,,,,,
,0.98348127166723,7.19159190397378,5.59559862186503,6.1660491642432,1.07872771167274,9.05805956253183,0.565704996077154,6.12188577956241,,,,,,,,,,,
,1.04897949251679,7.43139190277864,-5.90774601017291,-2.77600993252852,1.12871541080686,8.4801576211596,1.30031314352383,7.23455399897801,,,,,,,,,,,
,-0.0459160231444211,7.3408288270812,-6.32062743570321,-11.814519353638,0.807322703951341,9.67838642124731,-0.23505179196488,7.13386053782933,,,,,,,,,,,
,0.814500898349313,8.16818174748061,5.10975486711207,3.32890370741264,0.736207622375806,10.4196980777343,0.572765108132711,6.75871091715491,,,,,,,,,,,
,0.500682520682227,7.85394141766819,1.15109602223058,-0.320962607802766,0.159411902680695,10.3093781722971,0.657564008234668,6.951915310419,,,,,,,,,,,
,1.43756247822742,8.53516608209993,10.1713232395887,13.1034912038331,1.24551436686999,9.62799462370721,1.15916898265276,7.57232794695314,,,,,,,,,,,
,0.894378632065895,8.11513358274079,-5.28438413442478,-7.51839032905639,0.731799670263555,9.24201649835267,1.25382831018512,8.62247636871098,,,,,,,,,,,
,-0.520288055112894,7.25732333258651,-5.39402114702883,-0.631903551844383,0.179454311317806,6.59191795257035,0.127800339638329,7.97330097017923,,,,,,,,,,,
,0.802787993398502,8.32996866486735,-2.64838325024834,-7.54451730627451,1.23671554517673,10.6459739710621,0.813216472237088,7.76972710236105,,,,,,,,,,,
,1.33488282138032,9.24839511732215,14.0410286113475,10.2105953313451,1.56665390412629,11.5123527162161,-0.074529068324114,7.59092308318784,,,,,,,,,,,
,0.811564743428428,9.4693225750224,-0.699296019326323,10.2525210412481,0.585928827982363,11.4144432101484,1.06413535027814,8.1529220175362,,,,,,,,,,,
,0.0299708106906271,8.3794978065183,-2.58086326607579,4.92208527734926,-0.334956948740706,9.49493446434286,0.19569414778855,7.64073567233171,,,,,,,,,,,
,-0.158283957750971,7.15410984584391,-7.30589516798656,-7.89711977750715,0.366078047670748,8.72294682636507,-0.063310634642666,6.967467332566,,,,,,,,,,,
,-0.519032926369201,5.49136198023683,8.09946002115125,5.81393468925384,-1.15957250987181,6.26282059107449,-0.554162984209994,5.00924421896772,,,,,,,,,,,
,0.701433733454881,6.28011358059679,3.86339704372936,17.3171255373866,0.252894107807822,5.67838738858205,0.820192301687062,6.11995882095249,,,,,,,,,,,
,0.392017362503894,5.83472529046523,-1.48361269110213,9.95800905462928,0.601923748000166,5.53751546545481,0.304275033250323,5.83665990141181,,,,,,,,,,,
,-0.439959716405325,4.84415875636947,-1.91231200558368,6.62787956610258,-0.241380565644589,5.11520226971223,-0.371113120001521,4.75505463466218,,,,,,,,,,,
,-0.127362073774506,3.22667905591781,-5.5430522889923,-8.58107401680168,0.232718702366341,4.06369671119017,-0.0372396839857458,3.51611745774062,,,,,,,,,,,
,0.177450801997492,2.49317853761238,0.764743068797347,-2.74249389460551,-0.0389337209633078,3.26746983812362,0.250474567179992,2.49034603115904,,,,,,,,,,,
,0.537925243081738,3.58344752193379,2.4044766477257,5.27457284982281,0.874494054810526,3.98393406964542,0.294928763811408,2.66141790097979,,,,,,,,,,,
,0.744385340476761,3.52343382335972,19.4706419688904,29.1937537483283,-0.0712412917711069,2.64048375355498,0.350391376637527,2.19010786627325,,,,,,,,,,,
,-0.117290734109587,2.03989736694736,-11.091100300921,0.722298225699199,0.231403200426672,1.29111589617364,0.472719374094721,2.74975874246146,,,,,,,,,,,
,0.345174115039804,1.56782402918297,-1.94290482465074,-0.539114150494727,0.156619415761572,0.858796684776381,0.527800994269501,2.20447900010596,,,,,,,,,,,
,0.230760781649475,1.77170092999472,-6.12490219461518,-4.15743046015785,0.885067760985336,2.09343443118637,0.0779149456927142,2.08433848818438,,,,,,,,,,,
,0.403349811716569,2.34419133064298,5.8451721370802,9.44032837243723,-0.85515753511276,0.851180700431631,0.904894029429149,3.07334996415597,,,,,,,,,,,
,-0.443933404530716,2.42145233903454,-12.2785000098871,-11.190400374227,-0.453608146338691,1.57150679980888,0.209967568152924,3.86535391530681,,,,,,,,,,,
,0.775625828529236,2.49691166317588,16.548017573495,-0.344268794503551,0.211058195644775,1.5291206255786,0.437954477364366,3.47157102324196,,,,,,,,,,,
,-0.149207896107217,1.94433867003208,-7.47063979242701,-6.40053597834665,0.274001832537496,1.19817642023539,0.00296037264089222,3.16074178595115,,,,,,,,,,,
,0.966473567397363,3.38445370606842,3.53748736682091,-1.20010450001829,1.15141869016926,2.61107432927844,0.691360112941242,4.26087981088072,,,,,,,,,,,
,-0.166615395319891,3.34382012225224,-5.19100161682106,-0.831867218758313,-0.67285249485316,1.68401543442527,0.526449060332723,4.84880559680682,,,,,,,,,,,
,0.249118662176007,3.41775323186463,1.30464221296038,-0.30052273867283,0.831126109587976,2.56907179218447,-0.076789354838569,4.50653059524982,,,,,,,,,,,
,0.959429270889345,3.85133090346118,3.06020507131259,0.337884713785539,0.685841004136445,2.37724958301543,0.591778936472709,4.81584615121866,,,,,,,,,,,
,2.74578696664765,5.91445553167499,17.9886811526677,-0.906745858863571,1.50974553111771,3.99697432138566,2.72497066638857,7.29609096236506,,,,,,,,,,,
,-0.623688545685852,5.37747722091698,-17.1170167441747,-7.62292018523164,1.44463468584246,5.25578542854319,-0.492664814260102,6.26514494704245,,,,,,,,,,,
,-0.098135818506373,4.91193532678949,0.678536059786516,-5.15332781786326,0.57649962729347,5.69704254872648,-0.680013731526874,4.98839756336856,,,,,,,,,,,
,0.197844897863453,4.87748214052158,0.0327805288361294,1.06808476466822,-0.576393879919457,4.1658727069416,0.657670228222318,5.59659946410471,,,,,,,,,,,
,0.758684230372331,5.24865082380123,6.58192443282213,1.77158537762177,0.725274925682728,5.82634361435613,0.589988410214271,5.26705189496964,,,,,,,,,,,
,0.742936854717402,6.50338594703926,-0.881866140809795,14.9935833707594,0.898974371083394,7.26425471881788,0.647228226551944,5.72637886150132,,,,,,,,,,,
,0.5670316020852,6.28293590048641,-8.39177146695983,-9.61357657912291,0.849817567969513,7.94797215729964,0.543531337705216,5.83751472835053,,,,,,,,,,,
,-0.567518434487246,5.83767882039351,2.7857260136865,0.405256582925778,-1.14108604500113,6.42458759088149,-0.150972276477201,5.67460106102006,,,,,,,,,,,
,-0.0291958520084123,4.79397256326634,0.976113374450027,-2.07863035937262,-0.480453418213955,4.70764364303923,0.452808997511722,5.42424399038956,,,,,,,,,,,
,0.0994724363540422,5.07328194501548,5.82290871305295,9.29684246485737,-0.183376218610665,5.22363457594975,0.0379628464587611,4.91195801710821,,,,,,,,,,,
,-0.29303941909905,4.50503426670371,-6.02753786440657,1.38620665060427,-1.04500913873661,3.26576920836269,0.533927971442938,5.55316590145744,,,,,,,,,,,
,-0.935105490070154,2.54396513682282,8.88432492025786,7.11572580064346,-2.47359150351196,0.0253808388518724,-0.950678824473195,3.93463105041425,,,,,,,,,,,
,0.930691380800219,0.732434912857938,-1.82725450076064,-10.8741212694273,3.32451608180546,1.81361421997123,-0.597068713767124,0.57347226816695,,,,,,,,,,,
,-0.800041019966635,0.553675871822523,-7.16286516436999,-0.170205076774339,-0.755070992658369,-0.394092338802737,-0.147438592429872,0.922397297489439,,,,,,,,,,,
,-0.212257417043737,0.438809684656553,7.85123451872785,6.94202603251626,-1.24795745163833,-2.20094288549429,0.357204157750046,1.97634947608429,,,,,,,,,,,
,-0.202629381113506,0.0373723091245009,2.65080083854852,9.74087251698653,-0.888019335285029,-2.50747648346923,0.0635312540448574,1.37442690495076,,,,,,,,,,,
,-0.141974107931775,-0.856838390434099,-0.257929412106284,2.69829439855318,0.667900876038985,-2.56300912796446,-0.596338102804572,0.178848972393591,,,,,,,,,,,
,0.0947242805420689,-1.49475749429639,3.83210640886387,7.58253628087951,-0.2604718538328,-3.68267314772235,0.0987563246704459,-0.367070520794133,,,,,,,,,,,
,-0.180339663117723,-2.22680642273551,-7.40673173662417,8.7393436356765,0.000130650258101106,-4.49417260849387,-0.0826316367632418,-0.98756246739349,,,,,,,,,,,
,0.550841477536168,-1.12710923680866,8.99009278086904,15.3030835254799,0.00511297293932511,-3.38685025197308,0.457336255802909,-0.384350679295657,,,,,,,,,,,
,-0.136096752027803,-1.23283611477251,-2.56937435665037,11.2545451698625,0.346637563579,-2.58391386787757,-0.159939274206888,-0.991992392519432,,,,,,,,,,,
,-1.12376897884455,-2.43979637525676,1.46058797151642,6.66831695248557,-1.95333652644254,-4.31130755508357,-0.557213788710542,-1.5810413010131,,,,,,,,,,,
,0.389104407559482,-1.77233955737323,3.34369505514878,17.3056209092165,0.876163404220631,-2.45354892162169,-0.183572124078479,-2.28344708274781,,,,,,,,,,,
,-0.206703291439059,-1.0500933551565,-7.27524412959351,-0.103756266115507,-0.680424996387219,-0.660013902141006,0.163029029090445,-1.18472483896528,,,,,,,,,,,
,-1.22317122888689,-3.16168598608642,-0.988618106746952,0.749603036351453,-0.952774628855479,-4.77235834706585,-1.63752365691934,-2.21902875908,,,,,,,,,,,
,-0.0932494504536474,-2.47172094321113,0.803353253806338,9.39477874920756,-2.04586667128682,-6.01090453336513,1.40257927541823,-0.701168321426005,,,,,,,,,,,
,0.83490096390979,-1.44827305120787,-1.12845977072883,0.286568959916193,1.14085870680771,-3.73730426977089,0.985550401965418,-0.0794486505379072,,,,,,,,,,,
,0.761805357122447,-0.495876125385737,2.0442198785825,-0.306041353636864,1.72078285696942,-1.20350028392491,0.308304213668276,0.164974555144456,,,,,,,,,,,
,0.0826919674962845,-0.272006278169054,-0.350837304840512,-0.398904430988002,-0.706855396055295,-2.55270004336842,0.420101709326048,1.18919907540605,,,,,,,,,,,
,-0.0809713494369868,-0.447058188341623,-1.98072782053644,-5.97487392282815,0.240055674880635,-2.06367571035163,-0.148650507140147,0.93909707538223,,,,,,,,,,,
,0.389974898354595,0.121732490378179,2.31002990818121,3.8921472532245,0.258402405287517,-1.81073417726623,0.324243993148521,1.35013330840197,,,,,,,,,,,
,0.815205168687161,0.384967987731049,2.25981475565378,-2.52332609678571,1.16036693655326,-0.676456787301682,0.513984197021822,1.40728469831701,,,,,,,,,,,
,-0.247325249645236,0.27315912777768,-1.79380193215526,-1.74738711649451,-0.0431892772632114,-1.06230910893357,-0.293983166517353,1.27113667265695,,,,,,,,,,,
,0.475597171227449,1.89512119908112,4.83620883305511,1.52150355702844,1.11460024013053,2.03350842050644,-0.0726074501377405,1.76465296092512,,,,,,,,,,,
,-0.606225905183033,0.884859144762194,-7.24638296840007,-8.88184657636083,0.037038793923494,1.18475659350123,-0.596782613641744,1.34337739571965,,,,,,,,,,,
,0.0546050216963634,1.14902570938638,0.960477346623456,-0.788821946853029,-1.02026565812338,0.838533861103344,0.488843000433481,1.67303084748403,,,,,,,,,,,
,-0.0499179048734866,2.35045555999685,2.06572046247899,2.27168000586964,-1.95691371441156,-0.1837654794454,0.618458369420605,4.00494174158756,,,,,,,,,,,
,0.597188213247102,3.05778123145392,0.0402768756001759,1.49748846706791,2.2090053516004,4.15199136162874,-0.072997279198872,2.49149647525589,,,,,,,,,,,
,-0.731913751915303,1.45642647560884,1.78212283822072,4.48537379887593,-0.661903510189621,2.29555789594036,-0.723945758258659,0.75650746957475,,,,,,,,,,,
,0.124096646507499,0.814321595867441,-0.582060547634433,1.79626615161817,0.233714781423111,0.800087116570233,0.148396146443641,0.595884892051719,,,,,,,,,,,
,-0.295718145863477,0.433145209487179,-1.8799917816187,0.234163551907996,0.284833927263395,1.80682701368822,-0.495594173124259,-0.321413895931312,,,,,,,,,,,
,0.829568476003284,1.34837006447729,6.38205329109871,8.78591415211362,0.63904980835785,2.21205750216821,0.407275005197327,0.233549750833839,,,,,,,,,,,
,0.0279602649817745,0.982899378096769,0.0128953858054226,6.34337866296071,-0.281573042571581,1.66155998572841,0.278626188427622,0.187973185120304,,,,,,,,,,,
,-0.927661943188185,-0.762866787764948,-2.73007077491116,1.15423092462728,-0.261987397158669,0.232158681675137,-1.16200314342724,-1.48257819203311,,,,,,,,,,,
,0.293763594025975,-0.22457439817804,2.01734634295068,5.0797853223419,-0.243645147066618,0.0311506222389419,0.692889154064558,-0.507470372414277,,,,,,,,,,,
,0.419329560772241,-0.280449903662197,-7.42025402396971,-7.20515420535823,0.740474707614469,-0.338966130493724,0.385259987085163,-0.0515954776433029,,,,,,,,,,,
,0.186885863461539,0.515261391794818,6.97123927128693,7.01878773373346,-0.647171305183958,-1.02060451846596,0.397420155086503,0.948060098089964,,,,,,,,,,,
,1.19938240581694,1.66530938784001,1.37027411003947,7.45317507015047,1.71203745964699,1.71168924517573,0.904231930853361,1.36534728600122,,,,,,,,,,,
,0.46759209230065,2.19170029089035,3.97814590456143,9.46654630689431,0.312507801625173,4.0660285948477,-0.393348173559072,0.34603012215812,,,,,,,,,,,
,0.305515958517688,1.89540489568215,0.721147469490324,10.211571757871,0.136642356700212,1.95601308355001,1.01198311211821,1.43556019976137,,,,,,,,,,,
,1.21799467870862,3.89692136041366,-3.01632455373881,5.01572385925823,2.06431571474213,4.75407800312774,1.24184671279879,3.44411364259496,,,,,,,,,,,
,-0.328678433250207,3.42708504297226,-1.46192406776292,4.08631911628506,-0.114785506818038,4.38986096838913,-0.511574569247231,2.7624243860353,,,,,,,,,,,
,0.170278345382391,3.91048112018709,-2.02263353339891,3.93500385281651,-0.44060949194642,3.63472248227795,0.745161873363642,4.0438058319038,,,,,,,,,,,
,0.451292678779946,3.52064686145025,-1.14092514070895,-3.41492753227369,0.603113632653929,3.59771661225788,0.308734807219291,3.94169672452553,,,,,,,,,,,
,-0.589467857102377,2.88165993800123,-0.858883496907947,-4.25682723168641,-0.479529311470794,3.39205936241181,-0.659164015331792,2.96965005161607,,,,,,,,,,,
,0.235263218043569,4.08929945996932,-0.370607933489897,-1.93439870453224,-0.0381875227384976,3.62405846984833,0.634561971566172,4.84131567687416,,,,,,,,,,,
,0.0140518103162179,3.79900221142951,2.7878294336136,-1.19376105532456,0.159726758247003,4.04306970941232,-0.38983962598963,3.71397976690324,,,,,,,,,,,
,0.277714866702516,3.65262139005568,-0.791631948260663,5.88067201620311,0.337860885453556,3.62725691831083,0.288376068649177,3.61388323123953,,,,,,,,,,,
,0.888805985179708,4.37882282845222,4.93082472314248,3.86105940798345,0.0452207663174775,4.34943757511004,1.26332283409551,4.50752710111053,,,,,,,,,,,
,-0.0685420859722119,3.0710632083628,-1.01540822809858,1.41675808567506,0.320572421128884,2.92189175259717,-0.351735502330575,3.20670900805444,,,,,,,,,,,
,0.0846071957449679,2.67815381680026,-5.93670947246155,-8.25385568107689,0.249795527100471,2.85754817200446,-0.454860348334207,3.14297361482456,,,,,,,,,,,
,0.171119370548145,2.54057819695402,4.45389435748591,-4.85372429560203,0.416152896277899,3.1446535523385,0.637711329775481,2.76080604042796,,,,,,,,,,,
,-0.431459171289128,0.869571455269003,-3.10111426039421,-4.93690762278785,-0.242442959404354,0.813478130179433,-0.312135622056309,1.18350888033864,,,,,,,,,,,
,0.50049310280722,1.70871130202029,1.49961823298816,-2.07980526259028,0.300365397641156,1.23248715808994,0.658426447548677,2.37344437042611,,,,,,,,,,,
,0.232429110775079,1.77181658992544,-1.21200829300758,-1.26965303804323,0.870187773497788,2.5653123859644,-0.10156361942818,1.5130337708352,,,,,,,,,,,
,-0.814734252916416,0.489146578873137,-11.6758031456098,-11.7908132057483,-1.13819364549904,0.79004203403621,-0.286653275318949,0.910497504720245,,,,,,,,,,,
,0.308618372592862,1.39697713596728,19.8061844030436,6.59559294740273,-1.51444416411676,-0.258075109885789,0.502826936377199,2.0908488060827,,,,,,,,,,,
,1.31415788239384,2.48837605188841,-1.08754093438194,5.82853117227285,2.61774936996866,2.39201947623967,0.867434987872118,2.32709173726795,,,,,,,,,,,
,0.523447280236256,3.01037384655139,-1.90150840527968,1.00047187385997,0.779004311669218,3.02509907183655,0.462524480845938,3.20270462481103,,,,,,,,,,,
,0.299903813242697,3.03316746207608,-5.8175214481385,-4.11620548957379,0.298601789516262,2.98478854286258,0.467476295921876,3.38700941244473,,,,,,,,,,,
,0.89581963845573,3.04033018846037,5.1480272553466,-3.91772994132612,1.44450624438994,4.42518837372494,0.495470203846948,2.60305343619319,,,,,,,,,,,
,0.621412258023968,3.75174904398723,-2.96505315147834,-5.81020943427962,1.23670232661521,5.37880173184673,0.498638815243435,3.47864321175674,,,,,,,,,,,
,1.84491162964706,5.57655176824664,9.80331118373723,9.95097902503158,0.243952638045486,5.37265990737685,1.59827634364598,5.61290913330572,,,,,,,,,,,
,-1.03083684005926,4.30973561515025,-5.11799461877601,-0.124648796531598,-0.621004448566953,4.28430883021837,-0.276603955005639,4.65339310482255,,,,,,,,,,,
,0.105742715428114,4.8725176576413,-0.890846405055445,2.15351236725016,0.938365316735101,5.51869927231885,-0.340105035782146,4.62403051321898,,,,,,,,,,,
,0.546958369585804,4.92100428054492,2.78495141799029,3.4471260940403,0.141431178991036,5.35149617235669,0.508309946513652,4.4679999260231,,,,,,,,,,,
,1.01984228226315,5.74525030021339,1.11342640352998,5.88223518087834,0.954865913758618,5.43993626517781,1.22013401367114,5.85015477488216,,,,,,,,,,,
,-0.153677314038703,6.45002868577085,-0.679873668693143,19.0640543467706,0.106621565798548,6.76757978476404,-0.491747330317527,5.63243830885129,,,,,,,,,,,
,-0.0350717230267694,6.08529611212669,-1.44010937815126,-2.05063092624914,-0.0173797282277399,8.39053804747687,-0.185266873060386,4.9092245536588,,,,,,,,,,,
,0.247558903081924,4.96846830722561,0.909101301715998,-0.0734295793282728,0.452805123586386,6.10380428895188,0.341214136409973,4.36191786862713,,,,,,,,,,,
,-0.0409158121031483,4.37914978528068,2.00758772627927,3.90851309401273,-0.346406620131634,4.91893069282908,0.0999832820790303,3.98530484794877,,,,,,,,,,,
,0.276716497926222,4.3550194305493,3.7046592201152,14.4140301483974,-0.00620882076538543,4.60007875746818,0.330256469189072,3.84328032379365,,,,,,,,,,,
,-0.297686332187963,3.12059426602515,-7.88631733862043,0.231054639811072,0.253553278473873,3.37207954249688,-0.27239785695452,3.04983223973819,,,,,,,,,,,
,0.437804250958052,2.93242589931523,13.7883043005235,17.5362291229098,-1.02940276500739,1.05817568747884,0.644136231432846,3.19902315920129,,,,,,,,,,,
,0.0986954697797193,1.16756339805099,-8.38744907585449,-1.93561869972632,0.130945452609987,0.944250610712124,0.146664440254463,1.72454016768307,,,,,,,,,,,
,0.0657077632387981,2.28846552686529,5.19705167391868,8.72539788305511,0.754929394092918,2.34185590815483,0.0155405662080055,2.02254713757766,,,,,,,,,,,
,0.565969693558266,2.75872737308946,1.13988691518079,10.9531667644183,1.03297934267292,2.43778548834009,0.340800904644079,2.71959541791483,,,,,,,,,,,
,0.46191051407547,2.67180868813106,-4.88294998874098,2.67590504685075,-0.243445954830113,2.04408269410631,0.629745215492905,2.84370238683762,,,,,,,,,,,
,0.206933855805813,1.84560685929637,1.55106864143015,3.12031005280709,-0.00831087177471934,1.0705140536807,0.568019258593666,2.18112772768733,,,,,,,,,,,
,0.417300404969256,2.42801761545815,3.8351261667654,7.80806267776623,-0.00815380389687093,0.95463355112881,0.549266525698799,3.25010408828123,,,,,,,,,,,
,-0.193612091999762,2.26557088553169,-4.09637776007201,4.90254861519685,-0.0547505388802771,0.916899428091421,-0.451841015983412,2.97435513678083,,,,,,,,,,,
,0.267019865158447,2.28542360233112,5.73013243902922,9.91437060878722,-0.479057941446814,-0.0192688660543808,0.898663677099343,3.54643319531165,,,,,,,,,,,
,0.202238959964385,2.5342372950927,-3.93620627644652,3.50986295009289,0.596175265036569,0.926407279044546,0.0514909613519521,3.49627128035405,,,,,,,,,,,
,-0.155462178428556,2.09232901864694,3.1611621548,2.96738677623894,-0.368248200982213,0.560991251630191,-0.0330236084697177,3.12152756104871,,,,,,,,,,,
,-0.386943312628008,2.00093241330177,3.25762091145607,15.4244090866415,-0.68982896054367,-0.38528396737649,-0.424156136583431,2.96460465024893,,,,,,,,,,,
,0.0653424366120259,1.62267392154187,-13.4726847250322,-12.2285519864211,0.649774075072651,1.30482126353335,0.536745766448354,2.85473817233601,,,,,,,,,,,
,0.589553320006808,2.12100496393309,9.78784117910152,5.18469027844556,-0.216078185286483,0.953729326346349,0.0949125601127587,2.80158686558352,,,,,,,,,,,
,0.129764895974671,2.18637779660792,0.464187072940381,0.452381822436382,2.1083933131796,2.30986377021072,-0.425986854174643,2.34776019821719,,,,,,,,,,,
,-1.3522798360782,0.237219729113504,-4.48868541089397,-5.1379299097512,-2.21141820383487,-0.975537424124062,-0.835374213814022,1.14805989794295,,,,,,,,,,,
,1.88205263956485,1.65418559757868,2.58329922977492,2.30830456234695,-0.0518368586532869,-0.785334505076072,2.6572731999549,3.18603109202628,,,,,,,,,,,
,-0.514594005641955,0.922236975670166,3.74911101284396,4.52273707777007,0.170487153987531,-0.607925897702643,-0.812799139670417,1.76926688382055,,,,,,,,,,,
,0.815062425735014,1.32199909591988,-3.38720298490474,-2.74741936039634,1.14302487053966,0.536347765273674,0.846135785657043,2.06973816511599,,,,,,,,,,,
,-0.106300926961966,1.41063612577792,4.51899324500975,5.98913348132712,-1.87047436248322,-1.29011465049578,0.432097799902365,2.97606736710485,,,,,,,,,,,
,-1.06748406683841,0.0609112328056084,-8.51503355238665,-8.29092807632302,-0.0190733209920579,-0.833878724584728,-0.885190192078433,1.15548571110405,,,,,,,,,,,
,-0.298356237417519,-0.438977912673603,0.531898624323301,-4.02536934889619,-0.82394913240309,-2.23381493340821,-0.0510811461188254,1.05178179573087,,,,,,,,,,,
,0.120581501071815,-0.163718079021836,9.07999800732038,1.48114175435939,0.154159474433269,-1.72118914341,-0.294654309676723,0.787311972957735,,,,,,,,,,,
,-1.36189257264622,-1.1408521256891,-3.86177147147936,-5.51576618560866,-1.69806520748232,-2.71895461269183,-1.04020593329818,0.163767138755447,,,,,,,,,,,
,-1.1269840581882,-2.31880623441142,4.30797851047253,13.8999794339067,-1.12657356308464,-4.43584823514871,-1.47350322891191,-1.83902408675266,,,,,,,,,,,
,-4.33102771008856,-7.09711783015868,-1.64566281510152,2.03822993768734,-5.21719810015829,-9.22547539999879,-4.18878992370935,-6.03996103328777,,,,,,,,,,,
,-0.399989855600635,-7.58863744288966,-8.19084281385644,-6.75240437128626,-0.430965090282476,-11.482969072985,0.438955992687107,-5.22378358871606,,,,,,,,,,,
,-0.254257626724375,-6.5600305139536,6.17292330596537,3.65651296649964,-0.906845739868756,-10.3020859983114,-0.0929605804078082,-4.51422456372555,,,,,,,,,,,
,-0.853810537224553,-9.06919640857481,-1.34136242302075,-0.309208009103948,0.105533002864444,-10.1608553057082,-2.17497122154824,-9.00889494899974,,,,,,,,,,,
,-0.490477147072588,-9.04715332287903,-3.67399116116766,-7.44194319625121,-0.30631426106067,-10.5884805727303,0.141088846010917,-8.13382920302474,,,,,,,,,,,
,1.59223374755253,-8.34600864891533,3.07811811942338,-1.24796500167128,-0.234169207202128,-11.8059349171573,2.70469377461913,-6.44076873699985,,,,,,,,,,,
,1.78424591749486,-6.61140310583723,-2.35009372523801,-7.73804202817247,2.28730107617725,-8.069127720192,1.36875065296291,-5.56821381867844,,,,,,,,,,,
,-0.180498852495525,-5.77412221944683,0.192637253912475,1.04358394994188,-0.0470301711235077,-8.09483359934465,0.114650028958585,-4.61561452346286,,,,,,,,,,,
,0.740628339111549,-4.79220025678558,-0.0317875537178991,0.477028732824472,1.42672463702371,-6.0091632637824,0.38426767283315,-4.20014750251011,,,,,,,,,,,
,0.776914924448713,-4.16807222835442,-0.0496496461221962,-7.93257785273811,0.522015087759353,-5.66394488167954,1.04335328671603,-2.91455013069952,,,,,,,,,,,
,1.00326302141216,-1.87020352456326,1.3456022495363,-2.94570133140633,1.53133888983583,-2.56482741703404,0.51321716660111,-1.39054958165399,,,,,,,,,,,
,0.565036403673935,-0.190901826590173,3.69006403611059,-3.52064542295875,0.423582899183117,-1.03722017336248,0.526154689028746,0.610791933318903,,,,,,,,,,,
,-0.842041346411171,3.44907228583883,-5.00116367608915,-6.81217853290381,-0.19778427565168,4.20355278562152,-1.168811471678,3.78205366186293,,,,,,,,,,,
,0.805452531883022,4.70109923341061,6.81686817721254,8.4208977236397,-0.43322012147633,4.20119279225354,1.23839185618513,4.60809864475591,,,,,,,,,,,
,0.68781332491803,5.68997216017376,-5.05932824284807,-3.04917165431886,1.16942409450744,6.38448986172246,0.837213842454831,5.58204180580771,,,,,,,,,,,
,1.1246725569596,7.79903781642075,6.35919745200113,4.51808932702566,1.09042671444273,7.43115943063905,0.654914020658226,8.63632214366432,,,,,,,,,,,
,-0.171277750054033,8.14482771555472,1.49373068104905,10.1253019545698,-0.572319119657017,7.144509276606,0.0986832586069575,8.5903191781784,,,,,,,,,,,
,-0.0381459738492906,6.40929018893566,-5.08787469133566,1.40102137542879,-0.00582753690641091,7.38973909143156,0.168534615269489,5.90882213574724,,,,,,,,,,,
,0.334887004242623,4.8940728603798,2.13380423828406,6.0571634096568,-0.256996915002894,4.71852287427667,0.585159638717125,5.09013589545764,,,,,,,,,,,
,0.226140810827702,5.32138505871986,-1.8272432877717,3.91905419775441,0.790566918516844,5.59605487898947,0.222516296102149,5.20336288740512,,,,,,,,,,,
,0.320412573866435,4.88206174747202,6.10892861845405,10.3024574925954,-0.502609366391427,3.58741208751991,0.580260992275217,5.40876515597546,,,,,,,,,,,
,-0.0610086616881889,4.01000535075896,-6.12441904020573,3.5985090772488,0.0203783374513877,3.07047803355143,0.198642586977527,4.52756011994682,,,,,,,,,,,
,0.201455127743211,3.18432862689798,0.61259400044853,2.84920609753152,-0.197716798132752,1.31521115483017,0.467069753829241,4.4795696506447,,,,,,,,,,,
,0.832702380672479,3.45896616615162,-4.0104552797849,-4.78886709241984,0.951807580148034,1.8481257705423,1.04302572566302,5.01676779215807,,,,,,,,,,,
,0.190440241613676,4.53623196642706,3.03644111841095,3.26669956461233,0.169803529945445,2.22324899585803,-0.0827261263140255,6.17082830903498,,,,,,,,,,,
,0.169339571810778,3.87657665730646,-2.06150730513898,-5.31659396573858,-0.238045775454732,2.42363064720109,0.423785688414391,5.31653370802308,,,,,,,,,,,
,0.632768805573702,3.81978888881273,8.07760123970531,7.78473768927325,0.747060066997562,1.99603053442467,0.325952052198719,4.78256100573028,,,,,,,,,,,
,-1.01938892080293,1.61858512362316,-12.5760665663415,-11.4043170816153,-0.0895184692861317,0.805514984139007,-0.804230369862113,3.26358016308122,,,,,,,,,,,
,1.38514246251205,3.2029109197881,3.42571587320393,-9.71785284053748,0.857350335070506,2.25499629925026,1.39537928354829,4.60127482158877,,,,,,,,,,,
,0.432546515158116,3.68886464170422,-10.0784436848243,-14.4649732196705,0.973984379335602,3.25696132782497,0.525124190356041,4.9736444912201,,,,,,,,,,,
,0.271346396067007,3.6232000088224,16.7385770026284,-2.23376692283744,-0.249724159324805,3.26449030357838,-0.217789527807843,4.13566301707361,,,,,,,,,,,
,0.838029576186572,4.25582809769203,3.65947107363171,3.23022749933372,0.474460360049345,2.94062485029489,1.11153401612556,5.05939206649248,,,,,,,,,,,
,0.113389300977151,4.04068362014439,0.464414907915067,-2.26115236896427,-0.165137722561937,3.28977513115995,0.402949742864389,4.87418463229142,,,,,,,,,,,
,0.063454601924362,4.17025510028881,-3.28639660886706,0.693663347264129,1.33636117309512,4.64877390150565,-0.674060160570644,3.96075919345848,,,,,,,,,,,
,0.696896221146281,4.68531972705663,-0.862483007058601,-0.782602214525776,0.872787281261234,5.77126264395803,0.818825780937371,4.32474735115669,,,,,,,,,,,
,-0.0540236666698557,3.76471363811248,1.87378407410068,5.29950723125907,0.537718652311225,5.33740504602043,-0.454830370952564,2.77824319883574,,,,,,,,,,,
,0.965340856822539,4.56725867375897,-0.408874029584572,1.77852006009506,0.0897311239084431,5.25320183137393,1.53301900511436,4.44025257546481,,,,,,,,,,,
,0.149480295505078,4.54652747905,1.63346393155073,5.61836580191776,0.0377650180008571,5.54419421756467,-0.0240383217087969,3.97451776566844,,,,,,,,,,,
,0.183304532258255,4.07958286887228,5.77594355483966,3.3690808388682,0.0766570365284158,4.84186952833974,0.0686890888273339,3.70789888981077,,,,,,,,,,,
,0.234896041131583,5.3984821382695,-8.01273408877302,8.76471410817615,0.543832270508937,5.50648123483882,0.461630798932045,5.0313404296197,,,,,,,,,,,
,-0.43595972798679,3.50529145928784,-0.421125489153262,4.71929274015554,-0.444718449927251,4.14439215184745,-0.594080754198045,2.97053986876453,,,,,,,,,,,
,0.667983341883627,3.7479315019437,7.63116861568223,25.3432471155806,0.497507499562655,3.65295472543133,0.40808777311383,2.85065637531154,,,,,,,,,,,
,0.395513696036565,3.87640390203634,-3.05741680312339,4.08811271868813,0.779517446345457,4.72246488622998,0.238050597246398,3.32051423717057,,,,,,,,,,,
,-0.547555679310296,2.44906925214659,1.67190316054733,2.09232602567845,-1.38245334383141,2.78704189958676,0.0883111988902119,2.27493710608775,,,,,,,,,,,
,0.389954691195604,2.73208700844346,-4.96453893396251,-3.42459781358694,1.29913936117976,4.29461857696929,-0.00251360018865832,1.86191400252578,,,,,,,,,,,
,-0.118298508383685,2.54548665153491,3.0696951105107,2.92241121729481,-1.92007190519373,0.943122214854658,0.958550431134486,3.53620814925848,,,,,,,,,,,
,0.977215862292713,2.83095239177198,8.20980712152613,12.3410652608824,0.855270932841101,0.925593652920508,0.710837265407971,3.42530900581999,,,,,,,,,,,
,-0.351171770003089,2.52522700303539,-4.51402531604541,5.29692413964455,-0.541389320062236,-0.157677523184375,-0.0525442728736558,3.84327568524403,,,,,,,,,,,
,0.0237773976010658,1.56911665293676,2.07958085381221,7.92794816441356,0.123725356707061,-0.123767319656799,0.0584271114722146,2.33513129994811,,,,,,,,,,,
,-0.263693675341714,1.15008586896194,-4.65168905245592,1.25353563115447,0.743982224455242,0.581309548284116,-0.751931322114596,1.59006194009004,,,,,,,,,,,
,-0.0597967658317322,0.904638613139582,-3.5499739055973,-7.67365597913824,-1.01591547234692,-0.516772431802648,0.572668958497036,2.10170395961181,,,,,,,,,,,
,-0.366784836705936,0.298937465769526,7.47149819325763,7.86765337936955,-0.974763159727565,-2.01934868495144,-0.128067472198568,1.50237864679685,,,,,,,,,,,
,0.859320900548322,1.60377875592943,-0.954828779259553,7.28952552055003,1.65779358644484,0.0499086715038664,0.179440327684488,2.29221319930853,,,,,,,,,,,
,-0.321571000417387,0.605025655644671,2.62185989128094,2.29611735505829,-1.01727139860346,-1.45812365874771,-0.122810610575508,1.75135267844857,,,,,,,,,,,
,0.0561579210307972,0.264961690692873,0.0752948177651591,5.60182909743216,0.185093871504893,-2.03934904948696,0.0233098626678974,1.53336998536609,,,,,,,,,,,
,0.629028154194966,1.4511581064581,-2.6542470481405,1.10846012541366,0.964811451480729,0.292280514404826,0.796644178822214,2.25192976185545,,,,,,,,,,,
,-0.130143848501363,0.925561702474847,0.421816795736807,6.83901719756977,-0.944846313086067,-1.92940115172807,0.065638561500414,2.32161841405104,,,,,,,,,,,
,0.300460786606127,1.34869743638629,6.80166285527846,10.7074652960774,1.04931520050104,1.03970350938397,-0.23369035530959,1.11328087070039,,,,,,,,,,,
,-0.233647616113708,0.13337935436329,-5.45885126378999,-3.27668793447849,-0.274557749001014,-0.0921912738420114,0.095989546935682,0.495976201821899,,,,,,,,,,,
,0.584440225869165,1.07354084522333,0.0537503560927854,1.35027841575096,0.293480388666945,0.746449067107403,0.702692280813677,1.25535756049623,,,,,,,,,,,
,-0.660605578664875,0.381975174488633,-2.46976575902068,-3.1665656187154,0.127671166613941,0.750419418144547,-0.707987033489732,0.47977532791639,,,,,,,,,,,
,1.16398061566159,1.81889188534257,7.26781907182483,8.93859803168966,0.328237933939413,0.334648562999593,1.09734055755488,2.35199738185372,,,,,,,,,,,
,0.29654018625187,2.18192730477174,-2.88822358370662,9.68603331224864,1.51686996513714,2.90199196944844,-0.354479636843441,1.40844570339486,,,,,,,,,,,
,0.454726269147865,3.02445344387942,0.0787056532483454,2.14090644190531,0.57744964489892,4.51497260603289,0.359751352816651,1.90376954040862,,,,,,,,,,,
,0.745543062628196,2.90823315346812,3.57800770007786,6.81542031316314,0.102429182065378,2.91589335808634,1.1026334915671,2.84285307996375,,,,,,,,,,,
,-0.363976567621249,2.86445355099427,-3.70341356916527,0.231669599728033,0.264482365043772,4.24857872163151,-0.758334956586626,2.18845804396885,,,,,,,,,,,
,0.610543841044575,3.43439952836818,5.27245638994924,5.43695210734535,-0.619647670379175,3.41119704400124,1.2041914119939,3.39490147024501,,,,,,,,,,,
,-0.680628968845753,2.08823132427707,-3.05004961256925,5.00825116493982,-0.474485977914474,1.93702532083967,-0.529812806045193,2.03425211160595,,,,,,,,,,,
,0.22465094027444,2.45090704911487,0.538124777559368,5.12987112918077,0.655894237122756,3.58433718625237,-0.312873462628638,1.64829353629019,,,,,,,,,,,
,0.716584686842481,2.87595266395738,-1.7905958157213,-3.32789088164869,0.90312425443797,3.43447875108607,0.905311416781562,2.80878134906195,,,,,,,,,,,
,0.152506836796484,3.27414309860116,-0.247584261546374,2.0008382381066,-0.182464569201524,3.52999710461831,0.370085339336224,3.09030565904833,,,,,,,,,,,
,-0.117621248320154,2.55330797751654,0.0763143512522824,2.02384133806116,-0.19993202838049,3.0206620420565,0.00604376513282379,2.37713993535352,,,,,,,,,,,
,0.189979934580209,3.43141236509778,0.623458495699469,5.25958277806288,-0.382410916946885,2.49584214629775,0.781522768119514,3.91293066855038,,,,,,,,,,,
,0.25604636438985,2.50312819347686,4.07514254104584,2.12667859036711,0.672976553221227,2.84802888685337,-0.431251198915317,2.3417671905143,,,,,,,,,,,
,0.19753018321782,2.40193990707547,0.999025790459163,6.21466752524389,-0.566217507607003,0.737626540482711,0.565942921133633,3.28709489618622,,,,,,,,,,,
,0.938451755103586,2.89504192411389,-4.40876716677248,1.45206162925516,1.19428915972872,1.35544841705372,0.948780301770014,3.89330493683552,,,,,,,,,,,
,-0.719137847266615,1.39911069929149,4.36798846164199,2.2258279787702,-0.930539958512877,0.30954921860504,-0.760399430856029,1.97884790607169,,,,,,,,,,,
,0.462335928310798,2.24004502566078,-9.07822603126706,-3.47992623883758,0.466996448913037,0.512154328452256,1.03776412040091,3.82448516453791,,,,,,,,,,,
,0.797085318203616,2.42960775234702,4.02852228927928,-4.62043929674466,1.14595294449711,2.29786264327337,0.372260810495484,2.97101491604223,,,,,,,,,,,
,-0.0462689388543436,3.08383308997431,-0.060278870861652,-1.67909668844058,0.334296412117174,3.12917419847313,-0.404060435205189,3.10119310931581,,,,,,,,,,,
,1.52574209457883,4.42204142621567,4.27788919749648,1.97819269063005,2.07035877807908,4.57839444679963,0.992833505000057,4.45161769160325,,,,,,,,,,,
,-1.24233158056015,2.39105480905402,-1.56785358327036,2.20948266219531,-2.07448597184126,1.49232848944194,-0.414625961851323,3.08529125631424,,,,,,,,,,,
,-0.651514200785197,1.56906278182688,-3.0873847401772,-0.700266797364105,-0.727899103135066,0.937742357370519,-0.613808035663499,2.07478165293888,,,,,,,,,,,
,0.29199954979735,1.98560072456225,8.20414511723699,7.36449289937785,0.46185933876346,1.60707783848566,-0.190901525018694,1.87376232717689,,,,,,,,,,,
,0.246068945991951,2.0426949721767,-4.98782580956702,1.37729366218486,-0.0742387395884503,1.92140460247116,0.838624952396438,1.93148336759791,,,,,,,,,,,
,0.452389627406768,2.24253724029345,2.36836889048422,-0.285236788058099,0.14202876641114,1.38387262462554,0.540987742137222,2.92679322779522,,,,,,,,,,,
,-0.478294720956973,1.55291891530421,-5.04227194970844,-6.24971584059327,-0.761306544507989,1.18495751175488,-0.233295569184777,2.10879209895172,,,,,,,,,,,
,0.0750577535907793,0.684268965725824,5.50191027772111,3.47009631262475,-0.11299649734493,-0.122207593757478,0.0964962723910112,1.24671439474402,,,,,,,,,,,
,0.357280506949942,1.77590327213279,-3.7907682067581,-4.61846945082185,0.291159639964733,1.1094601556018,0.464463519402147,2.49635011059001,,,,,,,,,,,
,0.447454496666677,1.76082726246639,6.09246752680537,11.296353895664,-0.244625668835163,0.393287375450116,0.53551048029481,1.98684591293884,,,,,,,,,,,
,-0.118452418288206,0.836535878828661,-3.62227645383024,3.11104100493801,-0.0273471680158011,-0.771281763937932,0.139684688086938,1.75052857817348,,,,,,,,,,,
,0.323669527445669,1.20974169149813,10.407409031193,13.9108929987311,0.106769657293149,-0.996301413777962,-0.146033998247541,2.01413697890054,,,,,,,,,,,
,0.656363862867604,0.343069412641649,-5.28519287424203,3.4643906098235,0.372440747917091,-2.64320622428962,1.32289392964688,2.34753518353226,,,,,,,,,,,
,0.253040608438693,1.86244747978229,0.226899461389429,5.350898593452,-0.0397428527357024,-0.620280246322922,0.260099850696771,3.04097560594358,,,,,,,,,,,
,0.233370357671125,2.76972358103657,-2.90236471273508,5.55202850926899,1.12202603131191,1.23165035417501,-0.0423654057596812,3.63343221308721,,,,,,,,,,,
,0.50340212909108,2.98634888251484,2.80438990235181,0.284622942069137,-0.282878431221345,0.481206016066304,0.865927484998896,4.73075519509908,,,,,,,,,,,
,0.313330634250097,3.05544920501341,3.60557831006232,9.35489524421192,0.686687863161839,1.2463622857774,-0.272834182551451,3.57639639035998,,,,,,,,,,,
,-0.489201722803478,2.08945805315139,-8.75988128169933,-2.53284552005101,-0.436164507894965,0.661792885269808,0.0846569301514499,3.1062886051789,,,,,,,,,,,
,0.339349377715714,2.92819813180868,4.6674125033106,7.43343457073576,0.701385993017345,2.14546067794626,-0.0769795931030992,3.2678370920757,,,,,,,,,,,
,-0.0252953195108763,2.8249839921099,-0.0703421678492466,1.75916557459207,-1.08947583547238,1.14690302441857,0.448753561576742,3.63125489098783,,,,,,,,,,,
,-0.213129106603727,2.24054847247124,-3.55175137483384,2.01197035144721,0.04254742189016,0.896169500122422,-0.0788340778678398,3.07083173426163,,,,,,,,,,,
,0.510949290797136,2.30517671625875,9.78065802619017,5.55830675632602,0.065978437650438,1.21032565246534,0.366319916491498,2.89737449463072,,,,,,,,,,,
,-0.864046569613786,1.5414906976018,-4.66358367986288,4.4178084798703,-0.763074621953563,0.465489808910771,-0.734415755183648,1.999202696534,,,,,,,,,,,
,1.05442720486832,2.28111898526041,0.904356021973785,-4.56970402312085,0.585873690472782,0.94631065177283,1.18785347721317,3.36174706439114,,,,,,,,,,,
,-1.184082910782,0.410964449396654,0.731530923651968,1.49247094474652,-0.979563333223465,-0.41342338438601,-0.853194390216583,1.14187076808559,,,,,,,,,,,
,1.33086219427045,1.49048387624818,1.24942525821266,2.52790824034316,1.11155303596246,0.733568625230081,0.934477004275913,1.82217895666533,,,,,,,,,,,
,0.774466290453857,2.03836616181464,3.40421100928929,9.18718490578937,0.21652164065824,-0.168457295889349,0.941055529812074,2.82394398339884,,,,,,,,,,,
,0.625384712221577,2.16221175528865,-5.01126587311576,0.88628011829395,0.6698505192551,0.785364870340426,1.00606277264088,2.96679958712824,,,,,,,,,,,
,-0.713704979341034,1.116246785603,2.72627862294561,0.0300590924636533,-0.873583678312684,-0.776435800052391,-0.891006285132223,2.32854618370451,,,,,,,,,,,
,0.538178318880744,2.16020197072938,0.410035954040922,10.0833928216329,0.418473715138723,0.0752815948408147,0.726830998163241,2.98511773814749,,,,,,,,,,,
,0.695754725852327,2.52307498689796,-1.31457134520435,3.79187321587303,0.0843481024042747,-0.537919902326986,1.09273424500616,4.19067694609662,,,,,,,,,,,
,-0.904102773403659,1.62186659841168,2.18861699661306,6.13813966253218,-1.38835986336392,-0.83847060078062,-0.894545843358441,2.79733686591645,,,,,,,,,,,
,0.74528798777147,2.59790816819178,0.114022091606092,10.1722033360397,1.73013392513766,0.834254284460428,0.428630153813758,3.3194081517162,,,,,,,,,,,
,-0.253775579314752,1.8173049348995,-3.03177487656677,-2.68592657838607,-0.184036224565964,0.582320086460442,-0.00824995393615691,2.93381727465455,,,,,,,,,,,
,0.347992214390014,3.06212599318988,-0.81210577237375,1.24544632546362,0.305092330254508,1.66496860548177,0.300876119307092,4.00736703961582,,,,,,,,,,,
,0.305508499557061,2.29832814582821,0.784945385409763,1.12563204120914,-0.79109475096335,0.273227914337347,0.803862081464657,3.61267604988487,,,,,,,,,,,
,0.0960389400090245,3.6235632801703,-1.66845863012584,-1.28374720968332,1.08641963468055,2.36534937917113,-0.106107867488725,4.39341359744938,,,,,,,,,,,
,-0.126530300824412,2.13319598071939,-1.7849329767285,-4.24218844342785,-0.896590400197728,0.332304704514471,0.0273116560830067,3.45516048309317,,,,,,,,,,,
,-0.519798219874656,0.821481061750926,8.47246734094844,0.451287092919721,-0.996125579984897,-0.881743522751974,-0.579682223744649,1.89654622528562,,,,,,,,,,,
,-0.380205158631663,-0.186068478656496,0.0305937199164719,5.78309080750917,-0.235822212250481,-1.77345739361591,-0.592173190989087,0.284219991824657,,,,,,,,,,,
,0.472175592387258,1.00611421034757,-2.73793365943974,0.156280688350756,0.138468957674842,-0.770592213398731,0.960564001029329,2.15774604579664,,,,,,,,,,,
,0.395589657509809,0.862861897083508,7.1473217489217,6.87654008013681,0.482039706820192,-0.707778913449435,-0.00635900916605703,1.41414041629531,,,,,,,,,,,
,-1.29687384124563,-1.13307348790434,-7.49546559143046,0.182617779321323,-1.25389089865471,-2.03542629567383,-1.07794718847339,-0.763442308496946,,,,,,,,,,,
,0.445337852846306,0.213249124451851,0.622066922096454,-1.35318035514865,1.03318571254456,0.370229666652442,0.0473186895955768,0.179668187867283,,,,,,,,,,,
,-0.410634811725086,-0.936569212348603,0.0382046689901161,-1.42788664961649,-0.89068511763124,-2.21555488987854,0.14727759148514,-0.100986903163229,,,,,,,,,,,
,0.502768360463546,-0.185204048891823,0.599248137129837,2.26319474976306,0.981746353647717,-1.0734990681651,0.272281960181098,0.179284832750685,,,,,,,,,,,
,-0.212443132413254,-0.742661538080483,-1.3190736621377,1.74050842350806,-0.595861186953361,-1.96206989631558,0.00568681201551513,-0.115546626742959,,,,,,,,,,,
,0.105093786711552,-0.940981962185052,-1.03693808382291,-0.0986487019861157,-0.174059679543659,-1.35231776719456,0.231070494820318,-0.683113913823023,,,,,,,,,,,
,0.428590955174468,-0.611875272073876,3.04391838280857,4.68895886380026,-0.0839062403788948,-2.49440921181117,0.602367921781966,0.0212695850647181,,,,,,,,,,,
,-1.02176325699163,-1.50275775544104,-0.450687615755208,6.11115162854227,-2.07007226665185,-3.64897133162005,-0.583929310160969,-0.589934459649863,,,,,,,,,,,
,0.199221352578105,-0.790842784028016,-2.33319923406791,-4.45928852550212,0.413102708724478,-2.27750384066417,0.315924463415951,0.305579872434431,,,,,,,,,,,
,-0.186587043707465,-0.598022772363041,1.5683535691067,-2.99055116621063,-0.803955690086477,-2.83401042285581,-0.0492477324576246,0.853408496131586,,,,,,,,,,,
,0.842653872896859,-0.231490711268313,1.02563375214477,0.763241180419475,1.24450986607108,-1.7608008911368,0.634561661584399,0.527752162531881,,,,,,,,,,,
,-0.742903531908157,-1.36287276431557,-4.24103335508131,-9.94656988403175,-0.587129021790511,-2.80610490683372,-0.638720032779405,-0.107986586743929,,,,,,,,,,,
,-3.55104226959606,-3.61553391833256,7.57824788030781,4.72773350438203,-3.34994045031807,-4.86920614786957,-4.22708168106045,-3.28799929405199,,,,,,,,,,,
,-18.8283726348102,-22.1100338570648,-3.29223836646956,0.653713424540946,-25.2603105098475,-29.6266276935071,-16.2748404059699,-19.0660199611575,,,,,,,,,,,
,-1.90104419051592,-23.2756998479431,-1.44800432402618,-0.841639821421572,-0.196235108792109,-29.1335278362607,-2.57140404875874,-21.2631213791412,,,,,,,,,,,
,11.852662542272,-14.6111356562793,-0.510684893527757,-1.93567522691507,21.6557398140365,-14.6250346186541,7.95308152457803,-15.2319214184859,,,,,,,,,,,
,5.1026008570729,-10.0630177902274,8.95700404590063,8.27619305555648,4.45061383894878,-10.290782184311,5.10761261661032,-10.9073628727914,,,,,,,,,,,
,2.93538250051859,-7.52021386214224,-5.31195200554119,3.59886978219994,3.7882141387807,-6.73005955177277,2.84171175364545,-8.58683578280242,,,,,,,,,,,
,2.67468973686649,-5.45189115642894,3.44749335248045,4.00461823767957,2.4447925677926,-4.36956307542861,2.74505976917976,-6.63986131530963,,,,,,,,,,,
,1.07186281575977,-3.45197286814705,0.715579206640626,5.22308105496517,1.3240550299781,-1.05513321862187,1.03288001860233,-5.12153996029483,,,,,,,,,,,
,0.771247824927013,-2.90079066705843,-5.70218239571656,1.59344656800629,0.397413711620764,-1.07059281190686,1.22838969818007,-4.25853344585297,,,,,,,,,,,
,-0.315829153279423,-3.02651832509827,-2.06468165719683,-2.04048621886342,-0.49408426575015,-0.761554316194788,0.0211809300084465,-4.19107078770408,,,,,,,,,,,
,0.0421318190348963,-3.79632562130829,5.62322889184654,2.41757227303038,-0.799249923048095,-2.76481893855845,0.0654788908731163,-4.73286487906571,,,,,,,,,,,
,-0.271564695546633,-3.33948646774779,-2.75504958279947,4.00688401820156,-1.05590243767504,-3.2233236323854,0.0793181132612286,-4.04441322965655,,,,,,,,,,,
,1.60163151719097,1.82448944256943,0.139484382044563,-3.18492871018103,2.26464087531832,2.39861309918442,1.66962258983028,1.86353787234736,,,,,,,,,,,
,-0.170536092746509,25.2295232168866,1.23794616400552,1.35028264065134,-0.161645200272986,36.7855437363483,-0.331582439429101,21.2607736561671,,,,,,,,,,,
,0.0249910546991083,27.6882290559744,2.81497039748591,5.73430033559217,-0.529258073020911,36.3291208019191,0.386018630406681,24.9416166222647,,,,,,,,,,,
,-0.169236409414952,13.9643269856893,3.44144362818428,9.93450559011982,-0.204585556308778,11.8321349405154,-0.286881329456057,15.4049339694769,,,,,,,,,,,
,-0.273227944831078,8.13523516109781,-1.93700072402487,-1.05723412193796,0.242207082139734,7.32632023043895,-0.453432440387591,9.29907710880351,,,,,,,,,,,
,-0.813465775003497,4.19701119952837,-3.17855292457686,1.17202722902662,0.34678929867642,3.7675783491678,-1.64193049003836,4.53390983412215,,,,,,,,,,,
,-0.209477695663096,1.27008123228158,-2.66546686405003,-4.80647024282101,-1.01929064239902,0.258766266955584,0.377864231568137,2.12550007267631,,,,,,,,,,,
,0.674583334003032,0.872022620630551,0.811222898148545,-4.71607051851455,1.02729935536972,-0.0348694132405314,0.545450043020512,1.63279878575327,,,,,,,,,,,
,0.631900408254493,0.732535851635314,4.92996197217812,6.02725864779514,0.52012869078133,0.0873171896133501,0.497805999042678,0.899296392679871,,,,,,,,,,,
,0.555085877977146,1.61261017902956,-1.33069806916452,6.82188788930266,1.29718465868804,1.88905228937318,0.204025897725901,1.0837466103247,,,,,,,,,,,
,0.643226349771209,2.22314079370037,-0.719678982834726,0.40699789786745,1.25647680803138,4.00048842501873,0.131504960150797,1.15044456181123,,,,,,,,,,,
,0.443496324035553,2.95608905522366,-4.97423868006229,-1.88435105205629,-0.0773337303635158,5.02906542986464,1.0209676894265,2.10217240175079,,,,,,,,,,,
,0.424541719051041,1.76330740129139,7.07491507768068,4.91091344960353,0.942087317672891,3.6707605167344,0.17634040911132,0.602537104830933,,,,,,,,,,,
,0.620859128674311,2.57003311173076,-1.06342446521664,2.52604785279802,0.620003013878456,4.48241316245537,0.714160311066836,1.65808084108961,,,,,,,,,,,
,0.070672764210844,2.61687714948386,3.18806294663685,2.89809196660645,-0.224845284860653,4.80216329287909,0.125426531653483,1.39418659562564,,,,,,,,,,,
,-0.288707600239835,2.49407171285455,-5.45605731381391,-5.95267266012819,-0.478592230422215,4.51440966848807,0.0988380000721545,1.78640878457294,,,,,,,,,,,
,0.680709095541254,3.47447937481498,-0.580344423647905,-4.65157132617672,0.63731091017758,4.92635234759627,0.675905157723022,2.94115697162859,,,,,,,,,,,
,0.375117241528344,4.7144461685976,2.80859900425741,1.24449350128964,0.451255526127081,5.03558613839835,0.0623947236471079,4.7248968338158,,,,,,,,,,,
,0.161573966603812,5.10380648475789,1.41393584614125,5.4877671666005,-0.43367727732111,5.65702281480377,0.533463932880873,4.88723504246462,,,,,,,,,,,
,0.405502702143035,4.82288753060657,-1.87563015335261,2.67627335708707,0.0497727140712945,4.63469958830196,0.625995915428801,4.97125907186997,,,,,,,,,,,
,0.524648334011157,4.71116876081067,9.69335891133387,7.33736192550518,1.03977273116327,5.17561411722658,-0.184732790582631,4.25833847225966,,,,,,,,,,,
,0.728825700927405,4.89208949458136,-4.72866151144576,3.64088870965692,1.41996373498903,5.30309411377546,0.935899125125861,5.01982371177419,,,,,,,,,,,
,0.128279385502483,4.35540297309287,-5.43925739886645,-1.2859819567652,-0.509202625618665,3.46685100678974,0.341568537899417,5.24014238083051,,,,,,,,,,,
,-0.47834980294672,3.3976543125915,3.84299454451962,7.87347656830077,-0.309383951514297,3.22657013204694,-0.689307036803788,3.45843745545143,,,,,,,,,,,
,-0.336969656819375,2.61359805851733,-3.70277641930389,-2.98459462715034,-0.0515863870950928,2.21040798304366,-0.210191831463169,3.05924118343077,,,,,,,,,,,
,0.912643863738061,2.91116142443089,3.35138434147442,1.3444865413623,0.631691230808218,2.22228094453443,1.02797635787812,3.38036428623642,,,,,,,,,,,
,0.266390337388844,3.11243440691974,-1.72360621925037,-3.47942986392288,0.473425250483039,2.93767754845835,0.263094385464324,3.52250752967089,,,,,,,,,,,
,0.434342421898348,3.86014759151812,0.29345526396598,2.39028760548562,0.452393492953052,3.90062120392699,0.447091976073088,3.88267279805062,,,,,,,,,,,
,0.226035609588249,3.3911157801488,-1.98259846275758,0.946134600448013,-0.0296515956567323,3.21203147463898,0.21696917951437,3.4091186146061,,,,,,,,,,,
,0.150667679036731,3.15992212040409,1.13069143988731,-0.701376254485435,0.158850667452559,2.91159023755555,0.18867728520886,3.53962486946401,,,,,,,,,,,
,0.829341053370114,3.8476788911628,0.122763560893691,-1.96561701068632,0.642715361723245,4.02414792950316,1.08434352111879,4.10697691009874,,,,,,,,,,,
,0.0173613249459414,3.44623096232654,2.58186599443218,2.48779130376468,0.96613916438455,4.97691610277471,-0.760152648226131,2.67287695215473,,,,,,,,,,,
,-0.732478569290451,2.15256774496521,-5.09465187681994,-11.328820554016,-1.60045010493753,2.23381362276982,0.0825338715128243,2.94779518738991,,,,,,,,,,,
,0.14279762126721,1.55825650693209,5.8075614184693,-1.52252068541879,-0.0739561527640209,0.727905695500437,0.409325767083524,2.41072595152093,,,,,,,,,,,
,0.193935948203405,1.62485074061978,-13.5672170457815,-9.98714306444433,0.577795730405906,1.82842022333956,0.144801287764484,2.20990113660692,,,,,,,,,,,
,0.3532478480194,2.47402262420842,21.487867790026,5.30773029759895,-1.52771569135045,0.583962105886166,0.686527310653751,3.62590064721448,,,,,,,,,,,
,0.270939624456856,3.0990779654765,-5.49001072442823,3.35326493313356,0.474336554737476,1.11322926821234,0.344939448069037,4.20237213137454,,,,,,,,,,,
,-1.36143870076767,0.775723758896674,-0.088930282063826,-0.0871122906981128,-0.553770828306333,-0.077905408209756,-1.561060449352,1.53198530809358,,,,,,,,,,,
,1.0094393828759,1.52254734649513,-0.739773317307457,0.913103350871278,0.0921216207843578,-0.457116699752373,1.28324532766959,2.56504688584436,,,,,,,,,,,
,0.0590298656194754,1.14316828306187,-0.779767213368243,-0.166749870743865,0.218794652584831,-0.688600503147053,-0.0321956287989922,2.07565336833747,,,,,,,,,,,
,1.22617377831873,2.15245835914807,15.5102465956475,17.6501637466257,0.658248959640972,-0.00523420552284085,0.510844419416978,2.37497899519916,,,,,,,,,,,
,-1.02253527215104,0.955805671797846,-16.0623498644414,-2.35132240912867,-0.525550158796384,-0.688513814606341,-0.0464870547906115,2.13468293560221,,,,,,,,,,,
,0.265539937545634,0.391297411681474,3.52650118610178,0.968307075186547,0.613634669550245,-0.717209848379081,-0.224714435625639,0.812022920221242,,,,,,,,,,,
,-0.986315182515773,-0.616131552959434,-2.49989802488133,-4.03352346290807,-1.79509745438594,-3.43240999418267,-0.374126983453216,1.20416407322942,,,,,,,,,,,
,0.393880542555847,0.511547713959663,1.43052900294001,2.56461489474282,0.132496815387007,-1.731726323554,0.53221572039075,1.65888553015237,,,,,,,,,,,
,-1.34052593667006,-0.977237801427104,-2.90876635967406,-5.88456198710501,-1.31081258767906,-2.94806334606753,-0.625652181263836,0.611027634747933,,,,,,,,,,,
,1.06692847009031,-0.114449748658845,5.00323767907507,14.336544181075,0.301208204455361,-3.21495480906769,0.604484599663757,1.07285101251703,,,,,,,,,,,
,0.872574588572106,0.402456662969231,-0.248150257601776,-6.11999385051326,1.71905901659648,-0.0238108334849439,0.625359730501818,1.01144873874094,,,,,,,,,,,
,-0.258250508259528,-0.127427564360464,4.94183064542539,4.24231112337443,-0.688506208896522,-1.18088827330114,-0.321073937473559,0.34101157147485,,,,,,,,,,,
,0.063260661754172,1.31509540442882,-3.34188726934148,0.848335307720866,-0.132194492467907,-0.761970438210333,0.36285618784424,2.30210280667793,,,,,,,,,,,
,0.33916424379119,0.642792003098432,1.35008861706327,2.97163387501107,0.556959332106932,-0.301099214874344,-0.00398065343248932,1.00192799268866,,,,,,,,,,,
,0.0389081442102146,0.622552887995512,-0.449465307085051,3.31442411049815,-0.377364100799127,-0.894165341960097,0.118429666699615,1.15411144160525,,,,,,,,,,,
,-0.339134724893642,-0.933421538099517,-0.385470034281665,-10.9029882649913,-1.04078567203774,-2.56699640176671,-0.10382456845226,0.535508586781223,,,,,,,,,,,
,0.325221783357654,0.415548961945675,9.87082428376205,16.6242098121166,-0.250098907630902,-2.29719804863395,0.466571870231958,1.05155488112612,,,,,,,,,,,
,-0.461977758788135,-0.313057186312145,-4.63673141984007,7.42820162799879,-0.215870979185784,-3.10270543719193,-0.310703000596657,0.964466398811416,,,,,,,,,,,
,0.923315126839852,1.60955793295068,1.50043282110324,11.8358723893156,0.826797234426646,-0.515721535277937,1.00213273274816,2.35921781895078,,,,,,,,,,,
,-0.25693708807939,0.950859500472152,-7.63483239357294,1.84053262061471,0.56208630013459,-0.0889130436756677,-0.441562337690837,1.3677430002547,,,,,,,,,,,
,-0.0571271552752828,2.26406546770137,6.33010496896131,11.5313310752629,0.117820548019809,1.35740841455204,0.0910410820191165,2.09881273924807,,,,,,,,,,,
,-0.684032162681414,0.492364719576567,-3.69903169261699,2.28803812684245,-1.07667853037156,-0.0349878589421135,-0.613939099322047,0.862291190781943,,,,,,,,,,,
,0.105482370793664,-0.271836166907716,-0.255210183095977,2.28079870291208,0.396962480341423,-1.3342861180503,-0.0540583735398004,0.181273335703779,,,,,,,,,,,
