Periodo,INPC_Mensual,INPC_Anual,Subyacente_Mensual,Subyacente_Anual,No_subyacente_Mensual,No_subyacente_Anual,Subyacente_mercancias_Mensual,Subyacente_mercancias_Anual,Subyacente_servicios_Mensual,Subyacente_servicios_Anual,No_subyacente_agropecuarios_Mensual,No_subyacente_agropecuarios_Anual,No_subyacente_energeticos_Mensual,No_subyacente_energeticos_Anual
ene-69,,,,,,,,,,,,,,
feb-69,0.36,,,,,,,,,,,,,
mar-69,0.1,,,,,,,,,,,,,
abr-69,0.27,,,,,,,,,,,,,
may-69,0.0,,,,,,,,,,,,,
jun-69,0.36,,,,,,,,,,,,,
jul-69,0.38,,,,,,,,,,,,,
ago-69,0.11,,,,,,,,,,,,,
sep-69,0.94,,,,,,,,,,,,,
oct-69,1.05,,,,,,,,,,,,,
nov-69,0.01,,,,,,,,,,,,,
dic-69,0.75,,,,,,,,,,,,,
ene-70,0.76,5.2,,,,,,,,,,,,
feb-70,-0.01,4.81,,,,,,,,,,,,
mar-70,0.29,5.01,,,,,,,,,,,,
abr-70,0.13,4.87,,,,,,,,,,,,
may-70,0.21,5.09,,,,,,,,,,,,
jun-70,0.61,5.35,,,,,,,,,,,,
jul-70,0.49,5.46,,,,,,,,,,,,
ago-70,0.46,5.84,,,,,,,,,,,,
sep-70,0.24,5.11,,,,,,,,,,,,
oct-70,0.03,4.05,,,,,,,,,,,,
nov-70,0.54,4.6,,,,,,,,,,,,
dic-70,0.85,4.69,,,,,,,,,,,,
ene-71,0.99,4.93,,,,,,,,,,,,
feb-71,0.41,5.38,,,,,,,,,,,,
mar-71,0.38,5.47,,,,,,,,,,,,
abr-71,0.51,5.87,,,,,,,,,,,,
may-71,0.21,5.87,,,,,,,,,,,,
jun-71,0.45,5.71,,,,,,,,,,,,
jul-71,-0.08,5.11,,,,,,,,,,,,
ago-71,0.91,5.58,,,,,,,,,,,,
sep-71,0.33,5.67,,,,,,,,,,,,
oct-71,0.1,5.74,,,,,,,,,,,,
nov-71,0.16,5.34,,,,,,,,,,,,
dic-71,0.48,4.96,,,,,,,,,,,,
ene-72,0.44,4.4,,,,,,,,,,,,
feb-72,0.31,4.29,,,,,,,,,,,,
mar-72,0.55,4.46,,,,,,,,,,,,
abr-72,0.63,4.58,,,,,,,,,,,,
may-72,0.2,4.57,,,,,,,,,,,,
jun-72,0.74,4.87,,,,,,,,,,,,
jul-72,0.38,5.35,,,,,,,,,,,,
ago-72,0.66,5.08,,,,,,,,,,,,
sep-72,0.46,5.22,,,,,,,,,,,,
oct-72,0.07,5.19,,,,,,,,,,,,
nov-72,0.65,5.7,,,,,,,,,,,,
dic-72,0.34,5.56,,,,,,,,,,,,
ene-73,1.45,6.62,,,,,,,,,,,,
feb-73,0.83,7.16,,,,,,,,,,,,
mar-73,0.88,7.52,,,,,,,,,,,,
abr-73,1.58,8.54,,,,,,,,,,,,
may-73,1.06,9.47,,,,,,,,,,,,
jun-73,0.82,9.56,,,,,,,,,,,,
jul-73,2.56,11.95,,,,,,,,,,,,
ago-73,1.6,13.0,,,,,,,,,,,,
sep-73,2.38,15.16,,,,,,,,,,,,
oct-73,1.28,16.56,,,,,,,,,,,,
nov-73,1.23,17.23,,,,,,,,,,,,
dic-73,3.88,21.37,,,,,,,,,,,,
ene-74,3.58,23.92,,,,,,,,,,,,
feb-74,2.26,25.68,,,,,,,,,,,,
mar-74,0.77,25.54,,,,,,,,,,,,
abr-74,1.36,25.26,,,,,,,,,,,,
may-74,0.79,24.92,,,,,,,,,,,,
jun-74,0.99,25.13,,,,,,,,,,,,
jul-74,1.45,23.76,,,,,,,,,,,,
ago-74,1.06,23.09,,,,,,,,,,,,
sep-74,1.13,21.6,,,,,,,,,,,,
oct-74,1.98,22.44,,,,,,,,,,,,
nov-74,2.78,24.31,,,,,,,,,,,,
dic-74,0.78,20.6,,,,,,,,,,,,
ene-75,1.28,17.92,,,,,,,,,,,,
feb-75,0.55,15.95,,,,,,,,,,,,
mar-75,0.63,15.79,,,,,,,,,,,,
abr-75,0.84,15.2,,,,,,,,,,,,
may-75,1.34,15.83,,,,,,,,,,,,
jun-75,1.7,16.65,,,,,,,,,,,,
jul-75,0.8,15.91,,,,,,,,,,,,
ago-75,0.87,15.69,,,,,,,,,,,,
sep-75,0.73,15.22,,,,,,,,,,,,
oct-75,0.51,13.56,,,,,,,,,,,,
nov-75,0.7,11.27,,,,,,,,,,,,
dic-75,0.82,11.31,,,,,,,,,,,,
ene-76,1.93,12.02,,,,,,,,,,,,
feb-76,1.87,13.49,,,,,,,,,,,,
mar-76,0.98,13.89,,,,,,,,,,,,
abr-76,0.7,13.72,,,,,,,,,,,,
may-76,0.7,13.01,,,,,,,,,,,,
jun-76,0.4,11.56,,,,,,,,,,,,
jul-76,0.85,11.62,,,,,,,,,,,,
ago-76,0.96,11.72,,,,,,,,,,,,
sep-76,3.41,14.69,,,,,,,,,,,,
oct-76,5.63,20.53,,,,,,,,,,,,
nov-76,4.52,25.1,,,,,,,,,,,,
dic-76,2.51,27.2,,,,,,,,,,,,
ene-77,3.19,28.77,,,,,,,,,,,,
feb-77,2.21,29.19,,,,,,,,,,,,
mar-77,1.74,30.17,,,,,,,,,,,,
abr-77,1.51,31.22,,,,,,,,,,,,
may-77,0.88,31.45,,,,,,,,,,,,
jun-77,1.23,32.53,,,,,,,,,,,,
jul-77,1.13,32.91,,,,,,,,,,,,
ago-77,2.05,34.35,,,,,,,,,,,,
sep-77,1.77,32.22,,,,,,,,,,,,
oct-77,0.76,26.13,,,,,,,,,,,,
nov-77,1.09,22.0,,,,,,,,,,,,
dic-77,1.38,20.66,,,,,,,,,,,,
ene-78,2.22,19.53,,,,,,,,,,,,
feb-78,1.44,18.63,,,,,,,,,,,,
mar-78,1.04,17.81,,,,,,,,,,,,
abr-78,1.11,17.35,,,,,,,,,,,,
may-78,0.98,17.46,,,,,,,,,,,,
jun-78,1.38,17.64,,,,,,,,,,,,
jul-78,1.7,18.3,,,,,,,,,,,,
ago-78,1.0,17.07,,,,,,,,,,,,
sep-78,1.14,16.35,,,,,,,,,,,,
oct-78,1.21,16.86,,,,,,,,,,,,
nov-78,1.03,16.79,,,,,,,,,,,,
dic-78,0.85,16.17,,,,,,,,,,,,
ene-79,3.55,17.68,,,,,,,,,,,,
feb-79,1.44,17.68,,,,,,,,,,,,
mar-79,1.36,18.05,,,,,,,,,,,,
abr-79,0.9,17.8,,,,,,,,,,,,
may-79,1.31,18.18,,,,,,,,,,,,
jun-79,1.11,17.87,,,,,,,,,,,,
jul-79,1.21,17.31,,,,,,,,,,,,
ago-79,1.51,17.91,,,,,,,,,,,,
sep-79,1.23,18.01,,,,,,,,,,,,
oct-79,1.75,18.63,,,,,,,,,,,,
nov-79,1.29,18.93,,,,,,,,,,,,
dic-79,1.77,20.02,,,,,,,,,,,,
ene-80,4.88,21.56,,,,,,,,,,,,
feb-80,2.31,22.6,,,,,,,,,,,,
mar-80,2.06,23.45,,,,,,,,,,,,
abr-80,1.75,24.49,,,,,,,,,,,,
may-80,1.63,24.89,,,,,,,,,,,,
jun-80,1.98,25.97,,,,,,,,,,,,
jul-80,2.79,27.94,,,,,,,,,,,,
ago-80,2.07,28.64,,,,,,,,,,,,
sep-80,1.11,28.49,,,,,,,,,,,,
oct-80,1.51,28.2,,,,,,,,,,,,
nov-80,1.73,28.77,,,,,,,,,,,,
dic-80,2.62,29.85,,,,,,,,,,,,
ene-81,3.22,27.8,,,,,,,,,,,,
feb-81,2.46,27.98,,,,,,,,,,,,
mar-81,2.14,28.08,,,,,,,,,,,,
abr-81,2.26,28.72,,,,,,,,,,,,
may-81,1.51,28.57,,,,,,,,,,,,
jun-81,1.4,27.83,,,,,,,,,,,,
jul-81,1.76,26.55,,,,,,,,,,,,
ago-81,2.06,26.54,,,,,,,,,,,,
sep-81,1.86,27.47,,,,,,,,,,,,
oct-81,2.22,28.36,,,,,,,,,,,,
nov-81,1.92,28.6,,,,,,,,,,,,
dic-81,2.69,28.68,,,,,,,,,,,,
ene-82,4.97,30.86,,,,,,,,,,,,
feb-82,3.93,32.74,4.27,,2.87,,,,,,,,,
mar-82,3.65,34.71,4.28,,1.67,,,,,,,,,
abr-82,5.42,38.88,5.76,,4.31,,,,,,,,,
may-82,5.62,44.5,6.21,,3.68,,,,,,,,,
jun-82,4.82,49.37,5.25,,3.36,,,,,,,,,
jul-82,5.15,54.35,5.02,,5.6,,,,,,,,,
ago-82,11.22,68.21,9.56,,16.9,,,,,,,,,
sep-82,5.34,73.95,5.5,,4.82,,,,,,,,,
oct-82,5.18,79.0,5.83,,3.09,,,,,,,,,
nov-82,5.06,84.49,5.87,,2.36,,,,,,,,,
dic-82,10.68,98.84,7.53,,21.44,,,,,,,,,
ene-83,10.88,110.04,11.76,,8.24,,,,,,,,,
feb-83,5.37,112.95,6.22,114.04,2.71,109.5,,,,,,,,
mar-83,4.84,115.39,5.08,115.68,4.07,114.44,,,,,,,,
abr-83,6.33,117.25,5.7,115.54,8.4,122.87,,,,,,,,
may-83,4.34,114.61,4.32,111.71,4.39,124.39,,,,,,,,
jun-83,3.79,112.5,3.85,108.9,3.57,124.85,,,,,,,,
jul-83,4.94,112.08,5.87,110.58,2.0,117.18,,,,,,,,
ago-83,3.88,98.08,4.73,101.3,1.09,87.8,,,,,,,,
sep-83,3.08,93.83,3.37,97.23,2.09,82.91,,,,,,,,
oct-83,3.32,90.39,3.23,92.38,3.61,83.83,,,,,,,,
nov-83,5.87,91.87,5.81,92.26,6.1,90.54,,,,,,,,
dic-83,4.28,80.78,4.35,86.59,4.02,63.21,,,,,,,,
ene-84,6.35,73.4,5.35,75.89,9.82,65.59,,,,,,,,
feb-84,5.28,73.25,5.85,75.28,3.38,66.67,,,,,,,,
mar-84,4.27,72.31,4.26,73.92,4.32,67.08,,,,,,,,
abr-84,4.33,69.06,3.4,70.15,7.46,65.63,,,,,,,,
may-84,3.32,67.41,2.92,67.85,4.62,66.0,,,,,,,,
jun-84,3.62,67.14,4.09,68.24,2.1,63.63,,,,,,,,
jul-84,3.28,64.49,3.58,64.61,2.28,64.09,,,,,,,,
ago-84,2.84,62.84,2.82,61.61,2.91,67.04,,,,,,,,
sep-84,2.98,62.68,3.64,62.04,0.78,64.91,,,,,,,,
oct-84,3.49,62.96,4.14,63.47,1.29,61.22,,,,,,,,
nov-84,3.43,59.2,3.34,59.66,3.75,57.65,,,,,,,,
dic-84,4.25,59.16,4.22,59.45,4.34,58.13,,,,,,,,
ene-85,7.42,60.75,5.25,59.29,14.99,65.58,,,,,,,,
feb-85,4.15,59.04,4.51,57.29,3.01,64.97,,,,,,,,
mar-85,3.87,58.43,4.57,57.76,1.62,60.71,,,,,,,,
abr-85,3.08,56.53,2.82,56.87,3.93,55.43,,,,,,,,
may-85,2.37,55.1,2.86,56.78,0.76,49.7,,,,,,,,
jun-85,2.5,53.43,2.86,54.92,1.31,48.54,,,,,,,,
jul-85,3.48,53.73,3.5,54.8,3.42,50.2,,,,,,,,
ago-85,4.37,56.02,4.54,57.38,3.8,51.5,,,,,,,,
sep-85,3.99,57.55,4.47,58.63,2.37,53.89,,,,,,,,
oct-85,3.8,58.02,4.23,58.77,2.28,55.39,,,,,,,,
nov-85,4.61,59.82,4.73,60.9,4.19,56.05,,,,,,,,
dic-85,6.81,63.75,4.46,61.28,15.24,72.36,,,,,,,,
ene-86,8.84,65.92,8.57,66.38,9.71,64.45,,,,,,,,
feb-86,4.45,66.38,5.23,67.51,1.93,62.73,,,,,,,,
mar-86,4.65,67.62,5.29,68.66,2.52,64.16,,,,,,,,
abr-86,5.22,71.11,5.48,73.03,4.32,64.77,,,,,,,,
may-86,5.56,76.44,5.83,78.04,4.6,71.05,,,,,,,,
jun-86,6.42,83.17,7.03,85.26,4.27,76.05,,,,,,,,
jul-86,4.99,85.84,5.02,87.97,4.89,78.56,,,,,,,,
ago-86,7.97,92.25,5.72,90.09,16.09,99.71,,,,,,,,
sep-86,6.0,95.96,6.28,93.4,5.06,104.96,,,,,,,,
oct-86,5.72,99.58,6.59,97.77,2.82,106.05,,,,,,,,
nov-86,6.76,103.67,6.77,101.62,6.73,111.07,,,,,,,,
dic-86,7.9,105.75,7.71,107.88,8.54,98.79,,,,,,,,
ene-87,8.1,104.34,8.3,107.35,7.41,94.63,,,,,,,,
feb-87,7.22,109.76,7.55,111.92,6.08,102.56,,,,,,,,
mar-87,6.61,113.69,7.04,115.44,5.12,107.7,,,,,,,,
abr-87,8.75,120.86,7.27,119.08,14.01,126.99,,,,,,,,
may-87,7.54,125.0,7.23,121.98,8.56,135.58,,,,,,,,
jun-87,7.23,126.73,7.46,122.86,6.5,140.63,,,,,,,,
jul-87,8.1,133.44,8.6,130.46,6.44,144.17,,,,,,,,
ago-87,8.17,133.88,7.33,133.99,11.03,133.51,,,,,,,,
sep-87,6.59,135.18,7.47,136.59,3.7,130.48,,,,,,,,
oct-87,8.33,141.0,8.76,141.41,6.88,139.57,,,,,,,,
nov-87,7.93,143.65,9.29,147.12,3.22,131.69,,,,,,,,
dic-87,14.77,159.17,12.46,158.02,23.24,163.08,,,,,,,,
ene-88,15.46,176.83,13.21,169.71,23.01,201.29,,,,,,,,
feb-88,8.34,179.73,10.39,176.85,2.03,189.78,,,,,,,,
mar-88,5.12,175.83,5.97,174.1,2.29,181.96,,,,,,,,
abr-88,3.08,161.44,2.89,162.92,3.71,156.5,,,,,,,,
may-88,1.93,147.82,1.93,149.92,1.95,140.88,,,,,,,,
jun-88,2.04,135.81,1.37,135.78,4.32,135.94,,,,,,,,
jul-88,1.67,121.79,0.98,119.23,3.97,130.48,,,,,,,,
ago-88,0.92,106.92,1.0,106.29,0.67,108.97,,,,,,,,
sep-88,0.57,95.24,0.23,92.39,1.69,104.91,,,,,,,,
oct-88,0.76,81.59,0.64,78.02,1.17,93.96,,,,,,,,
nov-88,1.34,70.5,0.85,64.26,2.9,93.36,,,,,,,,
dic-88,2.09,51.66,1.85,48.76,2.84,61.34,,,,,,,,
ene-89,2.45,34.56,3.18,35.59,0.18,31.39,,,,,,,,
feb-89,1.36,25.89,2.01,25.31,-0.73,27.83,,,,,,,,
mar-89,1.08,21.05,1.37,19.87,0.15,25.16,,,,,,,,
abr-89,1.5,19.2,1.22,17.91,2.42,23.6,,,,,,,,
may-89,1.38,18.54,1.04,16.88,2.47,24.23,,,,,,,,
jun-89,1.21,17.58,0.93,16.37,2.12,21.62,,,,,,,,
jul-89,1.0,16.81,0.91,16.3,1.28,18.46,,,,,,,,
ago-89,0.95,16.85,1.17,16.5,0.27,17.99,,,,,,,,
sep-89,0.96,17.3,1.53,18.01,-0.87,15.03,,,,,,,,
oct-89,1.48,18.13,1.78,19.35,0.49,14.26,,,,,,,,
nov-89,1.4,18.21,1.55,20.18,0.91,12.05,,,,,,,,
dic-89,3.37,19.7,2.92,21.45,4.91,14.31,,,,,,,,
ene-90,4.83,22.48,3.85,22.23,8.01,23.24,,,,,,,,
feb-90,2.26,23.57,1.84,22.02,3.61,28.63,,,,,,,,
mar-90,1.76,24.4,1.53,22.21,2.5,31.65,,,,,,,,
abr-90,1.52,24.43,1.96,23.11,0.17,28.76,,,,,,,,
may-90,1.75,24.89,2.31,24.66,-0.01,25.64,,,,,,,,
jun-90,2.2,26.11,2.51,26.6,1.22,24.52,,,,,,,,
jul-90,1.82,27.13,2.0,27.97,1.24,24.48,,,,,,,,
ago-90,1.7,28.08,1.81,28.78,1.37,25.85,,,,,,,,
sep-90,1.43,28.68,1.63,28.91,0.74,27.9,,,,,,,,
oct-90,1.44,28.62,1.61,28.69,0.88,28.39,,,,,,,,
nov-90,2.66,30.21,2.16,29.46,4.31,32.72,,,,,,,,
dic-90,3.15,29.93,2.85,29.37,4.15,31.76,,,,,,,,
ene-91,2.55,27.11,2.67,27.89,2.17,24.64,,,,,,,,
feb-91,1.75,26.46,1.94,28.02,1.13,21.65,,,,,,,,
mar-91,1.43,26.04,1.49,27.97,1.22,20.14,,,,,,,,
abr-91,1.05,25.45,1.09,26.88,0.89,21.01,,,,,,,,
may-91,0.98,24.51,0.95,25.19,1.07,22.32,,,,,,,,
jun-91,1.05,23.1,0.95,23.28,1.39,22.53,,,,,,,,
jul-91,0.88,21.97,0.89,21.94,0.86,22.07,,,,,,,,
ago-91,0.7,20.76,0.91,20.87,-0.01,20.4,,,,,,,,
sep-91,1.0,20.25,1.39,20.58,-0.3,19.15,,,,,,,,
oct-91,1.16,19.92,1.38,20.31,0.43,18.62,,,,,,,,
nov-91,2.48,19.72,0.95,18.89,7.66,22.43,,,,,,,,
dic-91,2.35,18.79,1.78,17.65,4.18,22.47,,,,,,,,
ene-92,1.82,17.95,1.85,16.71,1.73,21.94,,,,,,,,
feb-92,1.18,17.3,1.1,15.75,1.45,22.33,,,,,,,,
mar-92,1.02,16.82,0.91,15.09,1.36,22.5,,,,,,,,
abr-92,0.89,16.64,0.93,14.9,0.77,22.35,,,,,,,,
may-92,0.66,16.28,1.22,15.2,-1.05,19.79,,,,,,,,
jun-92,0.68,15.85,0.99,15.26,-0.32,17.77,,,,,,,,
jul-92,0.63,15.56,0.82,15.18,0.04,16.8,,,,,,,,
ago-92,0.61,15.46,0.87,15.13,-0.21,16.57,,,,,,,,
sep-92,0.87,15.32,1.12,14.82,0.07,17.01,,,,,,,,
oct-92,0.72,14.82,0.67,14.01,0.9,17.55,,,,,,,,
nov-92,0.83,12.96,0.71,13.74,1.21,10.5,,,,,,,,
dic-92,1.42,11.94,0.99,12.86,2.85,9.09,,,,,,,,
ene-93,1.25,11.32,1.26,12.21,1.25,8.57,,,,,,,,
feb-93,0.82,10.91,1.12,12.23,-0.14,6.86,,,,,,,,
mar-93,0.58,10.44,1.01,12.35,-0.81,4.57,,,,,,,,
abr-93,0.58,10.09,0.67,12.06,0.28,4.06,,,,,,,,
may-93,0.57,10.0,0.44,11.2,0.99,6.21,,,,,,,,
jun-93,0.56,9.87,0.43,10.58,1.0,7.61,,,,,,,,
jul-93,0.48,9.7,0.41,10.14,0.7,8.32,,,,,,,,
ago-93,0.54,9.62,0.64,9.89,0.18,8.75,,,,,,,,
sep-93,0.74,9.48,0.79,9.54,0.56,9.28,,,,,,,,
oct-93,0.41,9.14,0.59,9.46,-0.2,8.1,,,,,,,,
nov-93,0.44,8.72,0.36,9.08,0.7,7.55,,,,,,,,
dic-93,0.76,8.01,0.37,8.42,2.04,6.71,,,,,,,,
ene-94,0.78,7.5,0.66,7.77,1.16,6.62,,,,,,,,
feb-94,0.51,7.18,0.84,7.48,-0.54,6.19,,,,,,,,
mar-94,0.51,7.1,0.74,7.18,-0.21,6.84,,,,,,,,
abr-94,0.49,7.01,0.63,7.14,0.03,6.57,,,,,,,,
may-94,0.48,6.92,0.57,7.28,0.18,5.72,,,,,,,,
jun-94,0.5,6.85,0.52,7.38,0.42,5.12,,,,,,,,
jul-94,0.44,6.81,0.35,7.31,0.75,5.18,,,,,,,,
ago-94,0.47,6.74,0.5,7.16,0.35,5.35,,,,,,,,
sep-94,0.71,6.71,0.81,7.18,0.38,5.16,,,,,,,,
oct-94,0.52,6.83,0.51,7.09,0.58,5.98,,,,,,,,
nov-94,0.53,6.93,0.52,7.25,0.59,5.87,,,,,,,,
dic-94,0.88,7.05,0.78,7.68,1.21,5.0,,,,,,,,
ene-95,3.76,10.23,3.7,10.93,3.99,7.94,,,,,,,,
feb-95,4.24,14.31,4.57,15.04,3.13,11.93,,,,,,,,
mar-95,5.9,20.43,4.73,19.6,9.18,22.46,,,,,,,,
abr-95,7.97,29.39,7.58,27.86,9.09,33.55,,,,,,,,
may-95,4.18,34.15,4.94,33.41,2.02,35.99,,,,,,,,
jun-95,3.17,37.72,3.41,37.24,2.48,38.78,,,,,,,,
jul-95,2.04,39.91,2.09,39.62,1.89,40.34,,,,,,,,
ago-95,1.66,41.57,1.86,41.51,1.06,41.33,,,,,,,,
sep-95,2.07,43.48,2.34,43.66,1.26,42.58,,,,,,,,
oct-95,2.06,45.66,1.75,45.43,2.99,46.0,,,,,,,,
nov-95,2.47,48.46,2.04,47.63,3.74,50.57,,,,,,,,
dic-95,3.26,51.97,2.81,50.6,4.58,55.57,,,,,,,,
ene-96,3.59,51.72,3.24,49.94,4.61,56.5,,,,,,,,
feb-96,2.33,48.95,2.37,46.79,2.23,55.13,,,,,,,,
mar-96,2.2,43.75,2.33,43.43,1.83,44.68,,,,,,,,
abr-96,2.84,36.93,2.75,37.0,3.1,36.74,,,,,,,,
may-96,1.82,33.83,1.82,32.92,1.84,36.49,,,,,,,,
jun-96,1.63,31.82,1.72,30.74,1.37,35.01,,,,,,,,
jul-96,1.42,31.03,1.5,29.99,1.19,34.09,,,,,,,,
ago-96,1.33,30.6,1.35,29.34,1.28,34.38,,,,,,,,
sep-96,1.6,30.0,1.75,28.59,1.17,34.26,,,,,,,,
oct-96,1.25,28.97,1.13,27.81,1.58,32.42,,,,,,,,
nov-96,1.52,27.77,1.2,26.77,2.41,30.72,,,,,,,,
dic-96,3.2,27.7,2.14,25.95,6.22,32.77,,,,,,,,
ene-97,2.57,26.44,2.5,25.04,2.77,30.44,,,,,,,,
feb-97,1.68,25.64,1.74,24.26,1.53,29.54,,,,,,,,
mar-97,1.24,24.46,1.28,22.98,1.15,28.68,,,,,,,,
abr-97,1.08,22.33,1.27,21.21,0.56,25.52,,,,,,,,
may-97,0.91,21.23,1.29,20.57,-0.12,23.11,,,,,,,,
jun-97,0.89,20.35,1.06,19.79,0.4,21.93,,,,,,,,
jul-97,0.87,19.7,0.82,18.99,1.01,21.72,,,,,,,,
ago-97,0.89,19.18,0.8,18.35,1.13,21.54,,,,,,,,
sep-97,1.25,18.76,1.43,17.98,0.73,21.01,,,,,,,,
oct-97,0.8,18.24,0.92,17.73,0.46,19.68,,,,,,,,
nov-97,1.12,17.77,0.99,17.49,1.48,18.59,,,,,,,,
dic-97,1.4,15.72,1.25,16.46,1.82,13.68,,,,,,,,
ene-98,2.18,15.27,1.91,15.79,2.92,13.85,,,,,,,,
feb-98,1.75,15.35,1.93,16.02,1.24,13.53,,,,,,,,
mar-98,1.17,15.27,1.11,15.83,1.34,13.74,,,,,,,,
abr-98,0.94,15.1,1.14,15.68,0.36,13.51,,,,,,,,
may-98,0.8,14.97,1.08,15.44,0.01,13.66,,,,,,,,
jun-98,1.18,15.31,1.18,15.58,1.18,14.55,,,,,,,,
jul-98,0.96,15.41,0.77,15.52,1.51,15.11,,,,,,,,
ago-98,0.96,15.5,1.03,15.78,0.77,14.7,,,,,,,,
sep-98,1.62,15.92,1.93,16.35,0.76,14.74,,,,,,,,
oct-98,1.43,16.65,1.4,16.9,1.52,15.96,,,,,,,,
nov-98,1.77,17.41,1.14,17.08,3.56,18.34,,,,,,,,
dic-98,2.44,18.61,1.56,17.44,4.88,21.89,,,,,,,,
ene-99,2.53,19.02,2.41,18.01,2.85,21.8,,,,,,,,
feb-99,1.34,18.54,1.83,17.89,0.04,20.36,,,,,,,,
mar-99,0.93,18.26,1.58,18.43,-0.84,17.77,,,,,,,,
abr-99,0.92,18.23,1.2,18.49,0.13,17.51,,,,,,,,
may-99,0.6,18.01,0.97,18.37,-0.44,16.98,,,,,,,,
jun-99,0.66,17.39,0.78,17.9,0.31,15.97,,,,,,,,
jul-99,0.66,17.04,0.66,17.77,0.66,15.0,,,,,,,,
ago-99,0.56,16.58,0.76,17.45,0.01,14.13,,,,,,,,
sep-99,0.97,15.83,1.22,16.63,0.23,13.53,,,,,,,,
oct-99,0.63,14.91,0.72,15.85,0.38,12.25,,,,,,,,
nov-99,0.89,13.92,0.64,15.27,1.64,10.17,,,,,,,,
dic-99,1.0,12.32,0.81,14.41,1.57,6.69,,,,,,,,
ene-00,1.34,11.02,1.29,13.17,1.48,5.27,,,,,,,,
feb-00,0.89,10.52,1.1,12.36,0.27,5.51,,,,,,,,
mar-00,0.55,10.11,0.65,11.33,0.29,6.71,,,,,,,,
abr-00,0.57,9.73,0.53,10.59,0.7,7.31,,,,,,,,
may-00,0.37,9.48,0.44,10.01,0.19,7.98,,,,,,,,
jun-00,0.59,9.41,0.34,9.52,1.34,9.09,,,,,,,,
jul-00,0.39,9.12,0.33,9.17,0.56,8.98,,,,,,,,
ago-00,0.55,9.1,0.42,8.8,0.93,9.98,,,,,,,,
sep-00,0.73,8.85,0.77,8.32,0.62,10.4,,,,,,,,
oct-00,0.69,8.91,0.52,8.11,1.17,11.27,,,,,,,,
nov-00,0.86,8.87,0.64,8.11,1.48,11.1,,,,,,,,
dic-00,1.08,8.96,0.56,7.85,2.55,12.17,,,,,,,,
ene-01,0.55,8.11,0.74,7.26,0.03,10.57,,,,,,,,
feb-01,-0.07,7.09,0.75,6.89,-2.36,7.67,,,,,,,,
mar-01,0.63,7.17,0.6,6.84,0.73,8.15,,,,,,,,
abr-01,0.5,7.11,0.48,6.79,0.57,8.01,,,,,,,,
may-01,0.23,6.95,0.36,6.71,-0.15,7.65,,,,,,,,
jun-01,0.24,6.57,0.32,6.7,-0.01,6.21,,,,,,,,
jul-01,-0.26,5.88,0.15,6.51,-1.46,4.08,,,,,,,,
ago-01,0.59,5.93,0.33,6.42,1.36,4.52,,,,,,,,
sep-01,0.93,6.14,0.76,6.4,1.44,5.38,,,,,,,,
oct-01,0.45,5.89,0.25,6.12,1.03,5.24,,,,,,,,
nov-01,0.38,5.39,0.24,5.7,0.77,4.5,,,,,,,,
dic-01,0.14,4.4,0.24,5.36,-0.15,1.75,,,,,,,,
ene-02,0.92,4.79,0.5,5.1,2.15,3.9,,,,,,,,
feb-02,-0.06,4.79,0.71,5.05,-2.25,4.02,,,,,,,,
mar-02,0.51,4.66,0.41,4.85,0.82,4.1,,,,,,,,
abr-02,0.55,4.7,0.36,4.72,1.1,4.65,,,,,,,,
may-02,0.2,4.68,0.18,4.54,0.25,5.07,,,,,,,,
jun-02,0.49,4.94,0.13,4.34,1.53,6.69,,,,,,,,
jul-02,0.29,5.51,0.13,4.32,0.8,9.13,,,,,,,,
ago-02,0.38,5.29,0.34,4.32,0.54,8.26,,,,,,,,
sep-02,0.6,4.95,0.66,4.22,0.39,7.13,,,,,,,,
oct-02,0.44,4.94,0.23,4.2,1.22,7.33,,,,,,,,
nov-02,0.81,5.39,0.19,4.15,3.08,9.79,,,,,,,,
dic-02,0.44,5.7,0.21,4.12,1.25,11.33,,,,,,,,
ene-03,0.4,5.16,0.44,4.06,0.26,9.28,,,,,,,,
feb-03,0.28,5.52,0.5,3.84,-0.5,11.23,,,,,,,,
mar-03,0.63,5.64,0.41,3.84,1.44,11.92,,,,,,,,
abr-03,0.17,5.25,0.34,3.83,-0.43,10.23,,,,,,,,
may-03,-0.32,4.7,0.27,3.91,-2.43,7.28,,,,,,,,
jun-03,0.08,4.27,0.11,3.89,-0.01,5.65,,,,,,,,
jul-03,0.14,4.13,0.14,3.89,0.18,5.0,,,,,,,,
ago-03,0.3,4.04,0.36,3.91,0.08,4.52,,,,,,,,
sep-03,0.6,4.04,0.48,3.73,1.02,5.19,,,,,,,,
oct-03,0.37,3.96,0.21,3.71,0.93,4.88,,,,,,,,
nov-03,0.83,3.98,0.26,3.78,2.9,4.7,,,,,,,,
dic-03,0.43,3.98,0.29,3.87,0.93,4.37,,,,,,,,
ene-04,0.62,4.2,0.38,3.8,1.46,5.62,,,,,,,,
feb-04,0.6,4.53,0.45,3.76,1.12,7.33,,,,,,,,
mar-04,0.34,4.23,0.37,3.72,0.24,6.06,,,,,,,,
abr-04,0.15,4.21,0.33,3.71,-0.47,6.02,,,,,,,,
may-04,-0.25,4.29,0.23,3.67,-1.94,6.55,,,,,,,,
jun-04,0.16,4.37,0.27,3.83,-0.22,6.33,,,,,,,,
jul-04,0.26,4.49,0.17,3.87,0.58,6.76,,,,,,,,
ago-04,0.62,4.82,0.28,3.79,1.83,8.63,,,,,,,,
sep-04,0.83,5.06,0.57,3.89,1.73,9.38,,,,,,,,
oct-04,0.69,5.4,0.29,3.96,2.11,10.66,,,,,,,,
nov-04,0.85,5.43,0.24,3.94,2.97,10.73,,,,,,,,
dic-04,0.21,5.19,0.28,3.92,-0.04,9.67,,,,,,,,
ene-05,0.0,4.54,0.37,3.91,-1.24,6.75,,,,,,,,
feb-05,0.33,4.27,0.39,3.85,0.15,5.73,,,,,,,,
mar-05,0.45,4.39,0.29,3.77,1.02,6.54,,,,,,,,
abr-05,0.36,4.6,0.19,3.62,0.92,8.04,,,,,,,,
may-05,-0.25,4.6,0.19,3.58,-1.75,8.24,,,,,,,,
jun-05,-0.1,4.33,0.24,3.56,-1.26,7.12,,,,,,,,
jul-05,0.39,4.47,0.21,3.59,1.04,7.61,,,,,,,,
ago-05,0.12,3.95,0.14,3.45,0.05,5.72,,,,,,,,
sep-05,0.4,3.51,0.48,3.35,0.13,4.06,,,,,,,,
oct-05,0.25,3.05,0.24,3.3,0.27,2.18,,,,,,,,
nov-05,0.72,2.91,0.21,3.27,2.51,1.72,,,,,,,,
dic-05,0.61,3.33,0.28,3.27,1.74,3.53,,,,,,,,
ene-06,0.59,3.94,0.22,3.11,1.82,6.74,,,,,,,,
feb-06,0.15,3.75,0.33,3.05,-0.42,6.14,,,,,,,,
mar-06,0.13,3.41,0.4,3.16,-0.77,4.26,,,,,,,,
abr-06,0.15,3.2,0.34,3.32,-0.5,2.79,,,,,,,,
may-06,-0.45,3.0,0.14,3.26,-2.41,2.1,,,,,,,,
jun-06,0.09,3.18,0.3,3.32,-0.66,2.72,,,,,,,,
jul-06,0.27,3.06,0.26,3.37,0.33,1.99,,,,,,,,
ago-06,0.51,3.47,0.17,3.41,1.69,3.66,,,,,,,,
sep-06,1.01,4.09,0.55,3.48,2.61,6.23,,,,,,,,
oct-06,0.44,4.29,0.23,3.47,1.14,7.15,,,,,,,,
nov-06,0.52,4.09,0.26,3.53,1.4,6.0,,,,,,,,
dic-06,0.58,4.05,0.4,3.65,1.18,5.42,,,,,,,,
ene-07,0.52,3.98,0.46,3.9,0.69,4.25,,,,,,,,
feb-07,0.28,4.11,0.38,3.96,-0.05,4.63,,,,,,,,
mar-07,0.22,4.21,0.29,3.85,-0.04,5.41,,,,,,,,
abr-07,-0.06,3.99,0.19,3.7,-0.9,4.99,,,,,,,,
may-07,-0.49,3.95,0.2,3.76,-2.78,4.58,,,,,,,,
jun-07,0.12,3.98,0.29,3.75,-0.45,4.81,,,,,,,,
jul-07,0.42,4.14,0.3,3.79,0.84,5.35,,,,,,,,
ago-07,0.41,4.03,0.27,3.89,0.88,4.51,,,,,,,,
sep-07,0.78,3.79,0.48,3.82,1.8,3.69,,,,,,,,
oct-07,0.39,3.74,0.33,3.92,0.6,3.14,,,,,,,,
nov-07,0.71,3.93,0.23,3.89,2.32,4.07,,,,,,,,
dic-07,0.41,3.76,0.38,3.87,0.52,3.39,,,,,,,,
ene-08,0.46,3.7,0.43,3.84,0.56,3.26,,,,,,,,
feb-08,0.3,3.72,0.43,3.89,-0.14,3.16,,,,,,,,
mar-08,0.72,4.25,0.49,4.09,1.51,4.77,,,,,,,,
abr-08,0.23,4.55,0.39,4.3,-0.32,5.38,,,,,,,,
may-08,-0.11,4.95,0.48,4.59,-2.04,6.18,,,,,,,,
jun-08,0.41,5.26,0.47,4.78,0.22,6.9,,,,,,,,
jul-08,0.56,5.39,0.4,4.88,1.09,7.16,,,,,,,,
ago-08,0.58,5.57,0.41,5.03,1.13,7.43,,,,,,,,
sep-08,0.68,5.47,0.58,5.14,1.01,6.59,,,,,,,,
oct-08,0.68,5.78,0.29,5.1,2.0,8.08,,,,,,,,
nov-08,1.14,6.23,0.46,5.34,3.38,9.19,,,,,,,,
dic-08,0.69,6.53,0.57,5.54,1.08,9.8,,,,,,,,
ene-09,0.23,6.28,0.44,5.54,-0.43,8.72,,,,,,,,
feb-09,0.22,6.2,0.47,5.58,-0.56,8.26,,,,,,,,
mar-09,0.58,6.04,0.52,5.61,0.77,7.47,,,,,,,,
abr-09,0.35,6.17,0.42,5.64,0.11,7.93,,,,,,,,
may-09,-0.29,5.98,0.2,5.35,-1.88,8.12,,,,,,,,
jun-09,0.18,5.74,0.25,5.12,-0.04,7.83,,,,,,,,
jul-09,0.27,5.44,0.31,5.02,0.16,6.84,,,,,,,,
ago-09,0.24,5.08,0.15,4.75,0.52,6.19,,,,,,,,
sep-09,0.5,4.89,0.4,4.55,0.85,6.03,,,,,,,,
oct-09,0.3,4.5,0.32,4.59,0.23,4.2,,,,,,,,
nov-09,0.52,3.86,0.14,4.27,1.76,2.56,,,,,,,,
dic-09,0.41,3.57,0.47,4.16,0.25,1.72,,,,,,,,
ene-10,1.09,4.46,0.75,4.48,2.18,4.38,,,,,,,,
feb-10,0.58,4.83,0.41,4.43,1.11,6.13,,,,,,,,
mar-10,0.71,4.97,0.35,4.26,1.85,7.27,,,,,,,,
abr-10,-0.32,4.27,0.11,3.93,-1.66,5.38,,,,,,,,
may-10,-0.63,3.92,0.23,3.96,-3.39,3.76,,,,,,,,
jun-10,-0.03,3.69,0.14,3.85,-0.59,3.19,,,,,,,,
jul-10,0.22,3.64,0.21,3.74,0.25,3.28,,,,,,,,
ago-10,0.28,3.68,0.1,3.69,0.88,3.64,,,,,,,,
sep-10,0.52,3.7,0.36,3.65,1.06,3.86,,,,,,,,
oct-10,0.62,4.02,0.19,3.51,2.02,5.7,,,,,,,,
nov-10,0.8,4.32,0.24,3.61,2.62,6.61,,,,,,,,
dic-10,0.5,4.4,0.43,3.58,0.7,7.09,,,,,,,,
ene-11,0.49,3.78,0.46,3.27,0.57,5.39,,,,,,,,
feb-11,0.38,3.57,0.4,3.26,0.28,4.53,,,,,,,,
mar-11,0.19,3.04,0.3,3.21,-0.16,2.46,,,,,,,,
abr-11,-0.01,3.36,0.08,3.18,-0.28,3.9,,,,,,,,
may-11,-0.74,3.25,0.18,3.12,-3.8,3.45,,,,,,,,
jun-11,0.0,3.28,0.19,3.18,-0.7,3.34,,,,,,,,
jul-11,0.48,3.55,0.22,3.19,1.38,4.51,,,,,,,,
ago-11,0.16,3.42,0.12,3.22,0.29,3.9,0.09,4.39,0.15,2.24,0.15,4.37,0.37,3.58
sep-11,0.25,3.14,0.27,3.12,0.17,2.98,0.32,4.42,0.22,2.03,-0.25,2.09,0.42,3.5
oct-11,0.67,3.2,0.26,3.19,2.12,3.09,0.35,4.33,0.18,2.24,0.3,0.79,3.15,4.37
nov-11,1.08,3.48,0.32,3.28,3.67,4.13,0.34,4.32,0.31,2.41,1.46,0.87,4.89,5.85
dic-11,0.82,3.82,0.51,3.35,1.86,5.34,0.67,4.52,0.37,2.4,4.29,3.73,0.57,6.19
ene-12,0.71,4.05,0.45,3.34,1.55,6.38,0.85,4.64,0.11,2.28,3.23,7.37,0.63,5.82
feb-12,0.2,3.87,0.43,3.37,-0.51,5.53,0.64,4.75,0.25,2.23,-1.81,5.45,0.22,5.58
mar-12,0.06,3.73,0.24,3.31,-0.55,5.12,0.25,4.51,0.24,2.32,-1.61,5.06,0.04,5.16
abr-12,-0.31,3.41,0.15,3.39,-1.84,3.49,0.32,4.48,0.01,2.48,-1.07,0.86,-2.26,5.0
may-12,-0.32,3.85,0.27,3.48,-2.26,5.15,0.3,4.5,0.23,2.63,0.66,5.6,-3.87,4.89
jun-12,0.46,4.34,0.22,3.5,1.3,7.26,0.36,4.66,0.09,2.54,2.62,11.29,0.54,5.02
jul-12,0.56,4.42,0.31,3.59,1.41,7.3,0.32,4.91,0.31,2.5,2.99,11.27,0.48,5.02
ago-12,0.3,4.57,0.22,3.7,0.55,7.58,0.39,5.23,0.08,2.43,0.59,11.76,0.53,5.19
sep-12,0.44,4.77,0.18,3.61,1.32,8.81,0.33,5.24,0.05,2.25,3.55,16.02,-0.03,4.73
oct-12,0.51,4.6,0.23,3.58,1.42,8.07,0.29,5.17,0.18,2.25,-0.07,15.6,2.36,3.93
nov-12,0.68,4.18,0.05,3.3,2.73,7.09,0.38,5.22,-0.23,1.7,-0.8,13.02,4.89,3.94
dic-12,0.23,3.57,0.12,2.9,0.58,5.74,0.46,5.0,-0.17,1.15,0.74,9.18,0.48,3.84
ene-13,0.4,3.25,0.42,2.88,0.33,4.47,0.24,4.37,0.58,1.62,-0.24,5.51,0.67,3.89
feb-13,0.49,3.55,0.51,2.96,0.44,5.47,0.15,3.86,0.82,2.21,0.02,7.48,0.68,4.36
mar-13,0.73,4.25,0.3,3.02,2.11,8.29,0.21,3.81,0.38,2.35,4.63,14.29,0.66,5.02
abr-13,0.07,4.65,0.08,2.95,0.0,10.32,0.14,3.63,0.03,2.37,1.49,17.25,-0.9,6.47
may-13,-0.33,4.63,0.2,2.88,-2.05,10.56,0.17,3.49,0.22,2.36,-1.01,15.3,-2.71,7.75
jun-13,-0.06,4.09,0.13,2.79,-0.69,8.39,0.01,3.14,0.22,2.49,-3.0,8.99,0.83,8.06
jul-13,-0.03,3.47,0.03,2.5,-0.26,6.6,-0.16,2.64,0.2,2.38,-1.51,4.22,0.53,8.12
ago-13,0.28,3.46,0.09,2.37,0.94,7.01,0.26,2.51,-0.05,2.24,1.52,5.19,0.57,8.16
sep-13,0.38,3.39,0.32,2.52,0.55,6.2,0.41,2.59,0.25,2.45,0.74,2.33,0.44,8.66
oct-13,0.48,3.36,0.19,2.48,1.41,6.18,0.11,2.41,0.26,2.54,-0.72,1.67,2.74,9.07
nov-13,0.93,3.62,0.14,2.56,3.54,7.02,-0.02,1.99,0.27,3.06,2.97,5.53,3.88,8.01
dic-13,0.57,3.97,0.33,2.78,1.35,7.84,0.36,1.89,0.3,3.54,1.82,6.67,1.07,8.65
ene-14,0.89,4.48,0.85,3.21,1.02,8.58,1.26,2.93,0.51,3.47,-0.67,6.21,2.04,10.13
feb-14,0.25,4.23,0.28,2.98,0.17,8.28,0.13,2.91,0.41,3.05,-0.71,5.43,0.68,10.12
mar-14,0.27,3.76,0.21,2.89,0.46,6.54,0.18,2.88,0.24,2.9,0.71,1.49,0.31,9.73
abr-14,-0.19,3.5,0.29,3.11,-1.67,4.75,0.23,2.97,0.34,3.23,-1.12,-1.13,-2.0,8.52
may-14,-0.32,3.51,0.09,3.0,-1.64,5.19,0.28,3.08,-0.06,2.94,0.79,0.67,-3.06,8.14
jun-14,0.17,3.75,0.21,3.09,0.04,5.96,0.17,3.24,0.25,2.96,-0.4,3.37,0.32,7.59
jul-14,0.28,4.07,0.19,3.25,0.56,6.83,-0.04,3.37,0.38,3.15,0.78,5.78,0.42,7.47
ago-14,0.36,4.15,0.21,3.37,0.83,6.72,0.45,3.56,0.02,3.22,1.95,6.22,0.16,7.03
sep-14,0.44,4.22,0.29,3.34,0.92,7.11,0.32,3.46,0.27,3.24,2.02,7.57,0.25,6.82
oct-14,0.55,4.3,0.17,3.32,1.79,7.51,0.17,3.53,0.17,3.14,0.1,8.46,2.84,6.93
nov-14,0.81,4.17,0.16,3.34,2.83,6.78,0.12,3.68,0.2,3.06,1.62,7.04,3.58,6.62
dic-14,0.49,4.08,0.23,3.24,1.28,6.7,0.19,3.5,0.27,3.03,3.32,8.61,0.06,5.55
ene-15,-0.09,3.07,-0.03,2.34,-0.27,5.34,0.22,2.43,-0.24,2.26,-0.78,8.5,0.05,3.49
feb-15,0.19,3.0,0.34,2.4,-0.27,4.88,0.33,2.64,0.35,2.2,-0.88,8.32,0.11,2.9
mar-15,0.41,3.14,0.26,2.45,0.85,5.29,0.15,2.6,0.36,2.32,0.74,8.34,0.92,3.52
abr-15,-0.26,3.06,0.16,2.31,-1.51,5.46,0.28,2.65,0.05,2.03,0.26,9.86,-2.59,2.89
may-15,-0.5,2.88,0.12,2.33,-2.4,4.64,0.08,2.44,0.15,2.23,-1.37,7.5,-3.05,2.9
jun-15,0.17,2.87,0.21,2.33,0.04,4.63,0.21,2.48,0.21,2.2,-0.24,7.67,0.21,2.8
jul-15,0.15,2.74,0.17,2.31,0.07,4.12,-0.06,2.47,0.36,2.18,0.09,6.94,0.05,2.42
ago-15,0.21,2.59,0.2,2.3,0.24,3.51,0.34,2.36,0.08,2.25,0.23,5.14,0.25,2.51
sep-15,0.37,2.52,0.37,2.38,0.39,2.96,0.5,2.54,0.26,2.24,0.89,3.98,0.07,2.33
oct-15,0.51,2.48,0.25,2.47,1.35,2.52,0.35,2.73,0.17,2.25,0.04,3.91,2.19,1.68
nov-15,0.55,2.21,0.04,2.34,2.15,1.84,0.18,2.79,-0.09,1.95,0.43,2.7,3.22,1.33
dic-15,0.41,2.13,0.31,2.41,0.72,1.28,0.21,2.82,0.39,2.07,2.33,1.72,-0.26,1.0
ene-16,0.38,2.61,0.19,2.64,0.96,2.52,0.26,2.86,0.14,2.46,2.68,5.27,-0.12,0.84
feb-16,0.44,2.87,0.36,2.66,0.68,3.49,0.48,3.02,0.25,2.36,1.77,8.08,-0.02,0.71
mar-16,0.15,2.6,0.36,2.76,-0.49,2.12,0.34,3.23,0.37,2.37,-1.0,6.21,-0.16,-0.37
abr-16,-0.32,2.54,0.22,2.83,-1.96,1.66,0.42,3.37,0.06,2.37,-1.39,4.46,-2.32,-0.09
may-16,-0.45,2.6,0.21,2.93,-2.51,1.55,0.26,3.55,0.18,2.41,-0.77,5.1,-3.65,-0.71
jun-16,0.11,2.54,0.25,2.97,-0.35,1.16,0.27,3.61,0.24,2.44,-1.42,3.87,0.37,-0.56
jul-16,0.26,2.65,0.17,2.97,0.55,1.65,0.03,3.71,0.29,2.36,-0.77,2.97,1.43,0.81
ago-16,0.28,2.73,0.19,2.96,0.58,1.99,0.39,3.76,0.02,2.29,0.35,3.09,0.72,1.29
sep-16,0.61,2.97,0.48,3.07,1.04,2.65,0.65,3.92,0.33,2.36,3.1,5.34,-0.28,0.94
oct-16,0.61,3.06,0.28,3.1,1.65,2.95,0.4,3.97,0.17,2.36,-0.05,5.25,2.78,1.52
nov-16,0.78,3.31,0.22,3.29,2.54,3.34,0.13,3.91,0.31,2.77,0.73,5.56,3.71,1.99
dic-16,0.46,3.36,0.45,3.44,0.51,3.13,0.35,4.05,0.53,2.92,0.97,4.15,0.22,2.49
ene-17,1.7,4.72,0.58,3.84,5.14,7.4,0.93,4.75,0.28,3.07,-0.88,0.53,8.96,11.8
feb-17,0.58,4.86,0.76,4.26,0.03,6.71,1.11,5.39,0.47,3.29,-0.94,-2.14,0.59,12.48
mar-17,0.61,5.35,0.57,4.48,0.73,8.02,0.78,5.85,0.4,3.32,2.2,1.02,-0.1,12.56
abr-17,0.12,5.82,0.45,4.72,-0.84,9.25,0.6,6.05,0.32,3.59,1.87,4.36,-2.42,12.44
may-17,-0.12,6.16,0.28,4.78,-1.3,10.6,0.48,6.29,0.1,3.5,1.21,6.43,-2.82,13.41
jun-17,0.25,6.31,0.3,4.83,0.09,11.09,0.32,6.33,0.29,3.56,0.42,8.42,-0.12,12.86
jul-17,0.38,6.44,0.27,4.94,0.72,11.27,0.12,6.42,0.4,3.68,2.49,11.98,-0.41,10.81
ago-17,0.49,6.66,0.25,5.0,1.22,11.98,0.47,6.51,0.06,3.72,2.06,13.89,0.67,10.76
sep-17,0.31,6.35,0.28,4.8,0.41,11.28,0.33,6.17,0.24,3.63,-0.06,10.4,0.72,11.86
oct-17,0.63,6.37,0.25,4.77,1.76,11.4,0.22,5.97,0.28,3.75,-1.88,8.37,4.15,13.36
nov-17,1.03,6.63,0.34,4.9,3.06,11.97,0.34,6.19,0.35,3.79,1.16,8.84,4.24,13.94
dic-17,0.59,6.77,0.42,4.87,1.09,12.62,0.32,6.17,0.5,3.76,1.81,9.75,0.65,14.44
ene-18,0.53,5.55,0.28,4.56,1.24,8.44,0.56,5.78,0.04,3.52,0.03,10.76,1.97,7.1
feb-18,0.38,5.34,0.49,4.27,0.08,8.49,0.54,5.18,0.45,3.49,-1.9,9.69,1.26,7.81
mar-18,0.32,5.04,0.33,4.02,0.3,8.03,0.25,4.64,0.4,3.49,0.38,7.74,0.26,8.19
abr-18,-0.34,4.55,0.15,3.71,-1.72,7.07,0.33,4.35,-0.01,3.15,-0.49,5.24,-2.43,8.18
may-18,-0.16,4.51,0.26,3.69,-1.38,6.99,0.21,4.07,0.3,3.36,-1.07,2.87,-1.56,9.59
jun-18,0.39,4.65,0.23,3.62,0.84,7.79,0.13,3.88,0.32,3.38,-0.32,2.11,1.53,11.4
jul-18,0.54,4.81,0.29,3.63,1.27,8.38,0.22,3.99,0.34,3.33,1.91,1.53,0.89,12.86
ago-18,0.58,4.9,0.25,3.63,1.61,8.8,0.39,3.9,0.09,3.36,1.9,1.37,1.42,13.69
sep-18,0.42,5.02,0.32,3.67,0.73,9.15,0.38,3.95,0.26,3.38,-0.21,1.22,1.4,14.47
oct-18,0.52,4.9,0.31,3.73,1.15,8.5,0.24,3.98,0.39,3.48,-0.7,2.43,2.47,12.62
nov-18,0.85,4.72,0.25,3.63,2.66,8.07,0.26,3.9,0.24,3.37,3.48,4.78,2.09,10.3
dic-18,0.7,4.83,0.47,3.68,1.39,8.4,0.34,3.92,0.61,3.47,4.03,7.06,-0.44,9.1
ene-19,0.09,4.37,0.2,3.6,-0.25,6.81,0.31,3.66,0.08,3.51,0.35,7.41,-0.68,6.26
feb-19,-0.03,3.94,0.43,3.54,-1.38,5.25,0.49,3.61,0.36,3.43,-4.28,4.8,0.75,5.73
mar-19,0.39,4.0,0.34,3.55,0.51,5.47,0.34,3.71,0.35,3.38,-0.67,3.7,1.33,6.86
abr-19,0.05,4.41,0.46,3.87,-1.15,6.08,0.36,3.74,0.56,3.97,0.53,4.77,-2.29,7.01
may-19,-0.29,4.28,0.16,3.77,-1.66,5.78,0.29,3.82,0.03,3.69,0.17,6.08,-2.95,5.5
jun-19,0.06,3.95,0.3,3.85,-0.68,4.19,0.23,3.92,0.38,3.75,-0.18,6.23,-1.04,2.83
jul-19,0.38,3.78,0.26,3.82,0.74,3.64,0.15,3.85,0.38,3.79,2.0,6.33,-0.19,1.73
ago-19,-0.02,3.16,0.2,3.78,-0.7,1.28,0.3,3.76,0.09,3.79,-1.5,2.78,-0.1,0.2
sep-19,0.26,3.0,0.3,3.75,0.15,0.71,0.38,3.77,0.2,3.73,-0.02,2.98,0.28,-0.9
oct-19,0.54,3.02,0.25,3.68,1.46,1.01,0.26,3.78,0.23,3.58,0.11,3.82,2.46,-0.91
nov-19,0.81,2.97,0.22,3.65,2.62,0.98,0.12,3.63,0.33,3.67,1.84,2.18,3.18,0.14
dic-19,0.56,2.83,0.41,3.59,1.0,0.59,0.26,3.56,0.57,3.64,1.78,-0.03,0.45,1.04
ene-20,0.48,3.24,0.33,3.73,0.96,1.81,0.66,3.92,-0.04,3.51,1.83,1.44,0.34,2.08
feb-20,0.42,3.7,0.36,3.66,0.57,3.81,0.39,3.82,0.33,3.48,1.74,7.82,-0.29,1.01
mar-20,-0.05,3.25,0.29,3.6,-1.06,2.19,0.35,3.83,0.23,3.35,1.3,9.96,-2.83,-3.13
abr-20,-1.01,2.15,0.36,3.5,-5.17,-1.96,0.63,4.11,0.06,2.84,-0.79,8.52,-8.57,-9.35
may-20,0.38,2.84,0.3,3.64,0.66,0.35,0.46,4.3,0.12,2.93,1.34,9.79,0.09,-6.51
jun-20,0.55,3.33,0.37,3.71,1.12,2.16,0.6,4.69,0.11,2.65,-2.09,7.69,3.85,-1.9
jul-20,0.66,3.62,0.4,3.85,1.48,2.92,0.64,5.19,0.13,2.4,-0.03,5.55,2.7,0.95
ago-20,0.39,4.05,0.32,3.97,0.63,4.3,0.47,5.36,0.15,2.46,0.88,8.09,0.44,1.5
sep-20,0.23,4.01,0.32,3.99,-0.04,4.1,0.42,5.4,0.2,2.45,0.04,8.16,-0.1,1.11
oct-20,0.61,4.09,0.24,3.98,1.77,4.42,0.29,5.44,0.18,2.4,1.45,9.61,2.03,0.68
nov-20,0.08,3.33,-0.08,3.66,0.56,2.33,-0.31,4.99,0.16,2.22,-0.4,7.2,1.32,-1.13
dic-20,0.38,3.15,0.55,3.8,-0.13,1.18,0.77,5.52,0.3,1.95,-1.3,3.96,0.78,-0.81
ene-21,0.86,3.54,0.36,3.84,2.4,2.63,0.55,5.41,0.14,2.13,0.54,2.64,3.81,2.62
feb-21,0.63,3.76,0.39,3.87,1.36,3.43,0.52,5.54,0.25,2.06,-0.22,0.66,2.5,5.5
mar-21,0.83,4.67,0.54,4.12,1.69,6.31,0.6,5.79,0.47,2.3,1.27,0.64,1.99,10.73
abr-21,0.33,6.08,0.37,4.13,0.21,12.34,0.44,5.59,0.28,2.53,2.61,4.08,-1.49,19.3
may-21,0.2,5.89,0.53,4.37,-0.75,10.76,0.62,5.76,0.42,2.84,1.91,4.67,-2.71,15.97
jun-21,0.53,5.88,0.57,4.58,0.42,10.0,0.65,5.81,0.48,3.22,0.05,6.95,0.71,12.45
jul-21,0.59,5.81,0.48,4.66,0.93,9.39,0.58,5.74,0.36,3.46,0.74,7.77,1.07,10.67
ago-21,0.19,5.59,0.43,4.78,-0.52,8.14,0.7,5.99,0.12,3.43,1.98,8.95,-2.43,7.5
sep-21,0.62,6.0,0.46,4.92,1.1,9.37,0.68,6.26,0.21,3.43,1.38,10.41,0.87,8.55
oct-21,0.84,6.24,0.49,5.19,1.87,9.47,0.6,6.58,0.38,3.64,0.18,9.02,3.22,9.82
nov-21,1.14,7.37,0.37,5.67,3.45,12.61,0.31,7.24,0.43,3.92,4.48,14.36,2.64,11.26
dic-21,0.36,7.36,0.8,5.94,-0.9,11.74,0.91,7.4,0.68,4.3,-0.08,15.78,-1.56,8.68
ene-22,0.59,7.07,0.62,6.21,0.52,9.68,0.99,7.86,0.19,4.35,0.14,15.32,0.83,5.56
feb-22,0.83,7.28,0.76,6.59,1.04,9.34,0.96,8.34,0.52,4.62,0.52,16.17,1.45,4.48
mar-22,0.99,7.45,0.72,6.78,1.79,9.45,0.93,8.69,0.47,4.62,1.23,16.12,2.24,4.73
abr-22,0.54,7.68,0.78,7.22,-0.14,9.07,1.03,9.33,0.48,4.83,1.05,14.36,-1.07,5.18
may-22,0.18,7.65,0.59,7.28,-1.02,8.77,0.81,9.53,0.33,4.74,0.78,13.08,-2.47,5.44
jun-22,0.84,7.99,0.77,7.49,1.07,9.47,1.0,9.91,0.5,4.76,1.76,15.02,0.49,5.22
jul-22,0.74,8.15,0.62,7.65,1.09,9.65,0.72,10.07,0.5,4.9,1.64,16.05,0.63,4.76
ago-22,0.7,8.7,0.8,8.05,0.39,10.65,1.14,10.55,0.39,5.19,0.98,14.9,-0.11,7.25
sep-22,0.62,8.7,0.67,8.28,0.47,9.96,0.94,10.84,0.35,5.35,1.51,15.05,-0.42,5.88
oct-22,0.57,8.41,0.63,8.42,0.38,8.36,0.87,11.15,0.33,5.3,-0.52,14.25,1.17,3.77
nov-22,0.58,7.8,0.45,8.51,0.94,5.73,0.43,11.28,0.48,5.35,-0.42,8.89,2.11,3.23
dic-22,0.38,7.82,0.65,8.35,-0.4,6.27,0.74,11.09,0.53,5.19,0.5,9.52,-1.15,3.66
ene-23,0.68,7.91,0.71,8.45,0.57,6.32,0.91,11.0,0.48,5.51,0.51,9.93,0.62,3.44
feb-23,0.56,7.62,0.61,8.29,0.4,5.65,0.65,10.65,0.56,5.55,-0.07,9.29,0.8,2.77
mar-23,0.27,6.85,0.52,8.09,-0.5,3.27,0.45,10.12,0.62,5.71,-0.67,7.24,-0.36,0.16
abr-23,-0.02,6.25,0.39,7.67,-1.25,2.12,0.5,9.54,0.25,5.46,0.0,6.13,-2.3,-1.08
may-23,-0.22,5.84,0.32,7.39,-1.88,1.24,0.35,9.04,0.29,5.43,-0.34,4.95,-3.21,-1.83
jun-23,0.1,5.06,0.3,6.89,-0.52,-0.36,0.28,8.26,0.33,5.25,-0.24,2.89,-0.78,-3.08
jul-23,0.48,4.79,0.39,6.64,0.77,-0.67,0.31,7.82,0.49,5.24,1.9,3.16,-0.23,-3.9
ago-23,0.55,4.64,0.27,6.08,1.44,0.37,0.24,6.86,0.31,5.15,1.74,3.94,1.17,-2.68
sep-23,0.44,4.45,0.36,5.76,0.7,0.6,0.31,6.2,0.43,5.23,0.84,3.25,0.57,-1.71
oct-23,0.38,4.26,0.39,5.5,0.34,0.56,0.34,5.64,0.44,5.34,-2.09,1.62,2.57,-0.35
nov-23,0.64,4.32,0.26,5.3,1.81,1.43,0.14,5.33,0.42,5.28,0.79,2.85,2.7,0.24
dic-23,0.71,4.66,0.44,5.09,1.53,3.39,0.32,4.89,0.58,5.33,3.25,5.66,0.05,1.46
ene-24,0.89,4.88,0.4,4.76,2.37,5.24,0.41,4.37,0.4,5.25,4.4,9.75,0.58,1.41
feb-24,0.09,4.4,0.49,4.64,-1.1,3.67,0.4,4.11,0.61,5.3,-4.6,4.77,2.12,2.75
mar-24,0.29,4.42,0.44,4.55,-0.16,4.03,0.22,3.88,0.69,5.37,-0.53,4.92,0.16,3.29
abr-24,0.2,4.65,0.21,4.37,0.18,5.54,0.3,3.67,0.1,5.21,2.32,7.35,-1.64,3.98
may-24,-0.19,4.69,0.17,4.21,-1.28,6.19,0.07,3.38,0.3,5.22,0.67,8.44,-3.0,4.2
jun-24,0.38,4.98,0.22,4.13,0.87,7.67,0.18,3.28,0.27,5.15,1.54,10.36,0.26,5.28
jul-24,1.05,5.57,0.32,4.05,3.29,10.36,0.12,3.09,0.55,5.22,5.0,13.72,1.69,7.31
ago-24,0.01,4.99,0.22,4.0,-0.7,8.03,0.18,3.02,0.27,5.18,-2.08,9.45,0.48,6.58
sep-24,0.05,4.58,0.28,3.91,-0.72,6.5,0.21,2.92,0.35,5.1,-1.65,6.76,0.03,6.01
oct-24,0.55,4.76,0.28,3.8,1.46,7.68,0.24,2.81,0.32,4.98,1.73,10.92,1.23,4.62
nov-24,0.44,4.55,0.05,3.58,1.73,7.6,-0.27,2.39,0.35,4.9,0.62,10.74,2.64,4.55
dic-24,0.38,4.21,0.51,3.65,-0.04,5.95,0.4,2.47,0.61,4.94,-0.64,6.57,0.45,4.97
ene-25,0.29,3.59,0.41,3.66,-0.14,3.34,0.67,2.74,0.17,4.69,-1.49,0.56,0.93,5.33
feb-25,0.28,3.77,0.48,3.65,-0.39,4.08,0.41,2.75,0.55,4.64,-1.44,3.89,0.41,3.57
mar-25,0.31,3.8,0.43,3.64,-0.08,4.16,0.45,2.98,0.41,4.35,0.41,4.87,-0.45,2.94
abr-25,0.33,3.93,0.49,3.93,-0.21,3.76,0.69,3.38,0.3,4.56,1.6,4.13,-1.59,2.99
may-25,0.28,4.42,0.3,4.06,0.23,5.34,0.35,3.67,0.24,4.49,3.21,6.76,-2.12,3.93
jun-25,0.28,4.32,0.39,4.24,-0.1,4.33,0.41,3.91,0.38,4.62,-0.1,5.04,-0.1,3.56
jul-25,0.27,3.51,0.31,4.23,0.13,1.14,0.22,4.02,0.39,4.44,0.13,0.17,0.13,1.97
ago-25,0.06,3.57,0.22,4.23,-0.47,1.38,0.21,4.05,0.23,4.4,-1.07,1.21,0.02,1.51
sep-25,0.23,3.76,0.33,4.28,-0.1,2.02,0.34,4.19,0.32,4.36,-0.14,2.76,-0.06,1.42
oct-25,0.36,3.57,0.29,4.28,0.63,1.18,0.17,4.12,0.39,4.44,-0.9,0.1,1.89,2.07
nov-25,0.66,3.8,0.19,4.43,2.28,1.73,-0.03,4.37,0.39,4.49,1.43,0.9,2.97,2.4
dic-25,0.28,3.69,0.41,4.33,-0.16,1.61,0.33,4.3,0.48,4.35,-0.66,0.88,0.24,2.19
ene-26,0.38,3.79,0.6,4.52,-0.36,1.39,0.92,4.56,0.3,4.48,-0.86,1.52,0.03,1.28
feb-26,0.5,4.02,0.46,4.5,0.64,2.44,0.39,4.55,0.52,4.45,1.45,4.5,0.02,0.89
mar-26,0.86,4.59,0.38,4.45,2.46,5.05,0.29,4.38,0.48,4.51,4.52,8.77,0.85,2.21
