Periodo,Personal_ocupado,Remuneraciones_totales,Ingresos_totales,Gastos_consumo_b_y_s,Transporte_correos_Anual,Info_medios_masivos_Anual,Inmobiliarios_alquiler_Anual,Profesionales_cientificos_Anual,Apoyo_negocios_residuos_Anual,Educativos_Anual,Salud_asistencia_Anual,Esparcimiento_culturales_Anual,Alojamiento_alimentos_Anual,Otros_servicios_Anual
feb-08,0.15,-0.8,0.07,0.64,,,,,,,,,,
mar-08,0.03,1.77,2.89,-1.12,,,,,,,,,,
abr-08,0.02,-1.35,-1.36,0.16,,,,,,,,,,
may-08,-0.19,3.86,-1.48,-1.79,,,,,,,,,,
jun-08,-0.12,-3.05,0.7,1.32,,,,,,,,,,
jul-08,-0.13,-1.63,-1.48,0.03,,,,,,,,,,
ago-08,-0.31,0.67,-0.24,-1.1,,,,,,,,,,
sep-08,-0.5,-1.32,-0.78,-1.36,,,,,,,,,,
oct-08,-0.97,0.72,0.38,2.16,,,,,,,,,,
nov-08,1.79,-1.85,-1.61,-1.66,,,,,,,,,,
dic-08,3.98,6.77,6.69,2.32,,,,,,,,,,
ene-09,-5.32,-10.18,-9.21,-5.29,-5.15,-7.15,-12.08,-6.91,-1.81,-7.01,-19.77,-1.56,-1.2,
feb-09,-0.8,0.32,-0.2,-4.6,-7.59,-7.5,-26.94,2.14,-5.66,-6.34,-16.73,-9.9,-1.3,
mar-09,-0.05,0.05,1.94,0.57,-11.53,-5.8,-23.56,0.02,-8.05,-10.36,-15.83,-9.53,-0.24,
abr-09,-0.16,-0.98,-3.71,0.14,-13.54,-9.07,-14.71,-4.52,-5.96,-9.12,-10.85,-7.65,-3.38,
may-09,-1.15,1.0,-5.36,-5.7,-19.66,-4.27,-16.02,-8.68,-7.81,-7.39,-16.02,-23.24,-29.5,
jun-09,0.74,-1.45,4.35,4.61,-10.63,-11.49,-6.99,3.43,-8.12,-11.93,-15.32,-14.69,-15.44,
jul-09,0.07,-0.24,0.75,-0.41,-10.92,-6.47,-7.83,-7.94,-7.35,-7.78,-12.6,-9.89,-5.37,
ago-09,0.07,-0.71,-0.7,0.59,-8.67,-5.62,-7.7,-14.79,-8.6,-3.92,-16.08,-3.88,0.51,
sep-09,0.1,0.7,0.08,0.15,-7.14,-10.61,1.07,-13.04,-5.41,-5.34,-11.43,-4.87,-8.34,
oct-09,-0.14,-0.29,-0.27,-0.5,-4.97,-4.85,-14.47,-3.63,-11.05,-10.27,-12.44,-7.31,-10.56,
nov-09,2.96,0.78,-4.89,-0.79,-3.53,-7.21,-19.65,-24.65,-7.17,-13.21,-16.05,-3.13,-3.41,
dic-09,0.07,1.79,5.47,2.06,-2.27,-6.77,-19.06,-21.46,-12.06,-8.61,-17.21,-12.54,-9.26,
ene-10,-0.26,-2.07,-1.24,0.52,-2.0,2.93,-14.99,-15.46,-0.49,5.33,-14.22,-11.05,-11.11,
feb-10,0.19,0.2,0.12,0.89,4.86,6.42,1.96,-26.39,-0.08,2.27,-4.02,-9.89,-11.97,
mar-10,0.04,-1.26,-0.37,1.3,11.47,1.87,-8.43,-27.99,1.72,4.5,-4.72,-6.22,-15.63,
abr-10,-0.21,0.77,-1.28,-1.72,10.17,3.16,-18.61,-11.05,-2.72,3.05,-11.83,-6.88,-15.1,
may-10,-0.15,0.7,1.69,1.56,26.3,4.74,-17.79,-1.0,-0.05,-0.26,-5.04,8.61,13.93,
jun-10,-1.39,-1.44,-0.96,-2.9,12.86,5.01,-16.41,-21.71,-0.29,7.8,-5.89,-0.61,-4.74,
jul-10,0.28,1.06,-0.33,1.54,11.66,1.95,-12.13,-19.56,2.81,5.24,-6.35,-6.2,-13.62,
ago-10,0.02,-0.88,0.65,0.49,17.08,2.97,-15.37,-13.11,3.41,1.92,-13.63,-5.21,-18.36,
sep-10,-0.33,0.1,-0.32,-1.92,17.19,4.11,-22.79,-10.93,-1.13,-1.48,-10.89,-5.53,-13.13,
oct-10,0.07,-1.12,0.17,-0.46,15.08,2.96,-18.19,-23.42,6.38,8.21,-8.65,-6.27,-10.59,
nov-10,0.09,0.17,0.62,1.41,15.5,7.97,-12.8,17.45,4.51,6.37,-9.71,-7.56,-15.87,
dic-10,-0.12,-0.51,-0.73,3.55,11.09,3.33,-14.96,-4.11,-5.43,1.67,-7.43,-3.16,-12.85,
ene-11,-0.05,0.44,-0.12,-3.1,14.27,2.12,-8.93,-5.38,0.95,-0.57,-8.51,-7.65,-13.75,
feb-11,0.02,0.38,0.11,-1.35,15.1,-1.98,-19.84,2.06,0.71,2.69,-7.81,1.94,-14.07,
mar-11,-0.18,-0.71,-0.77,-1.61,11.17,-1.76,-18.66,-5.98,3.83,0.97,-12.38,-6.25,-9.47,
abr-11,0.42,1.06,1.47,4.02,13.67,1.08,-11.36,-4.77,5.14,1.8,-4.99,1.18,-4.38,
may-11,0.21,1.21,0.15,0.84,11.69,-2.17,-12.35,-3.33,3.62,1.22,-7.42,2.87,-7.01,
jun-11,0.25,-0.85,-0.24,1.71,13.05,-2.64,-15.13,5.23,3.23,-5.85,-8.4,0.5,-6.04,
jul-11,0.33,0.25,0.43,0.3,11.63,-1.02,-15.69,4.87,2.79,-3.79,-5.43,-1.26,-4.64,
ago-11,0.06,0.66,0.84,2.07,6.78,-1.51,-16.54,7.29,4.0,-0.78,-3.83,-0.14,-4.14,
sep-11,0.21,-0.43,2.75,0.09,5.75,2.94,5.58,13.43,7.92,-0.87,-5.18,-1.49,-0.31,
oct-11,0.12,1.2,-3.28,0.23,5.29,-0.32,-1.6,1.49,3.35,-5.39,-6.68,4.63,0.32,
nov-11,-0.12,-1.47,0.15,1.21,7.0,-4.02,-3.12,-5.23,2.9,-0.92,-6.09,6.26,1.9,
dic-11,-0.44,-1.16,-1.6,3.63,6.5,-1.9,3.1,-8.14,3.36,-3.79,-5.91,6.67,2.76,
ene-12,1.94,0.45,3.44,-5.53,9.36,-2.77,2.81,-5.43,6.17,-1.56,1.64,18.47,5.51,
feb-12,0.39,-0.06,-1.19,0.06,3.63,2.69,0.43,-8.15,9.49,-2.98,-1.95,2.5,7.14,
mar-12,0.06,1.11,0.05,-1.44,1.87,4.19,-3.44,-2.21,5.87,-3.01,5.38,11.52,5.99,
abr-12,-0.16,3.85,0.49,-0.17,4.12,0.34,2.54,-6.5,6.13,-3.11,1.3,7.1,6.25,
may-12,0.26,-6.05,-0.84,1.11,1.16,3.41,-2.12,-9.26,5.87,-12.84,1.08,1.25,5.64,
jun-12,0.59,2.33,2.35,3.08,3.18,7.04,-0.32,-5.72,6.5,1.96,3.32,17.1,7.76,
jul-12,-0.42,-0.39,-0.75,-2.07,6.09,6.0,-6.26,1.19,-0.46,1.29,0.84,10.09,6.58,
ago-12,-0.11,0.51,0.02,0.3,3.49,5.12,9.15,-9.24,5.76,-2.24,7.75,-2.43,5.88,
sep-12,0.82,-0.28,1.84,3.26,2.8,3.94,-17.89,-11.1,4.98,0.26,3.14,-1.99,3.37,
oct-12,-0.41,0.46,-0.06,-0.34,-0.72,5.39,0.14,4.91,7.43,-2.6,5.9,-6.72,2.57,
nov-12,-0.03,0.82,1.47,4.88,0.76,15.91,6.37,4.53,5.06,-5.82,5.93,-8.68,3.43,
dic-12,-0.85,-1.68,-1.65,-4.93,0.65,11.45,0.2,0.52,10.59,-2.7,3.83,-3.71,0.72,
ene-13,-0.06,3.59,-0.08,1.99,-4.58,12.41,-12.56,-2.4,5.08,2.01,8.37,-7.4,8.21,
feb-13,0.0,-0.3,1.35,1.01,-1.21,2.64,0.23,1.78,2.5,1.41,11.56,-2.81,10.0,
mar-13,0.19,-0.94,-0.95,-2.47,0.95,1.93,8.29,-4.2,1.36,2.9,6.76,-4.95,9.57,
abr-13,-0.18,3.63,1.39,2.07,-3.68,6.42,4.62,-1.16,2.2,1.79,10.38,-9.6,7.63,
may-13,0.04,-2.7,-0.34,0.5,-1.78,-2.15,13.27,3.46,2.58,15.74,6.69,-13.56,13.18,
jun-13,-0.36,1.03,0.03,-1.22,-5.6,0.04,12.34,0.86,0.68,4.96,5.44,-20.93,10.76,
jul-13,0.3,-0.13,0.32,0.81,-5.88,-0.16,21.69,1.13,6.59,2.04,6.68,-12.39,10.25,
ago-13,0.12,0.04,-0.95,-1.91,-6.53,0.33,9.4,8.66,0.08,2.43,2.15,-4.69,10.57,
sep-13,-0.01,0.19,-0.28,1.78,-5.4,0.53,37.9,-17.71,-2.32,0.88,6.67,-2.84,12.73,
oct-13,0.01,-0.41,-0.55,-0.42,-2.0,-0.02,16.73,-19.63,-1.62,4.62,7.01,-2.72,9.98,
nov-13,-0.09,-0.61,0.32,-0.04,-5.32,-7.99,7.89,-12.81,2.04,6.34,7.38,-2.49,8.22,
dic-13,0.08,0.59,1.41,0.97,-0.71,-4.98,5.25,0.7,-0.69,12.06,9.62,-7.11,9.75,
ene-14,-0.69,-1.4,-1.07,-1.35,0.36,-7.95,22.19,5.71,-0.92,-0.72,2.21,-8.14,0.77,
feb-14,-0.15,-0.13,-0.46,-0.24,-0.8,-1.58,7.66,-3.61,-1.65,0.2,3.88,-5.42,-1.44,
mar-14,-1.29,1.77,2.21,3.22,-0.62,11.94,11.95,-2.4,2.25,-2.98,3.53,-7.75,-3.04,
abr-14,1.49,-1.02,-2.1,1.3,3.87,6.92,2.67,-5.67,-3.57,-1.29,0.97,-7.43,-3.61,
may-14,-0.06,-1.03,0.01,-4.03,1.96,10.39,-1.57,-10.49,-0.01,-3.27,4.27,-3.97,-6.77,
jun-14,-0.34,0.68,-0.41,-6.52,3.17,2.66,13.16,-14.61,2.24,-7.56,3.91,-3.73,-6.45,
jul-14,0.25,0.03,-0.35,5.36,3.38,0.55,12.12,-18.34,0.96,-4.19,3.13,-3.48,-5.47,
ago-14,0.08,-0.96,0.29,0.83,6.5,1.96,-4.07,-15.97,-0.11,-1.75,4.88,-3.46,-4.53,
sep-14,-0.57,0.14,-0.43,-1.1,6.33,-2.43,-3.57,1.99,2.1,-1.86,5.85,-4.29,-7.65,
oct-14,-0.27,-0.86,1.14,1.28,9.15,-0.36,-1.65,5.6,-0.26,-1.43,3.48,-4.18,-5.53,
nov-14,0.23,1.54,0.11,0.69,9.04,-0.61,8.1,-3.21,-1.54,-1.72,5.05,0.6,-3.39,
dic-14,0.1,0.63,1.26,-4.03,5.53,3.11,21.83,4.46,-4.76,-6.27,4.65,-4.67,-3.42,
ene-15,0.68,-0.34,0.91,5.04,4.17,14.53,6.33,-8.64,-0.75,-1.84,1.7,2.29,0.02,
feb-15,1.32,0.66,0.17,0.28,6.31,15.36,4.14,-2.07,-0.38,-3.05,-2.42,-1.61,1.57,
mar-15,-0.81,-1.06,1.18,0.63,5.06,2.3,12.01,2.86,-5.89,2.14,0.69,-0.32,5.11,
abr-15,0.16,-0.04,-0.05,1.96,2.21,2.96,18.73,-1.65,3.27,-0.32,0.17,2.8,6.2,
may-15,-0.01,5.1,0.62,-0.57,4.07,6.62,19.47,-2.93,-0.73,1.36,1.54,4.0,8.03,
jun-15,0.87,-3.03,-0.98,0.36,4.34,12.33,-7.95,7.98,-1.18,1.08,2.29,3.04,6.65,
jul-15,-0.03,-0.47,0.18,0.75,4.38,14.14,-8.05,7.81,-2.09,-1.15,2.3,-1.5,7.24,
ago-15,-0.1,0.59,0.23,-0.11,5.38,13.65,12.84,-0.25,-1.86,-0.73,1.53,4.82,6.58,
sep-15,0.09,0.33,-0.44,-1.34,4.06,16.22,-12.56,4.17,-0.48,1.28,0.33,3.75,6.7,
oct-15,0.47,0.69,-0.03,-0.08,1.64,14.12,-1.28,2.41,-2.94,-0.92,2.09,3.81,7.92,
nov-15,-0.35,-0.1,-0.35,-0.59,-0.39,18.56,-9.5,0.09,-1.5,-1.89,1.52,-2.72,4.55,
dic-15,0.47,-1.41,-0.92,-1.31,1.28,12.17,-19.26,-12.56,-2.06,-1.98,3.53,4.89,5.49,
ene-16,-0.29,1.41,0.57,2.86,3.55,4.49,-12.09,-5.67,-2.58,-0.5,3.27,-4.4,-0.04,
feb-16,-0.13,-0.15,1.21,1.88,10.37,2.19,2.07,3.82,1.86,-0.91,8.2,-1.6,-3.2,
mar-16,-0.05,0.09,-0.08,-1.22,7.16,4.58,-11.09,-4.58,4.8,-3.42,6.39,-3.59,-4.37,
abr-16,-0.12,-0.61,0.98,0.9,6.98,4.26,-14.43,3.5,1.74,-0.37,8.91,0.72,-8.08,
may-16,0.23,0.37,-0.63,0.9,9.27,8.71,-12.43,6.11,-1.98,-0.63,5.83,1.24,-8.96,
jun-16,-0.08,-0.83,0.7,0.19,10.37,5.82,-1.6,-1.66,-4.28,1.19,5.33,2.58,-4.88,
jul-16,-0.11,0.89,0.77,-3.24,10.08,7.65,15.92,-3.73,-3.01,-0.41,6.83,6.15,-6.16,
ago-16,-0.13,0.16,-2.29,5.8,7.91,3.26,-10.94,4.34,-2.7,-1.16,3.99,-4.47,-5.5,
sep-16,0.35,0.16,2.65,0.67,8.64,4.64,28.03,5.53,-4.83,-2.41,2.47,-5.36,0.14,
oct-16,0.27,-0.85,-0.08,0.73,6.82,5.31,17.9,-0.27,5.93,-2.1,2.16,-6.55,-4.02,
nov-16,0.04,0.13,-0.85,-7.2,10.95,-0.18,-5.74,14.61,-2.86,-1.07,1.26,-4.83,-0.6,
dic-16,-0.12,0.83,1.29,6.42,17.75,7.56,1.34,2.14,-1.22,-2.6,0.01,7.88,-0.11,
ene-17,-0.21,-2.23,-1.18,2.33,8.54,6.01,3.86,7.94,0.84,-2.7,1.39,-2.48,-0.35,
feb-17,0.61,-1.2,0.28,-2.27,-0.31,9.85,-7.13,-2.88,-3.55,-1.33,-0.48,1.49,1.54,
mar-17,-0.26,1.58,0.28,1.31,3.78,7.31,-13.12,-0.2,-3.22,-2.44,1.85,2.84,0.6,
abr-17,-0.12,-1.76,-0.57,0.47,4.37,12.2,-7.34,-3.79,-7.36,-4.83,1.95,-1.43,2.58,
may-17,0.35,0.69,-0.38,-0.1,0.77,1.71,-6.99,1.93,0.18,-5.01,3.18,-4.85,3.67,
jun-17,0.06,-0.09,0.76,0.77,0.3,4.92,-2.37,3.3,2.68,-4.0,4.91,-12.73,-1.32,
jul-17,0.16,0.04,-1.02,0.11,0.77,2.84,-22.97,3.83,1.9,-3.28,2.03,-6.67,-2.99,
ago-17,0.17,-0.65,-0.68,-2.04,-0.97,6.45,2.58,-6.02,4.45,-5.34,3.21,-3.84,-3.96,
sep-17,-0.54,-0.57,1.0,0.31,-0.98,13.73,-19.52,-5.02,2.39,-5.48,6.13,-8.26,-9.98,
oct-17,-0.11,-0.66,-0.36,-4.03,2.34,5.7,-17.64,-0.38,-1.23,-3.4,5.51,1.57,-7.61,
nov-17,-0.27,-0.19,1.43,4.89,4.04,10.08,12.76,-8.56,1.46,-4.1,5.29,2.08,-9.25,
dic-17,2.11,0.35,-0.24,1.19,-3.5,1.34,6.42,-0.14,9.87,-1.9,3.83,-14.61,-10.62,
ene-18,-0.5,0.39,-0.36,0.6,-7.42,1.77,-9.44,-7.93,2.92,1.59,7.83,1.63,3.04,
feb-18,-0.01,0.08,0.07,0.51,-6.27,0.95,-4.42,-8.14,2.27,3.54,6.57,-6.82,0.98,
mar-18,0.41,-0.62,-0.74,0.42,-7.27,-1.37,5.17,-3.42,6.82,4.43,5.69,-4.96,-0.59,
abr-18,0.26,2.18,3.81,0.31,-3.22,-1.63,7.38,-6.39,9.2,5.64,2.03,-7.95,2.02,
may-18,-0.43,-0.52,-1.89,1.36,-5.89,9.34,-0.89,-7.23,4.39,4.94,5.03,-11.04,1.18,
jun-18,0.03,0.19,-0.97,-0.37,-7.11,2.21,-7.74,-7.84,7.29,2.57,4.78,8.52,1.91,
jul-18,0.28,-1.02,0.24,-0.47,-7.13,1.63,1.24,-8.29,10.78,5.01,4.82,-0.7,5.19,
ago-18,0.06,0.67,1.14,-1.83,-6.32,3.42,-8.92,-0.38,6.01,5.1,11.27,2.18,5.85,
sep-18,-0.05,-0.7,-1.47,3.23,-4.79,-8.2,-10.14,-7.32,7.75,6.64,7.96,7.72,9.0,
oct-18,-0.2,0.39,0.48,-0.89,-7.1,1.65,-10.6,-3.71,3.33,3.81,7.37,-1.89,9.77,
nov-18,0.09,-0.84,-1.39,0.2,-11.42,-1.81,-21.54,-8.06,9.66,2.27,11.18,-2.94,8.5,
dic-18,-0.28,0.01,0.47,1.43,-14.23,5.27,-16.76,-6.66,4.33,-0.99,4.19,0.32,7.89,
ene-19,0.84,0.75,1.39,-5.25,-1.24,6.11,0.23,-2.48,6.08,-4.91,6.19,-3.7,0.24,-9.28
feb-19,-0.27,2.09,-0.43,3.09,0.44,-1.86,-6.19,1.41,7.44,-9.18,8.67,-10.18,2.28,-2.31
mar-19,0.12,-1.2,-0.42,-1.67,1.13,3.48,-5.73,0.3,2.41,-9.1,6.62,-11.34,2.47,-16.25
abr-19,0.49,0.48,-1.1,0.22,-3.62,-2.31,-11.23,4.84,3.04,-13.36,10.84,-8.28,-0.82,-19.17
may-19,0.33,2.62,1.55,-1.24,-0.05,-9.59,-5.65,-2.93,5.62,-11.6,5.61,-5.17,0.61,7.4
jun-19,-0.43,-0.19,-0.67,-0.29,-1.3,-3.28,1.06,-4.76,1.68,-12.79,3.35,-13.85,2.67,15.11
jul-19,0.12,0.1,1.57,2.52,-2.59,3.47,-1.79,-0.57,-0.58,-11.35,5.82,-14.36,0.63,33.05
ago-19,-0.58,0.29,0.12,1.08,0.51,2.83,-5.76,-5.66,1.83,-12.45,-3.45,-10.72,0.7,13.96
sep-19,0.92,1.01,0.4,-0.76,-1.67,5.47,4.48,-0.84,2.64,-12.27,3.26,-13.35,-0.49,30.72
oct-19,0.74,1.51,0.58,0.8,-1.8,2.49,-3.79,-7.61,4.23,-12.48,2.53,-16.35,1.23,40.46
nov-19,0.52,0.83,-0.24,0.87,-2.88,0.45,9.35,-2.45,4.49,-10.51,-1.39,-12.58,2.95,52.48
dic-19,-0.04,-0.28,0.42,-0.4,-0.03,-3.28,5.19,-4.49,-1.18,-8.86,8.76,-13.49,5.15,58.73
ene-20,-1.16,-1.89,-3.43,-4.73,-1.46,-3.87,-3.76,-4.22,1.58,-10.14,1.6,-13.16,0.2,-8.58
feb-20,-0.15,-1.93,-2.8,-4.27,-4.64,-0.8,3.84,-8.15,0.9,-7.7,1.35,-5.65,-2.46,-17.33
mar-20,-0.78,-2.72,-3.16,-3.36,-6.66,10.81,4.62,-11.39,-1.04,-10.41,-10.51,-28.03,-27.09,19.78
abr-20,-2.94,-7.6,-19.38,-18.5,-22.7,-2.9,-15.27,-10.18,-13.11,-14.62,-36.9,-72.4,-61.47,-3.79
may-20,-1.02,-3.23,-3.23,-0.68,-33.14,1.35,-12.65,-22.62,-15.4,-19.4,-29.1,-77.31,-63.16,-12.75
jun-20,-0.91,0.64,0.14,4.31,-27.98,-1.89,-18.26,-17.28,-15.27,-16.42,-16.19,-76.8,-62.14,-15.87
jul-20,-0.54,1.73,6.9,5.44,-25.43,-5.72,-9.98,-15.16,-13.19,-19.27,-8.01,-66.98,-54.8,-18.07
ago-20,-1.11,-0.87,4.33,5.67,-24.94,-7.4,4.17,-7.01,-11.78,-14.73,-1.59,-54.04,-49.95,-10.57
sep-20,1.36,2.13,6.78,1.58,-18.22,-0.43,-2.95,-13.17,-8.59,-18.8,-0.29,-51.82,-38.9,-5.75
oct-20,-0.26,1.66,-0.43,-0.32,-15.82,-4.77,4.08,-9.04,-9.99,-17.94,3.76,-45.85,-39.8,-16.73
nov-20,-0.2,1.75,3.25,0.79,-10.38,0.56,6.87,-13.22,-11.64,-18.17,7.34,-47.75,-34.48,-7.98
dic-20,-0.13,-0.77,1.93,2.48,-10.17,12.76,3.03,-10.09,-6.16,-14.13,5.19,-44.67,-36.81,-14.92
ene-21,0.19,-2.47,-5.46,-5.1,-10.04,-4.23,15.06,-9.52,-8.17,-23.91,5.55,-47.69,-34.68,-19.86
feb-21,-0.2,-2.14,2.41,-3.0,-10.12,8.02,15.07,-6.15,-7.86,-20.73,2.97,-47.95,-31.57,3.21
mar-21,0.39,2.58,1.16,4.3,-6.38,-14.82,8.82,-4.22,3.06,-17.56,12.79,-23.43,-0.24,-9.44
abr-21,-0.48,-2.89,-0.13,0.25,15.38,4.83,38.88,-7.36,9.94,-7.62,58.22,110.55,99.38,-20.65
may-21,-0.45,-0.09,0.13,-0.76,33.68,1.35,35.98,10.96,8.71,-3.53,45.52,173.47,114.2,-23.3
jun-21,0.04,2.2,2.76,1.38,28.22,7.07,40.67,9.53,8.18,-5.38,26.58,170.72,125.85,-6.49
jul-21,-6.05,-5.93,-1.68,-0.66,25.62,4.01,30.25,4.85,-12.03,-6.6,17.42,102.11,87.22,-12.95
ago-21,-3.6,-9.35,-3.65,-0.64,21.81,2.99,25.06,-2.47,-30.82,-7.1,18.25,43.02,69.04,-20.74
sep-21,-2.15,-0.65,0.71,-1.54,14.67,1.86,30.61,5.88,-39.59,-2.71,9.26,46.75,42.5,-38.33
oct-21,-2.25,-1.51,0.85,2.61,14.21,5.33,27.57,-4.35,-40.98,0.17,-0.05,41.42,43.45,-15.34
nov-21,-0.07,-2.24,-0.13,-2.75,10.64,11.75,6.12,-2.18,-39.87,0.33,-5.7,43.49,31.91,-25.53
dic-21,-0.57,0.49,-2.86,-0.4,9.93,-8.31,11.39,3.69,-40.1,-3.04,-9.35,34.45,36.8,-44.31
ene-22,-1.62,2.03,3.37,3.19,7.96,27.69,5.13,-14.58,-48.24,15.39,-8.66,47.27,36.54,7.78
feb-22,0.22,2.43,0.4,2.41,12.29,15.11,1.41,-10.24,-47.03,13.39,-9.96,59.37,40.58,-20.42
mar-22,0.53,0.76,3.83,4.13,12.34,29.39,10.7,-4.59,-50.29,10.13,-4.56,58.2,42.81,-25.11
abr-22,-0.9,0.75,-1.11,-0.48,7.88,25.03,8.44,-3.19,-47.4,6.97,-4.83,30.08,30.18,-0.58
may-22,-0.22,1.58,-0.16,0.66,6.83,26.82,8.79,-2.65,-44.79,9.42,-4.54,26.73,23.22,-1.57
jun-22,0.23,-1.73,0.26,0.23,7.37,21.07,13.3,-6.71,-45.06,11.12,-8.3,24.36,12.49,-13.37
jul-22,0.07,0.6,2.27,-0.33,8.0,21.21,13.39,-3.25,-34.32,17.34,-10.73,37.25,17.08,-17.09
ago-22,-0.54,0.24,0.15,0.07,13.87,27.32,10.03,-2.34,-18.1,12.78,-13.97,24.08,16.4,-11.79
sep-22,0.01,-0.19,-0.21,1.11,4.9,20.92,5.97,-6.18,-11.41,12.62,-14.56,20.47,14.02,12.34
oct-22,0.23,0.71,2.24,1.04,3.41,29.26,11.46,8.73,-6.94,7.71,-6.91,18.99,16.18,-17.16
nov-22,-0.59,0.9,-1.1,-0.85,0.8,16.55,26.61,15.6,-8.28,6.35,-1.52,15.71,13.19,-17.8
dic-22,0.58,1.99,1.12,3.24,3.55,29.8,30.55,3.91,-8.65,6.53,1.92,23.69,11.56,13.05
ene-23,-1.07,0.03,-0.79,-3.4,1.56,8.7,21.8,19.37,8.85,8.56,1.4,26.56,6.22,-1.47
feb-23,0.0,-0.31,1.27,0.69,2.51,11.67,22.47,14.19,6.38,5.27,5.16,7.37,0.77,17.44
mar-23,0.03,0.31,0.11,-0.16,-0.76,9.7,17.63,9.52,2.49,11.6,5.69,4.09,-8.07,13.26
abr-23,0.28,0.98,-0.53,-0.03,0.65,9.49,18.55,4.43,5.39,9.73,3.6,16.05,-3.59,2.16
may-23,0.58,0.57,0.93,1.2,2.92,8.74,19.17,8.85,3.41,7.84,-0.79,16.83,1.58,5.26
jun-23,-0.43,1.27,-0.13,0.03,-0.67,8.34,14.22,14.54,7.73,6.24,4.67,18.88,1.7,-6.68
jul-23,0.85,0.48,0.64,-0.44,-4.17,10.8,10.42,7.29,8.8,3.82,2.92,6.8,-0.4,6.74
ago-23,0.26,0.37,0.15,0.34,-7.2,8.23,7.05,14.1,10.15,6.51,3.54,7.62,-0.62,7.49
sep-23,0.02,0.62,1.31,1.71,-1.86,8.89,12.17,11.67,14.26,4.1,8.08,7.68,0.74,2.11
oct-23,-0.22,0.19,-1.56,-2.94,-3.2,2.66,9.07,4.46,13.01,6.59,4.98,6.8,-5.29,0.09
nov-23,-0.0,1.14,0.96,0.59,-0.78,4.57,5.64,-0.07,12.82,12.5,0.23,7.41,-1.55,9.99
dic-23,0.51,2.81,1.02,1.04,-2.03,1.63,3.74,3.59,9.25,17.12,2.55,8.19,-0.04,2.89
ene-24,0.79,0.76,0.33,-0.06,1.67,4.88,8.8,29.17,-0.82,5.85,4.04,5.38,2.14,5.98
feb-24,-0.33,1.9,0.64,2.88,-3.07,4.19,11.24,25.43,0.65,6.87,3.93,35.36,1.83,-1.16
mar-24,-0.01,-0.19,0.21,-1.31,-0.23,4.91,11.11,23.29,0.91,0.73,2.3,13.01,0.87,3.86
abr-24,0.04,-0.57,0.37,-0.55,5.11,2.02,11.55,30.49,-0.75,5.14,2.65,16.86,0.76,3.87
may-24,-0.12,1.45,-0.28,0.4,0.79,1.47,9.98,24.95,-0.71,6.34,7.02,11.56,-4.45,4.28
jun-24,-0.08,0.03,0.63,-0.81,4.36,3.78,7.97,18.26,-1.71,7.58,1.62,8.87,-3.26,13.68
jul-24,-0.11,-0.48,-0.56,0.49,6.34,4.34,11.73,17.09,-2.1,7.61,2.02,2.33,-5.09,7.38
ago-24,0.18,0.7,0.97,0.74,5.95,3.11,14.42,11.03,-2.57,4.38,3.94,11.11,-4.11,7.5
sep-24,-0.0,1.13,0.2,0.53,5.7,1.55,11.1,16.48,-2.17,6.68,0.93,9.75,-4.96,1.12
oct-24,0.02,0.74,0.63,0.85,8.53,2.65,9.06,16.05,-2.95,7.13,2.76,8.52,-2.52,25.93
nov-24,0.34,1.42,-0.32,0.17,9.84,2.74,10.96,14.53,-3.47,1.45,7.49,11.87,-4.42,-0.25
dic-24,0.18,-1.47,0.21,-3.48,7.68,5.82,10.17,11.08,-1.88,-1.26,4.41,3.16,-4.82,-1.11
ene-25,0.27,1.35,1.94,5.62,7.14,5.73,9.88,2.07,11.09,1.17,5.3,4.86,-3.76,1.29
feb-25,0.16,0.06,0.23,0.83,8.59,3.56,7.26,5.81,10.55,3.46,3.78,-6.83,-3.41,-3.6
mar-25,0.05,-0.36,-1.16,-1.0,6.25,1.29,4.5,-1.36,14.51,5.8,2.76,-0.96,-3.58,1.37
abr-25,0.0,1.7,1.08,1.38,2.64,4.58,4.72,0.74,15.23,5.0,5.96,3.44,-3.72,7.94
may-25,-0.12,-0.49,0.03,-0.96,5.04,7.55,3.55,-1.28,13.57,1.63,4.8,5.59,-3.53,3.98
jun-25,0.28,0.13,-0.85,0.24,1.18,4.94,7.26,-0.25,11.52,3.97,8.51,-0.01,-6.54,3.24
jul-25,-0.68,0.77,0.1,0.61,2.21,2.89,3.56,7.39,12.43,0.96,10.56,5.9,-4.94,-4.14
ago-25,-0.21,0.23,-0.4,0.11,-1.42,2.49,5.33,0.59,10.71,2.75,6.56,6.0,-4.03,-7.05
sep-25,0.05,-0.13,0.0,-0.54,0.55,7.29,1.97,2.52,7.38,3.22,7.65,8.84,-6.92,-5.88
oct-25,-0.12,0.59,0.18,-0.3,-2.25,5.08,5.64,1.57,7.39,3.11,6.28,3.91,-5.86,-13.4
nov-25,-0.14,-0.27,0.65,2.31,-4.84,5.48,5.22,-0.36,8.85,4.11,4.93,5.14,-5.42,9.76
dic-25,-0.24,-0.18,-0.86,-4.85,-3.2,2.48,3.17,0.02,7.9,-0.16,4.58,12.0,-6.69,13.85
ene-26,-0.13,0.34,0.17,2.98,-5.01,3.02,2.05,-5.85,2.01,5.3,3.04,-9.22,-7.28,16.37
feb-26,-0.29,-0.6,-1.8,-2.0,-5.16,2.11,2.23,-7.81,-2.1,0.8,4.61,-18.74,-7.6,-2.01
